label,x0,y0,z0,x1,y1,z1,x2,y2,z2,x3,y3,z3,x4,y4,z4,x5,y5,z5,x6,y6,z6,x7,y7,z7,x8,y8,z8,x9,y9,z9,x10,y10,z10,x11,y11,z11,x12,y12,z12,x13,y13,z13,x14,y14,z14,x15,y15,z15,x16,y16,z16,x17,y17,z17,x18,y18,z18,x19,y19,z19,x20,y20,z20,timestamp
أ,0.24303595330611671,0.7824927903543836,-0.11868912729553682,0.36693532677204643,0.019726065557147066,0.47896433827997587,0.9068584097653737,0.2163582471595611,-0.20234748548088088,0.8921558212474627,0.9640911353788033,-0.3284194354743487,0.014283351096158303,0.20441370794646851,0.1370569522511741,0.8664647746031229,0.069836401606018,-0.28108909597107334,0.7742643194367483,0.9344144826258036,0.41029398282148666,0.2623286066527689,0.9659790281212036,0.3850674222815106,0.9214861937226542,0.4869461098107738,-0.2529682157101568,0.2022896677074857,0.8272246333231246,0.1442369850949604,0.7084915702006427,0.1677536479396048,-0.23270459561676027,0.6079178255326206,0.32091480589830057,-0.42018546244527477,0.19256635102519615,0.3477673011508622,-0.1853229055007336,0.825958131888178,0.6338918132835546,0.3602212648275761,0.2595247746629994,0.8353499527856818,-0.33411442694898175,0.9924368322566371,0.16593727363161848,-0.2627863371530029,0.15411022556812204,0.3804063368796693,0.25393714306285275,0.48964311754514056,0.28254169300993237,-0.2344257812898417,0.9164666839707096,0.8010397697502923,-0.2836757641410582,0.4342465056427347,0.9403108617066299,0.04833627958653419,0.8583368971289806,0.7390606567383992,0.43188525594087246,2025-12-13 12:58:54
أ,0.6255037212498724,0.7113879706052184,-0.0012963284241021,0.45749206650566154,0.9711367972976671,-0.408799372459249,0.5562909388455175,0.8241697374307262,-0.3641075217577181,0.896838259156681,0.8118091153630252,0.33269664825151,0.8333016490472526,0.8684028511892591,0.31421386144072294,0.4871854142593566,0.5435673740269144,-0.03574173978159201,0.7575422144109617,0.0986788440982237,-0.24550070036803928,0.3003589884856812,0.48850553816623343,0.37327033218607153,0.044011048624533644,0.7456378306694351,-0.46437594687055594,0.6159095349690713,0.018527623659063575,-0.3815783402454389,0.49750994795182146,0.6418716407463877,-0.11471266341393527,0.946628513776901,0.0977873611934873,-0.18349538549224176,0.7013517429178902,0.5757354975294083,-0.21184718255716228,0.8135778937819456,0.6689157606957041,-0.13479682571690021,0.300053875676792,0.02430325439190484,0.016757684231752612,0.2572408382832344,0.2911880321795073,0.29955368153975825,0.5888943307524315,0.1380633945250359,0.1756183474442965,0.5673621985886081,0.01761934058885284,-0.4042661953304464,0.37776704897248325,0.004035975971162897,-0.4314141754655477,0.33548110534453934,0.26207363735437705,-0.1784251402788214,0.5767221505973216,0.6929234805777443,-0.42676189095755646,2025-12-13 12:58:54
أ,0.5849847584696531,0.2093142510498207,-0.32654754219357895,0.7657890232689094,0.5749610319214766,0.01793873599634843,0.8688644108076872,0.6750795078901429,-0.3368564289283853,0.6983996748783542,0.9037653504837976,0.22958001025286556,0.7191510048584806,0.4801409171876526,0.405391141739325,0.8887311832873532,0.522190400440157,-0.06555787479741126,0.863375378430722,0.4144902434445672,0.03256130882747432,0.3652977613549372,0.09888661821180533,0.2561807164256096,0.9135814598738565,0.5682959423872959,0.1839107845974186,0.07482085463259425,0.9116009790277337,0.2619656157798357,0.8793764403203012,0.9114241785922257,-0.040239851026355855,0.4914853165667702,0.39367337170677663,0.3463373530609116,0.4097031937594673,0.26687098919241703,-0.37675894050326453,0.41461972793309143,0.8159703396277352,-0.4046506760002112,0.42302862916127615,0.011828039030839732,0.08947417923908563,0.2016630840977255,0.2292353790403312,-0.1836436155098743,0.835699888841205,0.834558237138717,-0.28749179411953507,0.16822075099937495,0.6334148962112764,-0.2032772558815702,0.16887352054279392,0.5365621333163043,0.42279195560238336,0.7531624368831761,0.07357232348658493,-0.05134190936052352,0.94400257897166,0.2131194810302438,-0.4546512196560416,2025-12-13 12:58:54
أ,0.11202836285529716,0.630709430278804,-0.4473455807702069,0.6826149398624191,0.25396456759195185,-0.24499458215340997,0.755188366085062,0.33036315375178904,-0.3240263596720987,0.7758850547340022,0.7614146432097147,-0.16178559734526443,0.7838025573404459,0.46479084160604744,0.06993878899162609,0.49316244798302455,0.8348063849835736,-0.34390963991738677,0.9176309864619284,0.31473228081423743,0.21247062611597822,0.7227186640923896,0.1965385890928959,0.47774650210295133,0.05966122522237871,0.47816731419760206,-0.07136723439761594,0.06547150063969409,0.05239196718987815,0.24485809151553184,0.8740875975042365,0.8895017121143459,-0.08065450712645561,0.9077344808192039,0.3686448125190248,0.017434630572872756,0.5822791727935204,0.039924267719700146,0.389558745765305,0.7795081627164573,0.024000493450580196,0.06651889986682857,0.1643190182263654,0.33848880727411357,-0.38497468155557946,0.16853181232819903,0.38212479568143287,0.4695692818904663,0.5767745192227369,0.2744262903330513,0.24706523624134924,0.06534854026881531,0.7678501606444184,-0.3052895878215204,0.8575181669334587,0.9320267383973123,0.28898594020785673,0.24578467762534117,0.17823766250663986,-0.25066993631112966,0.5173358949405747,0.6343045306457451,0.04859126365958821,2025-12-13 12:58:54
أ,0.6045052697560931,0.8702352493890801,0.07938930356141294,0.9027294480600182,0.051510531449299846,-0.11794146814818474,0.7017291053065291,0.6224613661073652,-0.018623991385323335,0.057602174404890794,0.2367221961526712,-0.1070956904319319,0.9250196355524497,0.6672042848233862,-0.21813842078734968,0.4391836359570901,0.40039915965701967,-0.27722110703438174,0.863621370872057,0.5155984338653654,0.23230731187007203,0.20267260276955856,0.23626392436557098,-0.47304154756884687,0.07012018628933869,0.8040229202847571,-0.023423667822784155,0.13942212843367796,0.8040867106019614,-0.1910490821436418,0.6271414019380341,0.3763748392308486,-0.16242811027066806,0.6338076976740584,0.025066225738918035,0.0081177872999868,0.8504529268019935,0.03508590411755097,0.042369427894861755,0.15753353993175112,0.7437796570027096,-0.46484549561870336,0.7304670516369609,0.9165045275252824,0.1878315127049579,0.1733016866163929,0.18806784010747946,0.4075436442619592,0.3746321512651978,0.5509620472920252,-0.17946027988250313,0.15913865649414527,0.9146594164933993,-0.24782306288996037,0.4173513350859923,0.9863395594098315,-0.06947574609537521,0.8448558930750312,0.1842272205944243,0.09775921135176946,0.7320734147762918,0.36751394574946594,-0.27142739397094107,2025-12-13 12:58:54
أ,0.598222343375091,0.4756110676336468,0.269035290921271,0.11999953225898541,0.08080155158650071,0.24572325547779683,0.2681153013517006,0.8581701991315612,0.0035842656167243137,0.35243992057926987,0.2339416478989358,-0.02401378713139002,0.8524453048132327,0.466198520668628,-0.1450099921857504,0.8071936524148177,0.6758947292353642,0.33452748171550195,0.8312236331344339,0.6038566790476498,-0.09232042524760808,0.5226463359487644,0.0845846816951219,-0.15440902508136078,0.16439505252504139,0.3029935758141288,0.17491744928808683,0.5329545743157555,0.4608132433872473,0.15860507930990542,0.4279720664664095,0.004959300997950833,-0.3827918207155615,0.4423824495182652,0.8747239871782643,-0.15181043653388349,0.23339194109770078,0.45800906497927674,0.0673921249532572,0.7888051426564396,0.4782350176111335,0.2962140397190144,0.021308440893478053,0.0698643209482892,0.06928391187602456,0.350036459082659,0.9938608514807913,-0.059334336567634316,0.193423174341793,0.9328015423248196,-0.29543192890051917,0.4926162910410409,0.6246152842157727,0.030987993436410788,0.8395934701228539,0.6246684301158884,-0.43145565590246904,0.3149884038538484,0.09389605783029475,-0.08957424351022569,0.34445666755013393,0.005002502495332739,-0.21375078287029103,2025-12-13 12:58:54
أ,0.819207358892939,0.5720780521804949,0.42350113032820913,0.3315515510259477,0.8356563908713927,-0.30939554888711485,0.6981466250141838,0.9196878428830855,-0.12098833557261601,0.7195166531460558,0.3707904583775651,-0.31890267973288666,0.2819189469291138,0.9429788854143938,-0.14503693891054947,0.25193307494680184,0.8471731264515323,-0.2918579175573579,0.8388865973992338,0.29998896924459895,-0.05139095051024822,0.517435599650526,0.4149337936880072,0.27488495101709776,0.9735214326167916,0.7983819358875036,0.030912877303948982,0.815835433215553,0.26972385860254255,0.3935632491595279,0.09934736697129065,0.7174501326242748,-0.23436938399698992,0.32682583111084273,0.6420688737486068,0.29167460380184773,0.07490127870337315,0.47922207083290025,-0.0769637131744616,0.19622623133998207,0.9638955062809393,-0.1530650150796643,0.6509439855306262,0.15960562589901384,-0.30034411511171566,0.04884041172657916,0.3895033690286577,0.2638325652331164,0.5135208491545755,0.9062333694723244,0.1534224194834679,0.06899763639021173,0.4112928636210844,0.28250590775043727,0.40946659080043624,0.5809256267209449,-0.13485355034753532,0.7519614635801064,0.23715746874294807,0.2973363797022187,0.528739541828272,0.7570410971807683,-0.2419621674511856,2025-12-13 12:58:54
أ,0.21158626262504265,0.9645832440599116,-0.303830093362781,0.7927641968285593,0.49986433549562104,0.23413216260312797,0.13912184559792373,0.7770383729856307,0.26020102364228936,0.700535340713085,0.18751767883771808,-0.12688715526420347,0.4033105943040123,0.7853896268304205,0.2986325738511877,0.1947877973318527,0.22178754896874087,-0.027261535068386356,0.9201890312124779,0.17868234320011533,0.12684036317719594,0.45973163518278704,0.6484079979491181,0.03810877330257789,0.8063988559355715,0.16732094722432733,0.14104862226004322,0.6287534603505918,0.9993775757505983,0.07930959794468073,0.375867192428883,0.5951682060813757,-0.035507442829400326,0.38865935321892775,0.6086847797045147,0.4984739420814934,0.4292027714849038,0.4696207364474071,0.47866468190867995,0.219680367167008,0.7086548579600181,0.1853104436670352,0.05536872667477566,0.41956196498571807,0.38853108237904477,0.5918861558391886,0.3472312499210809,0.26083663416164105,0.08496595553939568,0.7287459099654614,0.37951000028242865,0.7540955679398286,0.6601818690910067,-0.24865881245408394,0.7572461157452273,0.9385767199624608,-0.2992351829464921,0.6991201961645866,0.5966837783871405,0.0029850754396723023,0.5627305704998601,0.16065139643325999,0.42138790696213824,2025-12-13 12:58:54
أ,0.5306061935866573,0.9139632807016643,0.22268662214055512,0.2510164668913385,0.37196763081833895,-0.1303933619669434,0.5745528740851059,0.5109961807803463,0.21736533683112247,0.4582522698789123,0.12898668906110689,0.044425718924116175,0.28101605407094365,0.0902856546929155,0.12860360048661923,0.14045394162668656,0.44056137277853513,-0.3061393379619636,0.931910176183938,0.8426605835757465,-0.3141747877733505,0.44674551386141115,0.17586068831133417,0.4497464823362366,0.8028100704901514,0.33311258125860044,0.32966213666551314,0.9129539560814056,0.2688666512519621,-0.19407434548755875,0.44016697321888076,0.1538481962539474,0.4359917919461165,0.02289382982448196,0.4582268895455809,0.46568476858641605,0.5914561700628113,0.5426534465732041,-0.0640873029962864,0.908106139069999,0.8536850902702355,0.14090806383121823,0.7342477894982372,0.637786791058671,0.02780139881690824,0.17565572106161675,0.032393846949431704,-0.43492738409759346,0.17919110807850802,0.7911543012872444,-0.10272977617841683,0.05009483796168679,0.35014752181698094,0.45824252006277366,0.8790288297886292,0.8418637700285325,0.17554181570344662,0.11566293586951581,0.6739789911074332,-0.3247101639821711,0.9425756621434854,0.3261433621254525,0.09336672785859568,2025-12-13 12:58:54
أ,0.9952251996419669,0.2948594611769403,-0.0413304969566477,0.7858568837574834,0.8582034022753547,-0.149567474380931,0.6827561308406139,0.28505678369296295,-0.19136004145283725,0.2901734622441904,0.05667211845097653,-0.13020520201974717,0.8003395278239852,0.4506920353155396,-0.22242125895892284,0.7729858617459631,0.4132660446396217,0.06086431143683424,0.10889980746076178,0.3582918524694766,0.2555040800484675,0.42329127389367804,0.5419590030740827,-0.1274119768179205,0.7284904779047451,0.22761690829608516,0.13147470238188863,0.01255283070931612,0.07914386106931326,-0.18212940769184882,0.39429956733065097,0.769665693747741,-0.3414791460569824,0.3085957993964775,0.8297169384435259,0.4632858497918204,0.6149460214709128,0.5769764185050179,0.002522984724132149,0.3663155097378181,0.645838954633335,-0.2517902442743082,0.11051826928837227,0.743729561372825,0.48322291650789573,0.07006554878654991,0.1663185328600515,0.20446040775752783,0.3145545418143618,0.6152807574391476,-0.2223032480647671,0.09866539171295596,0.5835179842563583,0.4525583901434178,0.3901296541616285,0.4137029949743364,0.2699957063153714,0.9732006720967582,0.016134990082631084,-0.3309897625997641,0.6867843122578533,0.471942088912643,-0.3869836205613104,2025-12-13 12:58:54
ب,0.5156364532612745,0.6028570912971725,-0.2633907001168012,0.15080917868341526,0.8116369380828661,-0.4127576203200517,0.4462497491241495,0.9875433950583793,0.44975410914074754,0.19763535650194153,0.9119089084855356,-0.13052155575432234,0.2173611614479779,0.5068989963327254,-0.027795851579555775,0.5493319035702903,0.6286954623899593,0.4141299240682875,0.528589669787826,0.7710620568926286,0.48137991690011683,0.32465747217880037,0.8477997965717932,0.016208508842010527,0.9822967849027681,0.3626862162413391,-0.07688209369684451,0.7537245737911523,0.8655685106890275,0.47435622541467737,0.034304880744774446,0.2939188177872675,-0.3932830500495631,0.5115069126088423,0.4586411972386719,0.37528535062277457,0.45267572212230256,0.33049490982967844,0.15526927354921538,0.39587654064270317,0.049711809644881644,0.09222702280791317,0.24387387905610702,0.3312747495089736,0.4726382379191054,0.6208590393254816,0.1675000502714532,0.4838475044380579,0.20769885637076568,0.47442377965013416,-0.4818580607398213,0.6349378819192218,0.6250127579764032,-0.3196794347837113,0.765737728276825,0.9265184614478549,-0.2170725655968817,0.4667477050862434,0.7750131925552222,-0.07912881311186826,0.0680566121205255,0.6128438295950925,0.1630045347940865,2025-12-13 12:58:54
ب,0.9807371409122388,0.8666564760059412,-0.3183880979527569,0.7844399894541884,0.7200980874640136,0.42455515490938067,0.9340520620466797,0.9316296655914664,-0.46593963928246485,0.3805907411823145,0.8565757599419468,-0.1883525359942586,0.033199407548301973,0.0943695457255449,0.019051163548060246,0.9853522140871279,0.42231450189579833,0.2723736126434011,0.7119997769726513,0.17738011525694664,0.39606859670060557,0.6093949015848407,0.9797556534888733,0.2109195496668469,0.05405456348828974,0.5480806382579388,0.4539291161076182,0.6555606693944117,0.8294998338696031,-0.49070749768113253,0.9867340390025133,0.865065382480194,-0.393966206014692,0.2604055455812073,0.20609227618621173,0.3591320385665797,0.5828093159551582,0.49025722639818725,0.17583675970283452,0.9218011706809244,0.8398175592775519,-0.12393672340230077,0.3721441004615347,0.3023036462025729,0.2326637694709759,0.22274658962676352,0.8419158734364179,-0.18098385428377395,0.18001461354839077,0.015727677535052442,0.408787994631189,0.45259414677488075,0.1890555341391088,0.35658604979941366,0.5307390474635941,0.6388483216843492,0.45824166770911456,0.8212953961083288,0.6995209819346642,0.4986487622246354,0.02368954540809809,0.3559118209045512,0.2607233292251768,2025-12-13 12:58:54
ب,0.2757038088289393,0.006167664078945312,0.05527974814581793,0.33030166198210686,0.6818758625945746,0.13025506681793275,0.24874766711754792,0.06125931157057596,-0.0026324105762065564,0.8750838097846251,0.8390877896124171,0.020560479548733412,0.10348836816024087,0.20185630268296328,-0.33410623026690756,0.40466113679130067,0.949494180797278,0.20149938654596955,0.229250599114887,0.30791752371875913,0.47297233544189676,0.5205299253273029,0.6786651586217515,-0.1399746402727743,0.7445351456576553,0.6224298092611298,0.22044069953346546,0.5492763237228826,0.6693630025994595,0.18626874710782226,0.42968328529777144,0.9183378663660109,-0.1956304771599282,0.162118365908694,0.3248021559977011,0.4176920200240585,0.14986683619635088,0.8676006115438684,0.3945739212963687,0.3236113577359808,0.3723968158563581,-0.1704397418745277,0.22493621097090621,0.20585339683962833,-0.49067959994507804,0.5189684408680315,0.5734896512399743,0.1634969816264119,0.9191004091738781,0.19114457513112781,-0.2152376148821622,0.13500975971934503,0.8102611564192406,-0.15212822742398036,0.6456085301069366,0.885321738670679,-0.2166562369373638,0.8505894937157047,0.7544649019488019,-0.49122800291797886,0.8098250455577326,0.33049630011639397,0.3689438651414072,2025-12-13 12:58:54
ب,0.23206520966883037,0.07559210187075949,0.08340161248512079,0.09243027859010344,0.94127278689123,-0.3148861944750545,0.3082781943826537,0.10669520851285619,0.4674707280484959,0.7377201498656023,0.33554022774015135,0.21700915519987962,0.9804722816699212,0.628746421595791,-0.3505659004699119,0.5447800968450139,0.28950643216897265,-0.43994017992156864,0.4924644563443774,0.45202075106507955,-0.3718733126969179,0.3315834699458038,0.6169629793659114,-0.27610518576362064,0.9950069985935374,0.7779967506281223,-0.006946779348547927,0.9033776048694834,0.4567958331794306,-0.11930336690082943,0.6322024105289538,0.5742443237781476,-0.11299286300822753,0.47411839438765335,0.7031087248527947,0.13514233061636127,0.6367851155080912,0.9526000912595709,0.005144898739061987,0.21524517347770944,0.24724346810481423,0.05273467899671669,0.2892250007480457,0.12941194562668912,-0.26101596168573005,0.5189406882519184,0.9056799442779443,0.10306947094236452,0.6178251355068577,0.9773998290741434,-0.3678120458585741,0.26050073810355134,0.41539479299357396,-0.29703220756324833,0.5249759877663578,0.21172001787230843,-0.31328736456932826,0.5816446276233171,0.6286524909246339,-0.3596298187323651,0.16418453513442322,0.27380722224827625,0.4482383017792686,2025-12-13 12:58:54
ب,0.9206619429675206,0.9283498408063928,-0.3410802539059914,0.3186447619938231,0.2789804303026747,-0.26873904044856733,0.8754768635759809,0.6214862788768699,0.24751822665635215,0.27291737992275056,0.8433225354410329,-0.3384122395937902,0.11281678214320467,0.5535073771102864,-0.008352251203455618,0.24366398635352404,0.6298335104334679,-0.025214300450442262,0.5908256691938488,0.8736480779741865,-0.48551564242128264,0.1498826477530234,0.03606437167704013,-0.10464746132601788,0.5725164209932778,0.5766602700072766,-0.4042253579139532,0.7057785930690228,0.23593003295872728,0.4814069709824541,0.4129820951285793,0.46996859461811025,0.17614323656392294,0.7442023755608461,0.7905080493776073,-0.00718221707640565,0.7304081984706554,0.329908800850494,-0.20093664425813207,0.023838295888716887,0.4289535809554631,0.2788190955097496,0.20364110571493,0.6479082731392846,-0.19086549182531143,0.17056654715251107,0.8117699147942486,-0.17648533740982453,0.5714141904890343,0.8750032041420127,0.0834995887296317,0.7785462528650149,0.7235936468139929,0.18898514188834536,0.5334764957778328,0.4970109969362715,0.27261817746633255,0.2391271464786131,0.4149541986460087,0.31777267336665616,0.43052488219531493,0.05901119648680986,-0.27739709244734734,2025-12-13 12:58:54
ب,0.9515155406986149,0.8935512662055516,-0.4868693577858424,0.3611647645943108,0.6075408172292899,-0.35832075667842966,0.03877225942503926,0.6602826080566143,-0.2192244849885583,0.8411068674003158,0.38298118020657357,0.3373823563347511,0.4032275468828873,0.9503757855576291,-0.11461955432766813,0.13604323826804443,0.797717108365262,0.49984481135841174,0.7670596806279747,0.35485674479345675,-0.009531786645914808,0.10749200512908408,0.5431203567432639,-0.3629872119194153,0.265169453604288,0.1291769084436455,0.49979222088376907,0.9054476132200943,0.8920262087991038,0.3257514183412833,0.42390000013206,0.03788915575889196,-0.236288229041275,0.2768977305823377,0.7587853890496776,0.36042735631300715,0.7555781918682798,0.18974364541992783,-0.11036349038661597,0.12008752055808258,0.0009878481234574243,-0.30333733639101634,0.13290143090173934,0.043227433860941855,0.36174157915879,0.5043093313633242,0.68637716210801,0.4163438010325621,0.006057776894915823,0.12704653053732184,-0.12001562815851097,0.24296868704404917,0.7712709209014104,0.03287421514594102,0.5435317116458539,0.06873579510872863,0.01621519933990323,0.4526373998422675,0.1956433815112424,0.07816373603156723,0.34559501617183075,0.3032054632528072,-0.3134681040016546,2025-12-13 12:58:54
ب,0.33575137528044907,0.2769563057546942,0.49226107747530723,0.020510493433217758,0.8785140220800652,-0.35481933321274006,0.7697828833225009,0.3530508156705271,0.13230648883883844,0.6840634646456448,0.02653624837497548,-0.05521858701695703,0.7254186877454163,0.636541229918072,0.20451644077086795,0.9628003598428178,0.8881684494620662,0.36923589444181526,0.2050168597884835,0.28257214236423467,-0.20549986434745227,0.40743240994649566,0.819684525977624,0.20882516368534687,0.8846832737396009,0.4637014857479326,-0.2264696838985314,0.5364870836251369,0.3337716418312031,0.33563921151458187,0.12574863057772434,0.5010539786751713,0.21435939041050678,0.40416883725303243,0.9451123048969783,0.1996068225942096,0.9183144132522861,0.32021383677418347,-0.1996374347283718,0.06360641854670557,0.1879697654718826,0.1800221070888507,0.9619855136833659,0.08644050558839766,0.30976291949931045,0.9879076250401321,0.09946206806608704,0.2187623684905956,0.19496223566057014,0.8272801300184149,-0.46475616397048714,0.5928699697292287,0.9362888731388757,0.4968596014346821,0.8985126218013677,0.8447701207280213,-0.48390454119342263,0.1816155535339835,0.05734953167927159,0.1209747720297275,0.40081753303925527,0.09973796300248883,-0.13857343674817624,2025-12-13 12:58:54
ب,0.5665012630079098,0.7856099946473132,0.14819440211675372,0.29178770502071616,0.4220854742801081,-0.4188510691164301,0.44449679848377033,0.7675455071231623,0.3012708447467639,0.11267858565083799,0.05159559096907296,0.33668046302626786,0.14176483141835672,0.42610451015193496,-0.41889200177339203,0.712450092216984,0.9869589973406382,-0.07463232905041828,0.690280675129969,0.49064177962803257,0.29097665968111597,0.29150085886305,0.8034498442960905,0.24895454714748133,0.2549389229379553,0.07869941510042078,0.393712103664942,0.1891848610429816,0.6280052196208463,0.16086636190055104,0.9853356384213982,0.6853326098536796,-0.2562534824571481,0.6777357280366602,0.5199356327226351,0.19458675997796915,0.6248554066452864,0.35625674973603005,0.33059537131874506,0.38067908930624106,0.7572984440443157,-0.23939616399918284,0.8023714282657188,0.8899640806191927,0.4189683686340743,0.09961658226968984,0.8542661876543127,-0.2621795852738307,0.9273727325938689,0.07154125197007499,0.24949385002565472,0.3689173630370298,0.6431954082484957,-0.13035121193325172,0.10785228440127004,0.454803979941124,0.17966739823271438,0.20958333799684814,0.12513123469941023,0.12597483541840648,0.9360309085421218,0.8372014666056519,0.309254114742477,2025-12-13 12:58:54
ب,0.3530023988854627,0.2007820347634579,-0.15231954390657276,0.7861254899469475,0.23576102564277834,-0.3945753958683782,0.08244602090928821,0.9855111869819985,-0.05517122415266695,0.9407086927136417,0.21795908314067847,0.12869097855135803,0.696055788509964,0.18816722367574112,-0.2041374623431358,0.3789709489887646,0.3788411742109996,-0.29134854015244027,0.5213118739965835,0.5032418143522694,0.0020043580123195737,0.9630048722547806,0.2507875877855954,0.29266843037900037,0.19806595399570315,0.6193833855323123,-0.3523958409524932,0.627803336939034,0.8290984084470979,0.16689814560227634,0.8224280546924652,0.057259134703258496,0.31865611659509663,0.29371628754618917,0.7951984685399821,-0.493811801913163,0.7438851245830281,0.8032078237531891,-0.49899483010711776,0.28174244036907203,0.6730860122772099,-0.3972619564093395,0.7753273509775744,0.06630201675018066,0.22574695204121975,0.7737242426218268,0.7523196867322361,0.4039668010870616,0.39414728410576916,0.7460618741740062,0.008698859451524932,0.9868656897667002,0.11347828604295018,-0.4076565319117924,0.22070007096962618,0.7878898643450052,-0.019165504663185118,0.33616257810051775,0.8011926392173132,-0.45748539687839007,0.6061732075622122,0.7117387486107412,-0.027176114059499823,2025-12-13 12:58:54
ب,0.7349970278852405,0.7656923527773527,0.04731022127593665,0.1913362797887842,0.6595323820960257,0.34821103468859593,0.7756668583011916,0.5554415065785941,0.3380231355528178,0.9507324955672954,0.26219412309584866,-0.2302393763914311,0.12064466399751439,0.8678724565742915,0.10262723228713388,0.22493485893380982,0.1497201258682358,-0.41998623535770074,0.2523498527206799,0.30477092294284214,0.4027024346227447,0.25551159588335315,0.09840960650811659,-0.2818505226630881,0.29719117698337827,0.7699299526696357,-0.16683735647981823,0.3270483916557252,0.21912362498871507,0.4366948611146515,0.12777471323921763,0.6106631756683463,-0.22389786364366715,0.7839730066818434,0.18071822796721138,-0.3558310701237273,0.3901066139482978,0.022621301619883627,-0.1686036629718295,0.3772575747818999,0.6353054952935904,0.002084898653552991,0.029471944245048398,0.6698743812682029,-0.26304218293193726,0.9618975860926429,0.6330058648348243,-0.36884555173897626,0.3386925797299699,0.9254809948872827,0.4453072919194839,0.17682896489577615,0.4207358148396567,0.46594000894753396,0.6004500909305133,0.9921995310460268,0.4205130984889751,0.6204396197142771,0.41153872860600516,0.4415330058231428,0.5238612045969383,0.42929177991515244,-0.4566510063647444,2025-12-13 12:58:54
ت,0.6161979563126894,0.5554002280437031,-0.18784987225291516,0.739075501336386,0.06401575568752538,0.25263700006289824,0.2308489170276854,0.8497738978143857,0.022806736266341554,0.3593260148883435,0.4364410629036243,0.14943082398266538,0.45397197918886456,0.11957432613062469,0.2175258228565351,0.3989154497999007,0.7245465905352363,0.29646721792790387,0.2647270302843242,0.25949085746770906,-0.4422808181931933,0.4773197508434541,0.11113592623074442,-0.04041893817628062,0.23422325473229633,0.9078968276509692,0.2770465618222927,0.2557141553886586,0.7324651631664831,0.3973521203167176,0.5637258307091101,0.16286748820620134,-0.42549439037291004,0.34924789777468,0.34714686475212553,-0.10432042246105944,0.26597818329141154,0.16451267538885117,0.02251931593978218,0.10499591273334219,0.6993683277651029,0.41852207509863615,0.4484473481279335,0.5466863035087065,0.2586770202082711,0.5103401877667373,0.05694934286450215,0.03395387520194715,0.6408833826133135,0.18627162093884453,0.18474044784119714,0.568047513143221,0.5983440974915525,-0.3780363586637593,0.8447916077597368,0.6417459530347509,0.2623750409654111,0.03555998659371329,0.08788078972772995,0.08948448930116859,0.2653627674384612,0.5720523421051431,0.4175838533755316,2025-12-13 12:58:54
ت,0.8507434899797295,0.308872122048258,-0.08347044934799386,0.2060955729618048,0.6627323166844244,0.3660363712156395,0.8485727057875772,0.6759825576252261,-0.22362179771286517,0.14710277399830807,0.9185658473892746,0.05051393928212178,0.8068678785557694,0.8934219127108196,-0.06964588612232459,0.3400173762827817,0.36360634202835396,0.4946989447623851,0.5903160589300828,0.8994665106023655,-0.44010534710535654,0.5714898078588305,0.6719673885318933,0.49597097961690406,0.11192543388803922,0.5763594050020725,0.27344659380277003,0.5737176287145529,0.030221084916746244,-0.4808484773662557,0.9815508476817487,0.1738505684404611,0.411642726828198,0.35280007312284223,0.5753910636965447,-0.35783939342921645,0.9152355767602702,0.3022004515594957,0.11526625362861165,0.6209868951396224,0.6656858259930528,-0.25812691508294394,0.5840345607288159,0.3053336916199939,-0.01141056541129748,0.7036820976839762,0.4654129753246524,-0.2487638029417949,0.926418274889303,0.4429332881508894,0.13425428253424976,0.06105557672335604,0.39636228494701053,-0.36175824918165356,0.42257266927576287,0.966493832602488,-0.06982136388100157,0.5494641563646551,0.9369185127627878,0.1565180355648722,0.3170626810352436,0.023660919912694367,0.046732947905903655,2025-12-13 12:58:54
ت,0.09255473709724327,0.7805489291942244,-0.22060738582764816,0.6709680916556714,0.45480702655777605,-0.22752596730471997,0.5146616135885139,0.14065686458201698,0.010161636636459637,0.794078351222308,0.3529290492837267,-0.3611499619617389,0.983214537581018,0.49173175774674494,-0.47281516825662073,0.4473238756164064,0.5978475000998236,-0.0005563921164056795,0.9839243313394667,0.3749930921763921,0.37464971658243884,0.18857030123475582,0.6676826763996742,-0.2946480883576318,0.6345889987649678,0.6583371378612557,0.003487555017589461,0.9883309958206429,0.27380619113119076,-0.3270693875108682,0.3263020003023962,0.8517940590544124,-0.05353039257746961,0.6843399126377168,0.09835814368844065,-0.16258078198171988,0.5229720790067575,0.20068067417704671,0.4411740668924733,0.5427345919005353,0.3275762873886583,-0.06946983828304498,0.568643812707466,0.29936175836932444,0.39411129959646574,0.6616119349800232,0.14961802779222566,-0.4403230795238735,0.778515579204688,0.8578833634514599,-0.04736673760239252,0.3407311928927337,0.1169221767133064,0.29138360130180974,0.9133205713771867,0.13895434676716023,-0.12844362658884845,0.008669896160928836,0.7508570802582306,0.04380279553798283,0.5480524827742602,0.11359460413980915,0.11310694155594703,2025-12-13 12:58:54
ت,0.6778966518481936,0.07009813526218989,0.07422302966705441,0.8893188948184267,0.313094103610566,0.134952016387636,0.30050654297370216,0.6458359988046511,-0.4499453599556229,0.9171598423257558,0.01966623202332518,0.4363198613539878,0.4608404804169468,0.6437287105956043,-0.22318115962919338,0.007393273262951583,0.38556853799102087,0.03810370325984447,0.9419572519335443,0.21308859455006002,-0.4940493021238962,0.6264198599939695,0.4329693389438044,-0.35823677665793807,0.14730845187726738,0.46116525143884024,-0.35621630949108285,0.7030924277717714,0.5784833469074228,0.073109201970468,0.20364875351625655,0.04365260803775706,-0.13082028904637555,0.7615683967488933,0.6136219205118698,0.3387632452812622,0.2425627977068383,0.6375670126607246,0.4503425219171502,0.021132535185770185,0.31029887883037643,0.4381509501922971,0.3310194434456558,0.6921618719279229,0.017666378077064837,0.6411518966603873,0.3355101709620879,-0.3990759539865175,0.23505570578104718,0.9224897707748869,0.19325700159386605,0.2359384196037828,0.9050751664062118,-0.4949080243437147,0.6229550285559555,0.316967054408121,0.05425161094286479,0.6016276950588471,0.44976569241115427,0.21061287125016304,0.8298150615079886,0.9167186875871468,-0.22771320739247025,2025-12-13 12:58:54
ت,0.8992810012228978,0.2888020243278757,-0.3023489926867292,0.0067881216805874,0.8829649983466872,0.09129654611741167,0.8131629564332352,0.34101393543085556,-0.40062361080228237,0.539761227883198,0.23162378177104836,0.211381057607837,0.5122630559484064,0.7905171321001606,0.054508732603376076,0.5074527916014283,0.1328133634450559,-0.18748615141855252,0.33466015507541336,0.5282328897311341,0.2238287532069102,0.883742253970239,0.8344111235998221,-0.4576681174470765,0.14217518066457024,0.6726774231834821,-0.15688053000744528,0.7796886934349064,0.9845308089466487,-0.4813630556218026,0.9429713501365663,0.028400153125580863,-0.21744584335902384,0.25932688949555405,0.5950661342660776,0.26266507379587245,0.5176852235025632,0.35858145595118496,-0.07326133596205886,0.8059885468033421,0.547949097374245,-0.4798561072624258,0.3365536469899615,0.9266108536459068,0.02016816072441352,0.8045878581239612,0.8148431053730985,0.27069602987403296,0.4054908944100901,0.180847331243165,0.20913219264719884,0.5820322930095054,0.08673968267584309,-0.05615471468420219,0.9015957992296147,0.544364183404809,-0.09569251379101207,0.14631848627495614,0.10531922151475748,0.08509811908424081,0.49614878925017625,0.9937539834270037,-0.4781334856915658,2025-12-13 12:58:54
ت,0.8591246076534794,0.17768923786417323,0.3632969752422708,0.9580215133414662,0.8710489308117223,0.06495362342007138,0.7395041660854177,0.8969977209961495,0.09878947965955254,0.9250544512235149,0.036244614747440895,-0.2373384171734222,0.6363646105206759,0.3005788417926226,0.38634940782566785,0.05382750694019889,0.17117183384401702,0.10923073267049233,0.1149975827306996,0.6075026292013006,0.07064489699962684,0.12362243088225011,0.15823849752258268,0.39811089940723443,0.32476482009804464,0.6916626671700825,0.4810679723524317,0.18785865433413884,0.9945910247708843,-0.09273425755007847,0.3221224132158388,0.33017985400756666,0.3672709205981204,0.24164498027914427,0.10357239601184742,-0.1022072383889675,0.13978259006979477,0.6968792383931703,-0.15512172215073505,0.4984804237850484,0.0587179154975801,-0.08824653931476312,0.7621362302850131,0.39974510755523684,-0.07691587436117209,0.6398527182408998,0.7926617431848678,-0.4052086879720824,0.8395315792069626,0.23081655040885984,-0.23802181015830848,0.6260329394825483,0.3736291354379191,-0.10815437584668985,0.7543710693553289,0.13913640180300013,-0.23145396914048388,0.13981166769846787,0.7173216801516877,-0.4987835737844649,0.07682328569194974,0.7144393872659929,0.13329983416282987,2025-12-13 12:58:54
ت,0.8004871676063581,0.18361806933125235,0.1875907081279128,0.8841189887782102,0.09183033534739538,0.3289585873951475,0.36012702365239235,0.3226898401823941,-0.1389416850935471,0.9777920009828581,0.53795901495001,-0.11537962991253703,0.15031276258258253,0.011709606001990225,-0.10473213240633616,0.09272315555876487,0.47722277388403533,-0.48230751041849096,0.030901225153955325,0.364552306381116,-0.3504281808138334,0.49447271720290953,0.9356202963912107,-0.1705792519166227,0.0006839907350054686,0.402986183662288,-0.31085149176750837,0.6190190441983081,0.6192219619187418,0.46922828514364334,0.18266589035464276,0.5525894216547288,0.17195075966263396,0.08154508653895776,0.28291160770882295,-0.007958265257911656,0.39377091855314794,0.3587199219629973,-0.4246005299383445,0.6926625351641927,0.4451526506253046,-0.0617210491460648,0.9354735957520528,0.8764849088068656,-0.07024786022773444,0.535010714673987,0.8769471231802913,0.12089297726295822,0.867047860312092,0.6229333562385285,0.2642485285244697,0.6411502620626239,0.7703805496238103,0.3986820985970261,0.12458880319337762,0.10081246922961529,-0.44239501091145983,0.5206218151115967,0.21864305087378055,0.3212508990608196,0.25436324973012914,0.5264809202495173,-0.27561211663332774,2025-12-13 12:58:54
ت,0.3709384780579875,0.7419620316312026,-0.35017765678067836,0.1291774657117094,0.5032452393428727,0.24517927176440424,0.533670997859245,0.46324925282811114,-0.4448571615330972,0.10938880481449464,0.35243047013141515,-0.34976445680134394,0.9994187621722804,0.2628098259102988,0.4299918975906568,0.566879198106091,0.5683554056839712,-0.4101813322049901,0.3698021371679677,0.48011371354854726,0.31014701026021263,0.7543366987955409,0.9790836894754523,0.04876860607747069,0.6929961545968504,0.5718237529566896,0.2676512015784033,0.37364246187274197,0.8231137852088869,0.43948394755412545,0.4010762160187217,0.16895662825442825,-0.013204019566284808,0.6235151453235269,0.5260782298558615,0.17765142022241154,0.6756347465290007,0.8991286399485197,0.281152657142799,0.626935248349116,0.49353295189913093,-0.4541610846810179,0.5024646614972491,0.8124012303998934,0.03942446553885404,0.4975885615309117,0.8965128183469483,-0.010571173097308928,0.7144749884127571,0.20481681023438747,0.02920355549428888,0.43604436896197796,0.6128373255733096,-0.19919986157654634,0.7178082140171221,0.16927643245026136,-0.31790811052716617,0.8418664173268086,0.74283913055264,0.05096192220088169,0.42705035801927604,0.5620040851406395,0.2468411640803333,2025-12-13 12:58:54
ت,0.9389613504983599,0.3408375773518393,-0.4275620934571065,0.5259274718964437,0.48888062765893125,-0.21884387547681394,0.8808247927696988,0.5729174112704739,-0.4398384762605786,0.941406167471925,0.3820488283586203,-0.05369387051081975,0.19998006641512178,0.3557315817383502,0.45104014634558387,0.07648681847306571,0.570312594529072,-0.17106251381609872,0.22784193347441595,0.0868958248860282,-0.13552922467227058,0.28186035889515215,0.7680039714564781,-0.41873266816919374,0.6522492105757192,0.9678029366361884,0.22976582869164064,0.8934464353362102,0.24372781119068243,-0.44721967080116753,0.6805753105248268,0.4764375589859109,-0.4181675973601048,0.7378404528918654,0.03496256707790335,0.03433396031748026,0.4326221659800292,0.5374920695788961,-0.288255745967265,0.9513039959880468,0.4532268435454325,-0.4592835725078994,0.05182795420573727,0.78365111000984,-0.060220984487539764,0.2672444637853095,0.6070426928210757,0.16603773308018477,0.4132165615159269,0.7778784226002197,0.39649553942920457,0.627574245611135,0.8893667565893988,0.041665765429427015,0.8923904222265603,0.08348134109536243,-0.08251401499927724,0.8653199174073187,0.4346674918606537,0.20084952716757132,0.6765479426133049,0.06651947241902623,-0.21299702216345318,2025-12-13 12:58:54
ت,0.799375130055599,0.7781595136371339,0.16244879728655937,0.6876541443934259,0.6784056753714686,-0.4051870462030325,0.4128740065867287,0.8657277126244016,-0.21519647610698833,0.8403643791331493,0.4151848930118477,0.0933384961474164,0.2312103724914294,0.5742295645084898,-0.0899556575208228,0.27086946439778414,0.3747754858811708,0.4967839624156688,0.04495574494916821,0.7795800160416579,0.18541225650226345,0.225366071303583,0.6170393528976653,-0.24956739673442052,0.36515176299745733,0.6463204889247032,0.26666072717960687,0.2235462025561935,0.7930380692204617,0.38792619707229614,0.7427662734806726,0.21945016710553167,-0.499658925894794,0.8982876916010191,0.8390561098959824,0.31761275544017575,0.7567271545207658,0.2841164669635774,-0.34792005609624943,0.7324069017391415,0.5129800257795911,0.23412145516866445,0.9074071633811425,0.21014705908961917,0.008618708091740368,0.3345113291952586,3.278235976500454e-05,-0.4870891315274265,0.3864770455335752,0.13207348548176612,0.13219120617551794,0.3514255406705463,0.6945413951867048,-0.06576125318859272,0.020736769413955525,0.03305482541448046,-0.3498580172829997,0.3085053240371134,0.6711497400451787,0.21577654210993769,0.7645349754473044,0.9844547083100178,0.442307784033655,2025-12-13 12:58:54
ث,0.30651285013570473,0.8259092810440264,-0.45480201709146717,0.40107018410359974,0.18654513870102674,0.09045679059495937,0.75309087653932,0.12088668760042232,0.24565654482255106,0.05996428317450697,0.7815483609504607,-0.45034189617515785,0.7283182381439719,0.2101340498273977,-0.15332774917338288,0.7590393857444326,0.7731814896372854,0.07155888762551177,0.8033786707954135,0.316719712822624,-0.1814186231318361,0.616187423544206,0.7048554413260225,0.16197669252713254,0.7802072034696017,0.44205213885196726,0.3189111850576476,0.9936763485330059,0.2687182180005623,0.21510679866949334,0.38103467170109107,0.34996173652374885,-0.15403358735257655,0.03266558772658246,0.16978174926918554,0.07381557129277438,0.2220525132886484,0.9129103211637491,-0.459611533231292,0.5178065393128893,0.7226704282944799,-0.011364974033381436,0.4130557660001202,0.39608370912305857,-0.33612532875506496,0.3151897110401186,0.04918675978622311,-0.4132694968259861,0.6817103743744763,0.698179623195727,-0.10006613669363118,0.9019690791495566,0.9916375956868407,0.26952514470936284,0.2910615169949686,0.8724174554234455,-0.14628125973018846,0.8260080661958925,0.5946112077837348,-0.21438382025496905,0.6323557012875854,0.5092846930167163,0.22148734224969346,2025-12-13 12:58:54
ث,0.2355330995823588,0.0536886904533177,0.288055538953779,0.900521439128166,0.06592544056526828,-0.2725051048819417,0.9537863350798869,0.7029031861130167,0.24747700321916732,0.7412012158464489,0.12012618057713731,-0.13838237459555935,0.3236075626164603,0.08572319011463969,0.008678983491830938,0.6279078132755916,0.8605390836455207,-0.32669573591407086,0.4635110987759098,0.14273396776899128,-0.26887598370181054,0.22597126007031654,0.9934047893301113,-0.07895125005957349,0.6611967141776719,0.9000531271799636,-0.0853293714475748,0.42880931905830044,0.026012903203169957,-0.4142264320603538,0.8475880249991492,0.2697146753738817,0.44604026440282507,0.485691951041887,0.3898303844620422,-0.20374811920545577,0.08501105013638732,0.9239798339957456,-0.05901255137653505,0.8435753929744837,0.33061258927225134,-0.37788790504557046,0.11451889348191102,0.25997319360464455,0.09537865334178852,0.4868687870091528,0.18868341096118713,-0.4726035937068478,0.8072826551737515,0.4067773243919004,-0.16114697988350268,0.30325494343920567,0.7200732146862574,-0.32076802755288836,0.2687236643720342,0.5256688039873879,0.19581651563160385,0.36235914430953553,0.8551720000969483,0.18601354926801694,0.399097861866612,0.6088096662324373,-0.08689022779809741,2025-12-13 12:58:54
ث,0.7256844707238926,0.6727466350448947,0.13602901205107,0.783842329608843,0.3874075569117923,-0.3029444307987549,0.08820888546653427,0.14632099636709073,0.13592511847297928,0.4076605738315563,0.2096718836499165,-0.07930671756321939,0.9135160759824663,0.5854168648993514,0.39790268636280124,0.31909470704382026,0.8775769940900712,0.20468384953349017,0.3845944881774781,0.5930347333961048,0.36133705610337197,0.4093368928153498,0.029491698646502917,-0.4829987183128852,0.16983386591313054,0.4036520671953109,0.4250273568617332,0.6733206168681922,0.3721226120530152,-0.31169782329470375,0.27164798486346475,0.4216450735889963,0.30099096221463084,0.6631880735795038,0.0666909660916043,0.43357972941303213,0.8960287514718903,0.470220229138514,-0.2997415928153342,0.8641917174643033,0.15335805374416678,0.12477081731930362,0.49966458805713865,0.24113994990100807,-0.2893861173114678,0.55965021174879,0.6011141875756477,-0.39927463231733606,0.5295143977539744,0.7607967901936488,0.35038274515931045,0.5850588674686805,0.8849662687225317,0.0921024321124323,0.3171233007249651,0.6181763788492857,-0.3897281043217178,0.20356879037889875,0.5074035859420207,-0.34206349501834155,0.7829778092337966,0.7565063059588936,-0.09504504524828383,2025-12-13 12:58:54
ث,0.7780066845665069,0.5564802287512043,0.16820185027121026,0.4704477796065617,0.06636739661363411,-0.1486224338564882,0.7555589126854688,0.7988413109699746,0.22921510613120466,0.3018110502980592,0.5654500106965303,-0.3867204353466376,0.5888576078266896,0.6499810275384236,-0.19656842718826772,0.6300266652540466,0.518238311760673,0.4808317942919883,0.41527636140487034,0.3621395890833943,0.3667961476832349,0.9104441123789078,0.33120993810325794,-0.4552590841464146,0.9359979012346151,0.842558905701062,-0.08450195253989601,0.7588674847309343,0.19068645895309633,0.01642643592195392,0.19280105036908868,0.8406055864842658,0.15964498334046562,0.9257738524587428,0.5457469869224695,-0.34071326428821747,0.19632534005750635,0.9077749756293306,-0.10693646528604572,0.28754051596304353,0.12855239815258135,0.03274993146369387,0.7431069274642086,0.6847371421508425,-0.442218825207113,0.6879434735022033,0.963808507498463,-0.12841937240046952,0.1265694743132133,0.5689867251621195,0.44939122629077943,0.04163657752687966,0.7054004116410842,0.21220568480476187,0.5706174701157825,0.8163646070218047,0.08803469089998295,0.03480793127828563,0.7698282805593272,-0.2764969761289252,0.8076022455284325,0.8626747718550098,-0.24766452044061282,2025-12-13 12:58:54
ث,0.5209976758150774,0.8616909896247155,0.3368328873601617,0.12741166633369716,0.11167914869275763,0.2697290915153274,0.8675976076485701,0.11029911255395297,0.24982772652832297,0.6670367231429133,0.9236663634136931,0.3060461826977162,0.029996647676035826,0.21419691607567937,0.06814237111083299,0.8992015907529557,0.27749090167308466,-0.16459755246886787,0.17736597849560343,0.3926101196455156,-0.14008763047599126,0.8840849337205277,0.3788749091792677,-0.16551536713631898,0.26595706550474396,0.8681448454263846,-0.25987473802572836,0.11997612176806749,0.6757851522404625,0.1517129232359632,0.7288087147699563,0.6890532395982336,-0.4317988407035074,0.26139528675728474,0.11599323982224718,-0.2629101631987334,0.43798499281708025,0.7666797572445785,-0.3767479038377862,0.800621180563714,0.492175569051842,-0.12727813197376936,0.3478770938500768,0.7492411018732907,0.31894792554384865,0.026732162554983674,0.7271285649050174,0.12307283644243672,0.937750663291322,0.6351429901498263,-0.08607216788117333,0.4176856039608512,0.7189316721328167,0.028514499023670425,0.3213243027332,0.25015860083559494,0.1886854245664249,0.23787184050334864,0.13035160596132656,-0.18837753469042207,0.8120538677512786,0.13553164385676109,-0.07485181622498127,2025-12-13 12:58:54
ث,0.8905810991835867,0.3949180906438011,-0.3873219707579486,0.18530281046481223,0.8758815510353838,-0.1540814071475365,0.9272426737194629,0.2552179523933318,-0.24926910143964087,0.7188942502146769,0.5497587805813576,-0.48855402832190375,0.7509448981109058,0.13290608876914112,0.4131077463692059,0.5190187541121379,0.1624001558271756,-0.0733728634813332,0.2513882120458386,0.35280292848783334,-0.45086883505200925,0.4327578886417285,0.1932771301840771,-0.4869029470321654,0.8517458422537064,0.24628522341507664,-0.07288646370148233,0.30446496947866364,0.8781043826293731,0.10228739329833214,0.8474174553466429,0.823855608316209,-0.31187694710830827,0.7965634049936013,0.603233050583246,0.012316459100034649,0.37878033768208597,0.7840115000523107,0.04586399303822197,0.8297153658131551,0.9087568117505717,-0.2329342966275605,0.6158165422819952,0.8716398516731972,-0.12762184903930984,0.4272804459990617,0.9834987369773778,-0.022958485789200567,0.17794958350020273,0.19194970222917973,-0.4480629567643559,0.8839222769660331,0.4843960930073,-0.30615968491725787,0.56165511657241,0.6371131991841336,-0.2837151094812531,0.8127314439101199,0.4729276164151791,-0.3234675830981344,0.7696069878361852,0.1153299814362051,0.47202425527517944,2025-12-13 12:58:54
ث,0.826102483056263,0.5706536026376009,-0.4878089747391583,0.6792334565727836,0.6319842708822339,0.44616268660469915,0.41639667883530107,0.14898796696074823,0.21269249490760267,0.397974902703885,0.4911977311703446,-0.2864253558225336,0.2634443112116539,0.5129434768437968,-0.4835980266792216,0.35115966932628906,0.4173005617319171,-0.2518672646169111,0.6538034184406217,0.9792437348715155,0.38027779048693033,0.6065292930579118,0.6033256920802427,-0.030030248437770024,0.6934841694626425,0.28073343672700635,0.1209558149552995,0.2740731082944785,0.09858990119428268,-0.4694680991087643,0.3633795383656956,0.6584956045569181,0.3552423046206675,0.7137619754872964,0.4924673661131993,0.034312394194273566,0.85996067859075,0.4996510677442697,0.3698956752720365,0.025840439028254947,0.5292503175247966,0.1047106017329883,0.6297065225478157,0.2825813442673104,0.028607940632022655,0.5348571459947503,0.8942764096063309,0.3745689841537345,0.5778447197113543,0.7323313969765896,0.2412384922984303,0.6448987718294316,0.042517735822303115,0.17803215057266042,0.35836661853717244,0.13962133730338544,0.1526389000260201,0.322097737487433,0.20911197112144586,0.17487250499700846,0.8921464850000494,0.8876513880108389,0.2971260346421155,2025-12-13 12:58:54
ث,0.3460229322344769,0.1628631242603109,-0.15497975129429054,0.36436411879676533,0.6677625014516196,-0.11256987391942219,0.40165320863314036,0.9185648735157674,0.17673411341863277,0.2510279060435654,0.88276597643597,-0.41297982577147296,0.6374211609251133,0.25954785277947134,0.010493329032886134,0.581977249775471,0.3915860159726151,0.1283043511169657,0.21933889153593467,0.8096914779413901,-0.43987313314849086,0.8144473839409704,0.7758409675591873,0.13118165854176078,0.19613289647915344,0.7098640714790272,-0.08629837602401902,0.8513112718013587,0.9508191944532676,0.4528226507620685,0.6234340259830689,0.9710061299600916,0.24987012035733447,0.12561058589066343,0.9335915934994644,0.18641987583204034,0.6859091429993599,0.6674847445543358,-0.21225704905553178,0.108059082369789,0.1068269969732284,0.321473715223467,0.10404560462207024,0.7264151217065654,-0.43173723582081514,0.5986227275616055,0.562372450431493,-0.16336366175201555,0.5224161223218395,0.5493990429455275,0.236164597279091,0.36696855881795176,0.7202414025443112,-0.3445860137117407,0.23031553484353673,0.1964850413287531,-0.4831943056996403,0.15498831357484766,0.49370538744481907,-0.2806853179855955,0.5527126758705584,0.5280654616044943,0.35768170266575294,2025-12-13 12:58:54
ث,0.1524962093285629,0.5708888286651888,-0.2522783997905036,0.37746499545704293,0.26906234750957725,0.26687678322651254,0.06039383536345755,0.9227801539798458,-0.42136089081804873,0.03312947469368499,0.5636728787209385,0.4867800530013332,0.7081411984868331,0.4279569034997379,-0.49444372448251594,0.17465737180337937,0.4933905754280181,0.14232562879151367,0.14815181187072224,0.4447528618909331,-0.43551619958968346,0.9365195788327656,0.5798444892357902,-0.052233049257037756,0.193388226408169,0.9385206217605373,-0.3921324332164642,0.4656415420870237,0.6544334198592575,0.4151762551348722,0.8834541103692631,0.23795176502083037,-0.13005672680192515,0.040364386921350026,0.5333684747964486,-0.3207698614572585,0.14353786586080575,0.24532880903339405,0.16965266698194792,0.15173441904735951,0.614377476885023,-0.3949090204285486,0.9647574973631692,0.7700438563726003,-0.03184059212434864,0.8346046664599642,0.15703244602226707,-0.1161058937268159,0.28600851675404504,0.39400236178783743,0.20015497124333792,0.46265703918499124,0.7840630016262745,0.1658811571089095,0.20380831599037919,0.9729280322582193,0.2980874578393229,0.06805140674071097,0.23977031431580464,0.23907944299801043,0.9049648060647342,0.7133372980473712,-0.17279846839999558,2025-12-13 12:58:54
ث,0.8692928296440026,0.44692098727253193,0.2997909183594266,0.34915065168150705,0.022333181369872723,0.3275633444071313,0.88000569376642,0.46432482190816726,-0.15986558401597306,0.10465760915433564,0.2251414955031411,-0.005833166234742393,0.2352599406250684,0.09534208893376928,0.21123619795904658,0.5873338711183208,0.707306584331758,0.12884627490480105,0.4081113936442835,0.3103680028699879,-0.45034718013435016,0.46991530042900076,0.8547255345310689,0.30555796007239255,0.8862009858108535,0.7925226348769171,0.026217021443796118,0.30626577444565284,0.42051450536761803,0.08389456238520432,0.5248180154364657,0.5661464922181402,0.4211102140513414,0.2740669107949988,0.6764543195556924,-0.2518203934240162,0.4340362697246216,0.5035459336321434,0.12459973055082896,0.4147365993001527,0.8619348534331978,-0.30896594630653185,0.05783048512566158,0.24698704287248008,-0.15008689920919172,0.8498409490605908,0.25250506176660936,-0.4513065586404209,0.05451910351041189,0.8718075048550805,0.1612956450876929,0.3700581989488607,0.6694261185223559,-0.3482600869901057,0.29158272707575617,0.828297847744921,0.1719333136949912,0.8952880812134849,0.7772977170394098,-0.16882166202573667,0.5612657302878051,0.5390793061689658,-0.0723617256047333,2025-12-13 12:58:54
ج,0.6006564571530589,0.15562934460773414,0.37303051482921845,0.25390721336283595,0.7892472700995475,0.4533127552178048,0.28286771279990874,0.25260011752760747,-0.008073380445508982,0.9401150876293153,0.6583378552505792,-0.11867746241877142,0.9103147175353933,0.028505861257103415,-0.1479228703491512,0.300697939665439,0.11033086392507163,0.011703790458655217,0.03968139944901905,0.8825919536968342,-0.020676546015139907,0.4359333116524151,0.13793454664333826,0.07202886570225087,0.15257580703082663,0.4680998683498778,0.10707854062269018,0.6166604396285588,0.9373424038084236,-0.26159292748858043,0.158122852252911,0.40939398431127394,-0.3895861409252771,0.5901734861120049,0.8085548320097884,-0.0683269731109809,0.9562019417316094,0.7438285454372862,-0.4033434002946378,0.7905145119121039,0.21248251547823138,-0.4606162765976973,0.07663594864010148,0.885070607678379,0.3724458086946423,0.19442385160696907,0.9821863105197468,0.34203574406244797,0.1842567172493702,0.1265210294986352,0.1727422033866044,0.16703302304426682,0.28854370164988763,0.4963830516672161,0.9592826122661101,0.9321265636987188,-0.49015994121681183,0.1787527391219027,0.9077965157112651,0.15483074695635968,0.564794355105599,0.5329677120349119,-0.1905689359161391,2025-12-13 12:58:54
ج,0.1549275983876086,0.17035898646213188,-0.15206963539007878,0.3244572859101926,0.2734828435357658,-0.06859897857550634,0.4739691659688733,0.18599651983120846,0.35417665110504637,0.7524617220153791,0.7665677527043655,-0.07121379595988986,0.06253292413198752,0.5098769434083024,0.3659813864172178,0.7998509496409699,0.30638285346615723,0.13450660983068186,0.011029897450449355,0.7322984610180971,-0.3895320698776845,0.16111240081476985,0.6313687118123537,-0.21222933735669935,0.6557450403834226,0.4810532061680898,0.2104002652697784,0.8415305731195141,0.6223420613628335,-0.2696458122572849,0.19904208043188332,0.663592638500586,-0.3046346736433019,0.8596041158119463,0.7872623916967424,0.3301217316896913,0.7526498603020847,0.6442664697913507,0.2934730529576449,0.22170796259754155,0.702034632865783,-0.33560446123746135,0.8977641033551808,0.7286651587010757,0.3525125407825287,0.6217291944021838,0.43784651452012413,-0.47193700277207007,0.6889651030163157,0.3909103151210842,0.28033088858686495,0.9559528514479596,0.7321384816455498,0.09481626105660401,0.044665021834881524,0.29357092074775315,-0.11525709187181876,0.43159183850679006,0.37462874409051217,-0.3651548591773933,0.7550531210054937,0.25237814365964506,0.21684127996318492,2025-12-13 12:58:54
ج,0.20799726650087813,0.2616093935234829,-0.3824456836911456,0.9308886943943486,0.01573465098506288,-0.08044103176898731,0.4077775138858398,0.5469836646975889,0.3945500262817221,0.5283344851921572,0.7875350330372998,0.34992028444598544,0.8791641640046743,0.08434863451333396,0.06032753544710634,0.5922576251092355,0.39675791072749056,-0.29676911543333717,0.010040334572986698,0.46354988899871996,-0.2503709982733848,0.1181267864444443,0.8457857583955073,0.1470838184345843,0.15434204434942578,0.35797245799754407,0.09101677081974502,0.4673135661125817,0.7290327639255786,-0.200651906556097,0.8328757354982801,0.08943588017773951,-0.43003195603862543,0.04340037693555687,0.35629790985885457,-0.18230112620887584,0.9566583304802453,0.1640980407630337,0.337237013828785,0.8184077797474955,0.34854474474646,0.22858210055528894,0.4554872027209411,0.7089744925233721,0.3908099553473684,0.3434854119029259,0.7199629852938054,0.49627444754002803,0.7988594661750079,0.43512505647186883,-0.37790774401832405,0.9026143353477836,0.9237899214894274,0.04846635186496728,0.6962595208605479,0.9711004882878301,0.2338231015146981,0.284092275351036,0.9873656275960144,-0.06663439763022616,0.4801132240961251,0.49158559335900875,-0.31297684932102554,2025-12-13 12:58:54
ج,0.968940223618113,0.9380504334147843,-0.31123488794724186,0.3683336509373305,0.6903217124509116,-0.013628294220633497,0.7113036925806929,0.012041388411495157,0.4514594678485332,0.8033947678449938,0.6625503821390729,-0.28907902947329034,0.05894626289322935,0.7301561103983332,0.10481508962838426,0.8402864389943733,0.5589362561606109,0.15190880253507422,0.4057675649363416,0.8556681187526681,0.0698239100422422,0.8590350703633464,0.5923444341292727,-0.15177212112334837,0.17058958476382047,0.4749804820424727,0.15273159112884738,0.8646510893749075,0.7992065117393788,0.18063785650477648,0.5213949336450189,0.10730098464077353,0.18891166735522769,0.03639550182516216,0.5545001527777192,0.07833556541731668,0.4090510719610997,0.43246874759196563,0.4665190285530627,0.7154717390953953,0.365482171493281,0.3515861971825457,0.4413861271383134,0.8644616063393387,-0.24583216582289624,0.12828431554888775,0.6860240112774979,-0.3850076698883349,0.4117841233025795,0.2635541399610637,-0.40891130717880997,0.1863043337924104,0.6078084340649014,-0.015714684943099688,0.7819947197297606,0.8250275557621625,-0.49963632620499565,0.09770316982045835,0.8803925997254196,0.006598489167919164,0.9135595442904765,0.9113059674854586,0.37137438513166265,2025-12-13 12:58:54
ج,0.33820443144956147,0.23040252774897985,-0.4692972563561204,0.20983674656881912,0.5396243318276417,0.3326977365056737,0.9310768412012616,0.3373565248794267,0.004635448748244286,0.6432010889863536,0.18031921561311792,0.13369012524228197,0.4444953839956971,0.27412759214557125,0.17484139406422938,0.2509101630492786,0.2587915858069064,0.31394895799390954,0.23592604900102743,0.5553991759994821,-0.39957842717318703,0.19373686583281835,0.45263634038813005,0.21066853076299208,0.2567947039194476,0.16844214474643227,-0.08570799955927888,0.6260464409304127,0.33689875872346076,-0.4114301024130077,0.8789422717723036,0.7579896231394608,0.49922812820515294,0.3776007357761856,0.8713495979274578,0.30187790900770095,0.6482324327966648,0.37497965545967427,0.10632075041349687,0.3968641342001593,0.7564388680833921,-0.4874044690036393,0.42099769658554187,0.6115218137467594,-0.4555198964647662,0.4093412433549978,0.012657306005625868,-0.11743256334478924,0.6365447787348363,0.9724530322250114,-0.385052708468156,0.7558167027708974,0.8676175917052716,0.2546941714046208,0.37605708147573835,0.6822300008935415,-0.472152459982333,0.44516039169822685,0.591755563238146,-0.1443676281083639,0.21374857323913965,0.9032044275428894,-0.24499550385804125,2025-12-13 12:58:54
ج,0.26201524970202605,0.43069549547399844,0.029190249438233784,0.17360306429937522,0.05112029882436386,0.10123335427083502,0.8257134772912457,0.5475700038495181,-0.20554040816176355,0.6830259342902348,0.7477727638378783,-0.04485777810795177,0.23666510889741643,0.26930357927854187,-0.08211105388591633,0.3819963815330567,0.0880068075472008,0.3476954535398473,0.2798999566767125,0.48411897895735234,0.18577894934917139,0.2642882740406812,0.858225364278136,-0.24349016062129092,0.04058290686823318,0.5411451594133713,-0.46884125359386275,0.407898779278265,0.5937489513438033,-0.47942729261068295,0.9830961519718191,0.4328078679923335,0.4783922079352293,0.7499406218404657,0.8980689670575179,0.3365238057319955,0.12269091263418075,0.9823107133385562,0.46297694656075494,0.20565766325835622,0.8459306152061191,0.29930063317577016,0.0223170140087412,0.7020717423715765,-0.28602779492611363,0.004950428585663635,0.15370426515551638,-0.2529380195876658,0.7238360314360589,0.5120689048632365,-0.11340957526165929,0.4586327071666778,0.8028632637994735,0.31388656217707855,0.4027899666797794,0.6966051456196914,-0.450052998103183,0.3094169555222068,0.8201475288974044,0.2248303211083852,0.5559205144554276,0.0042351857382906255,0.013971627031655887,2025-12-13 12:58:54
ج,0.10933688744433656,0.9414016282778628,0.1221432927284487,0.0989698696581266,0.5215353664237119,0.1404284101098462,0.3253952746733709,0.7230102414498423,0.28462222588899533,0.18117925125543688,0.2642610016454606,-0.4378809176742463,0.23425889371088304,0.2632779853622007,0.18161155591529554,0.36469706347435304,0.7648077650147743,0.4555734787529039,0.8571714318853269,0.963949234492141,0.0336861588087487,0.012189046533473191,0.7824539624388206,0.22963021934268257,0.9997786375115177,0.9121760344440325,0.3239392835059086,0.5252972177570342,0.7591017382320765,-0.061535936374643385,0.6242388476027749,0.37188943717532164,-0.3079104153978358,0.3013679187134607,0.36305652162078894,-0.1855054698104881,0.746841249092881,0.3142565592466602,0.24826362243647215,0.13159772697500194,0.1459635048048714,-0.3987963233969434,0.5950003036189742,0.17176380891610554,0.41886390938486284,0.5076828865461971,0.3374711612851429,0.31220897756161736,0.08151736998575365,0.39079982926782375,0.010971789624042216,0.7465638601657628,0.6051889496205539,0.4872421418930384,0.9480158942513942,0.39474598633672564,-0.35103168162448095,0.12989378966228105,0.09738976048784032,-0.031102124097457273,0.9475549132863462,0.18160422862837855,0.09037893243067108,2025-12-13 12:58:54
ج,0.007199502572285521,0.501960394654552,-0.2961966483809265,0.4417041976520373,0.3190235056474371,-0.35629505664175753,0.09861189381131141,0.8186873018876241,0.48462359949207023,0.46884069783360416,0.04563289757933853,0.4593356419585535,0.41823539826027,0.6712921062883088,0.0030952755886100025,0.6160382795778562,0.8355637020577514,0.14330660109479443,0.6825163427421049,0.367979545272309,0.2907205705304814,0.8412240280484239,0.2266369192381419,-0.07999430864552193,0.22148332449905928,0.9489476216901582,0.37220929802320246,0.6892420184037068,0.3206378434361199,0.49465466588660056,0.16445410391975224,0.5566756584285634,0.14631281727812828,0.39015372449593144,0.5891939143976311,-0.12647186330059734,0.3432982198680887,0.29577864423536004,-0.4797277793006246,0.7946842142832418,0.5735693419730727,0.34108994003406645,0.6603476572658012,0.12937658915067718,0.18998157052658482,0.23827516085091616,0.09108286723525227,-0.2776592649680849,0.5559536046461204,0.9520230934198518,0.08098013579917895,0.938912330787688,0.14318917115053564,0.1933130306963856,0.1422027467646968,0.6719054562701134,-0.26907254538820413,0.38325074156902295,0.35223169606201066,0.039937988525184265,0.3526406261301638,0.046832853766101024,-0.37314733173159553,2025-12-13 12:58:54
ج,0.8721462691175432,0.7688599992262275,-0.4289870832672972,0.6584346054588549,0.3742255183809271,0.22233908084329923,0.7412871801507066,0.730051523989263,0.16311348994734376,0.7508384754133953,0.879413689421753,0.1762636583912348,0.46074221994669573,0.4916531605518075,0.04614535182914681,0.9197740117256038,0.7687857034110047,-0.47633534369130304,0.03556787733005373,0.22280652996193373,0.27934170624886645,0.8684632310245698,0.8386262900491668,0.323296600654128,0.8731102588816329,0.06617829617986759,0.4943614952964501,0.654962277934436,0.8193880833423782,0.03016311731150445,0.43197937089301963,0.9853728714946377,0.0417580625977112,0.8686853123064863,0.9293520108824105,0.23365874925583396,0.5333611273702624,0.36537536214636557,-0.05821130190206558,0.4066320586302772,0.8312324848473611,-0.3548405359136927,0.6578077434293457,0.9339783450650365,0.011986064535840169,0.03329028027729808,0.48723893463706625,-0.15608908097560625,0.6800562716748232,0.9739082514541254,-0.42129980364060304,0.3627660036539312,0.26197145532465915,0.10403583623967882,0.6763563302072424,0.9579521383141281,-0.3321268762765295,0.39264181792524644,0.4132843852035062,-0.0636746601703414,0.5048917364733012,0.958099449144499,-0.3510134464026955,2025-12-13 12:58:54
ج,0.9706346086591163,0.4962398317301041,0.1428837323451394,0.26576161638117735,0.1292145628460779,-0.14180909611912162,0.32752527060894454,0.3362080175551778,-0.07725719702590905,0.6921703154375468,0.8831006503927937,0.3065283491245998,0.6930336908097703,0.3420335958668146,0.13501878938103518,0.8270520985796839,0.3499262856393862,-0.4808990942775243,0.8148769852938142,0.834218637735374,-0.08795569919410307,0.9876093650652882,0.5810742394019163,0.23358188618695164,0.951470907200638,0.20034241521129048,0.25150381140342615,0.20174802183236518,0.19242649276129709,-0.2420815855052546,0.3644763256890009,0.28762336142571754,0.397771143066171,0.014541372265167052,0.6071779034293248,0.3169463902001537,0.1954755577185976,0.558715981822831,-0.288509155609333,0.5922495646416902,0.13468868328000827,-0.42457203420295064,0.6997816861069026,0.6791342578434219,-0.08460850364068973,0.5504011818272114,0.9476097783892979,0.10303432237971977,0.3960498154237949,0.621358725679548,-0.350654130463386,0.7647196809225637,0.4939182710824316,-0.41142913724854924,0.7077023723293238,0.9849016863428317,-0.2451229979385715,0.41179705693336677,0.37397623997669915,0.07224546811204591,0.41998853798535485,0.4663298981571471,-0.21204244353816581,2025-12-13 12:58:54
ح,0.37634250203083475,0.1066125908362554,0.2986207309086253,0.0491433802281348,0.32778054396194356,-0.30161340403477466,0.7592974144945677,0.9964686500273814,-0.35351866991020775,0.31229997773631124,0.9654781943731182,0.4395722426539578,0.1460475955575523,0.48329391039596925,-0.3572287094811849,0.8931674918463713,0.3658515036700528,0.11144478907798316,0.1148451978675773,0.8185946628266354,0.4057428719039584,0.0982685186756247,0.09792850012625642,-0.3306580731791844,0.5770162633827677,0.9668618218233063,-0.040797120178944324,0.5163712764350913,0.3235825982291932,-0.10531633483938196,0.5416579497699348,0.353817536562261,-0.3597386915988555,0.6663189983667386,0.02181520557496819,-0.3352533797524272,0.9356663064858479,0.7529698417878128,0.038991675585341334,0.7891546932903013,0.7451041136882012,0.41432947400068476,0.7019554938673449,0.9875271009661067,0.3889913286322825,0.4702348991847466,0.8304701036908632,-0.1890820998616204,0.8480989214183121,0.06960466641151697,0.051386813024070443,0.09831960121764194,0.7776858207322018,0.14029545971433932,0.6630165340892213,0.6421173122003426,-0.09027350339572937,0.46991006514193423,0.9016587722064083,-0.49142122732179583,0.18609044509615125,0.5298473741136733,-0.3605319447530656,2025-12-13 12:58:54
ح,0.043462421376347704,0.46025326521162635,0.09573184463274642,0.04851725259227546,0.8154733820259338,-0.20759248438163225,0.8177533963576601,0.907934321691975,0.13387624315122482,0.8969564197965519,0.4514552592528104,0.008814920869111287,0.22365992940594293,0.7950830396029024,-0.08293634042603981,0.641805883015215,0.8991886002623121,0.03690324073475393,0.559825269203589,0.665077467926762,0.32088111136215025,0.27671452011896613,0.6161635057463812,0.33668487036938577,0.9410489704089892,0.6824913922094729,0.06474049757428824,0.9109098172268555,0.32300911190854353,-0.1320293392771712,0.005484980830915198,0.9522056458829118,0.2701530073683036,0.5851366114557213,0.05813545518516239,0.1392091062878088,0.0159242304461783,0.5347330693979506,-0.1502231833533696,0.16388733330414618,0.594567896564721,0.07682232784014309,0.05253619039779078,0.24618375460294428,0.17949575683849794,0.35591215423418154,0.8731458029488827,-0.30477460331677264,0.2982123142635289,0.33196700243300237,-0.27756760899783406,0.9319754602765579,0.27042192431896694,-0.22343488634917363,0.12400796313733364,0.9951886189990674,0.47364967373635425,0.500919873759551,0.0011224243114472676,-0.16211995255133416,0.8560661329402265,0.3472819461603117,-0.2642132544581802,2025-12-13 12:58:54
ح,0.09115602691608593,0.5275268390447564,0.10774596735057329,0.9542625334159207,0.4687914885345221,-0.21084586317329668,0.39773750740756575,0.565506038583472,0.43778214139401606,0.9683644141932977,0.4064641193267947,0.49416158260485443,0.10775233428816855,0.32767362322392346,-0.3428324847549481,0.6772189671685465,0.36827048105147875,0.23175765188832698,0.5438709938243329,0.3658840874519803,0.24742734781373887,0.36831778388491443,0.553271050406053,-0.4620132027512156,0.945530571784256,0.24586819291177364,-0.14069367018099954,0.4687430474367327,0.27906222506043277,0.22245936949759426,0.16298945091611683,0.6585391887283859,0.3568240417353211,0.3856319849041143,0.093644288855666,0.3546437673488948,0.6557394963377893,0.7519014944671994,-0.1940528016122407,0.6930001644962234,0.18292649442203346,0.20332766718848905,0.976941306662889,0.32787600262649685,0.15452773135820408,0.4910461921929684,0.5476295090686993,0.09142430565689574,0.363122327140321,0.043070869548799684,0.27122015834240165,0.7915840673534282,0.23084909953634936,-0.14963296491885625,0.49770347141970916,0.2761943004507479,0.10572227127094858,0.5023655087825101,0.3324259551986948,-0.20570748846818487,0.6172315132032568,0.022674597043318534,-0.285495252445092,2025-12-13 12:58:54
ح,0.7076994462990271,0.8439253604767882,0.38391731835214615,0.16618964285186844,0.633571535872593,-0.2504575650027068,0.18903425040055866,0.7292074651274291,0.4913145729965981,0.027037151789546576,0.1670089527648494,-0.3192602714781463,0.278139857791009,0.6823887461214907,-0.32799687056277516,0.03818668811559567,0.9963503959493898,0.41997605846037134,0.4947557162658851,0.044561196183022234,-0.3047558846112113,0.9136920784209198,0.9340620968931553,-0.28945120669578595,0.23529669600975345,0.176268392351681,-0.37449166924324595,0.29665559183624324,0.6266759019529043,0.03830423120646176,0.31349920975301115,0.828294693409425,0.01907588085281764,0.24504298507427769,0.6174133217480153,-0.22490794016045323,0.15915592709696724,0.9065382608752054,-0.3076106388460944,0.6697556414157496,0.2534714642429462,0.021952253324800663,0.17421340712588418,0.34598229317157303,-0.2132403236905437,0.4270499407776731,0.6538806710098296,-0.2094955017121104,0.16969651779315487,0.8204337663630457,-0.20233671127967756,0.5100945362247329,0.07239011091788594,-0.35024697325092413,0.9799248762471651,0.9550119447787986,0.4824827665766811,0.4346805292056808,0.7814255225237846,0.13735396860936422,0.9955144770267841,0.34599734946429583,-0.3161435781177713,2025-12-13 12:58:54
ح,0.06702192381127403,0.7248931247833174,0.35726622314203416,0.25202678404415446,0.8436657520854636,0.14326646891538397,0.3156251378642194,0.6380394794314913,0.41292754467574555,0.19420940733161318,0.829971527211743,0.28889725396291355,0.3234390100459812,0.2190305200268794,-0.0820692583646434,0.8447268283269459,0.3973897127504191,-0.4540148803713093,0.7416550426757885,0.33166535571893097,-0.1791171016055656,0.02286791460168791,0.7841623883488394,-0.49285239586566987,0.02076645406054367,0.037099203223329935,0.37709473857887277,0.9806749793704984,0.9184227442165027,0.49086002664805206,0.298309521655193,0.4160344725898354,-0.2367597311362014,0.824001164553134,0.8201043764407027,0.37197215513185655,0.2993052350550074,0.016418221585624226,-0.10973454799191262,0.30490671703733185,0.12428548046657095,0.07580046695907261,0.2006692449973907,0.29826220400878667,0.41456632239724256,0.5281893383459595,0.33409003048985975,0.363764698410571,0.7501313924726181,0.8694137129191561,0.12611258685161897,0.6921397058364752,0.2956292563768176,0.3954837287168089,0.8479305473564753,0.9915124248646883,0.04146410129991407,0.054962107116489856,0.671287608754023,-0.09279509400477537,0.4512142594291423,0.08180008657033544,0.004129533053558898,2025-12-13 12:58:54
ح,0.9135037906339142,0.03196421405888916,-0.28722946457938203,0.5961623410740137,0.07653871582261984,-0.3062325014443271,0.6750746220177715,0.3383657905154366,0.2587470386151547,0.1153045572996102,0.029838112456600507,-0.4228987555859369,0.5797290150938825,0.026392481268460388,-0.05803595335625222,0.7473165540759563,0.05648335210777056,-0.022538325600338638,0.8058716596454614,0.5220743790277721,0.4327264446361163,0.554307870983063,0.5004038642305576,-0.20483792435577508,0.5230929816613519,0.3590992824680047,-0.1277078911705144,0.664967102628768,0.13872047223726347,-0.020198663516257653,0.13783458089677114,0.48813431203096547,-0.15809940877945272,0.49899890906345923,0.8889744259464928,-0.11398736587900038,0.29273658370256694,0.09622508577805378,0.35454820088032835,0.9766371417505747,0.9365919609593888,0.34494853997453,0.6812878712102046,0.24509691391978805,0.03349881150378231,0.34567904798706695,0.44809338284297984,0.04609505821454629,0.016683612393448843,0.29893714943629124,-0.09231177835075655,0.27790799643514774,0.8783657061610088,0.3690916409765195,0.2557696721278322,0.880425388173579,-0.39959427875223286,0.8061414950504455,0.7622197616407501,0.25076277023781246,0.7601800101120914,0.5853652661734641,-0.3302690714027068,2025-12-13 12:58:54
ح,0.4780994094553882,0.6407014223206015,0.3395899262598471,0.6162533140105457,0.33221319721772957,0.31163188794841223,0.25537404588959434,0.21982447665493943,0.29495257552950904,0.6113423312865574,0.08076107390472886,-0.1420549549643978,0.8118608713131249,0.0330721579744897,0.08316066298639624,0.4444806670499414,0.6738821840535693,-0.09440627666529988,0.40457813888158445,0.38633666504339936,0.052573088980312654,0.7584253912227185,0.21612772461237006,-0.1396929880167994,0.08824507727206266,0.7261085566435622,0.47722399341946464,0.35633434853109125,0.018245904016813808,-0.0725059256930205,0.261997213001672,0.779733354211684,-0.4560868511895231,0.7205851219257667,0.2115983124442954,-0.18224075116988536,0.019023246261314575,0.1971653276340728,0.29521541162447384,0.8803337473991426,0.2939443214067917,-0.28823877722109104,0.7483770701677387,0.9347289599401482,0.25561578310015587,0.7504793619697003,0.5083765034104154,0.32949598188623375,0.9197527660044333,0.8252522495042146,0.08904164611268162,0.7942573641877039,0.30660382305048894,0.06181005482105695,0.14984673146230565,0.7436759732946193,0.33971577567515776,0.3496715169732556,0.10881459754412759,-0.46054244003425526,0.3676487978889015,0.34223915312155095,0.13925408391028526,2025-12-13 12:58:54
ح,0.5714994981077494,0.7292311906057961,-0.012978866523357668,0.3471045606169362,0.9911319568867094,-0.47266798467157367,0.06878401319780503,0.9070523601072188,0.12856538082164792,0.4820838280826627,0.653193691927889,0.4264379772573895,0.18060522075683627,0.3164577194766659,0.26227607642974227,0.6227693421227662,0.23528393265751002,-0.4491401478121335,0.0007480184456203354,0.2131692100103969,-0.4347464283074818,0.887374240232186,0.2813754685990527,-0.35750017279306,0.6474635950600321,0.40918093183599935,-0.4836734144993641,0.44793588072439994,0.33479078040304044,0.3100401329124651,0.47321875329197594,0.1773672911709605,0.03142548493677888,0.6975829156883533,0.19601335725396707,0.1908824126565133,0.41707530246892,0.7703992429103039,-0.4850087899940174,0.7405358952965424,0.3796723509745277,-0.13674208035112734,0.819990074291517,0.44748664196562826,0.3949371324546611,0.4291603283603479,0.9992630687377606,0.3748437871351662,0.5924171949458583,0.42097987175825635,0.08244692424599165,0.2264880432704105,0.9030329223748287,0.025337135380786524,0.6337812638268446,0.39124191317147616,-0.29372743819160363,0.9155004520971215,0.499825478187782,-0.4014171490509203,0.9924979334222616,0.7569817713614152,0.15013406506784854,2025-12-13 12:58:54
ح,0.9850048508025531,0.8643631279373767,-0.4098202192096805,0.9041254809836448,0.7555728448337768,0.3634906327130193,0.479772261248648,0.36906673356165354,-0.3689720956667417,0.5562569093223556,0.029794549411435445,-0.2692083677518019,0.8119603329111251,0.4368823951052706,-0.18882043879595511,0.49946044928244804,0.956162905095385,-0.09635443244504771,0.5665523669646025,0.6480197328798974,0.46016819055189095,0.6683436598466248,0.7179540758664967,-0.2693574376460949,0.35567276766497224,0.447962304748446,-0.09581182547717049,0.7841747333815288,0.3224501719529784,0.36174250407847974,0.5000154106856692,0.8309469539548948,-0.08375717225735446,0.18962947197174607,0.0883725189070863,0.024683131967087824,0.9546985900426488,0.28706624330129116,0.43695157604019763,0.452280923741318,0.9648281918547539,-0.27284390097349975,0.6785925446975081,0.8181791372822952,0.034167328355797166,0.22821875761765853,0.4996230336831864,0.1775682699303539,0.04563070592906093,0.5293827222346537,0.13031430081949624,0.8078585306069536,0.6462501548625252,-0.10739575944848978,0.47680238787755225,0.01023179424970877,-0.4212556381674948,0.10450308100533301,0.4389690207524005,-0.2610081879039928,0.5960910288763501,0.13553194307010175,-0.40992504988729417,2025-12-13 12:58:54
ح,0.8221161322912682,0.6989419296434951,-0.32211326192214174,0.8949609000716072,0.5433427678682597,-0.041590072298666625,0.42958057416628637,0.49912623398002787,-0.26377810670901114,0.6052052489614834,0.6221912904149951,-0.4660607902193321,0.9274146149071714,0.5021567963564408,-0.13624311239257203,0.8856795813950318,0.7323191750934073,0.06591841550285682,0.4923559403605232,0.6098224180201988,-0.11146126698161885,0.31691484953923676,0.18723937227960807,-0.4314312916478874,0.292637577866093,0.004773007356490888,0.309489473827945,0.7156372364804005,0.9440781947110373,-0.4498878323724468,0.3032147760941709,0.4306976617602096,0.49151606356149613,0.21810172113327742,0.9195622467961498,-0.3931704529991986,0.5162868217303651,0.49379654452909605,-0.32352626346491553,0.6912254542970075,0.5231060646965757,0.48823890920715773,0.8098350844705384,0.29385851016164066,-0.4836537202230251,0.8208215144273182,0.28479450968699993,0.445825051060292,0.554699580624295,0.29206806172578403,0.4078323540419201,0.8946298862237723,0.10289187238648734,0.1760077203141247,0.29431727864761903,0.5917125045526601,-0.07965460549683245,0.8129981253692069,0.037868687414327806,-0.34651604472826636,0.11931537858548291,0.7886494038983997,0.1681989541846598,2025-12-13 12:58:54
خ,0.17029581349989686,0.8288060969293322,0.3689522672496208,0.7900708402901684,0.584268215770306,-0.1604237455478833,0.5298821977446222,0.5072879810716198,-0.05144451354778656,0.3985761000849749,0.6763264855163922,0.3212565149227026,0.09683449592610616,0.6365783911709476,-0.008259815171752338,0.029972621517594833,0.5551210617719071,-0.27106038610165395,0.970202673590784,0.7715048893790408,-0.23994240984756,0.16924312650226936,0.2641649775535122,-0.20656054451213457,0.35391935050928125,0.7906485454345733,-0.1572280808705694,0.09562988164288166,0.8762664461296678,0.011773869520169011,0.25130236783520976,0.5362168598808675,0.16858254695865627,0.2146004856101782,0.45991737928120313,-0.37309065089593874,0.2515156138957141,0.4622788993456336,0.3589341721601125,0.6487324275012557,0.17835899012391487,-0.3967046241923232,0.3947276067670976,0.01352440085427531,0.15521619383245766,0.2904000385143676,0.8425817741834853,0.10721487784863548,0.18150571668856152,0.3661170826347967,-0.45643628734871466,0.658777524237411,0.682869351114409,-0.32828035021813007,0.7148729777902975,0.3651690177549586,0.28921090734508026,0.8720609986878198,0.705945972786851,-0.08843774208033428,0.7423960276524614,0.8754003762685831,0.3150325296897789,2025-12-13 12:58:54
خ,0.6063521388578123,0.8314996383447,0.39728382699735976,0.6125507075477762,0.7245978860896315,0.0273943354159073,0.668089357425385,0.2765254347621975,0.2530600331133922,0.8935508786432385,0.7490378011264067,0.10259878228120733,0.22794223476370867,0.011114616099589858,-0.43060949236272206,0.5829426540196608,0.6854771535201818,0.2655813699050995,0.6182708487073105,0.5912204561221744,0.26495765093690604,0.23641091181461926,0.4848012072673431,-0.41144936748229033,0.930012491546301,0.8092045450258477,0.21053448137317166,0.3704102470464221,0.5993986505191126,0.49238221799162685,0.14310712080537424,0.19679104207323506,0.11931247848339921,0.44398028663129896,0.7780706760311272,-0.46733224189321265,0.8605332301977404,0.1991401118219206,0.41895354359353376,0.5037950827501407,0.9275538062717774,0.24731280430089142,0.7899601469602933,0.5904265250519398,0.011971837737872693,0.7991832255968827,0.159983375937798,0.40836254294162155,0.07712433974354838,0.6267893869330624,0.395159342063365,0.6344268438924611,0.7561393491685058,0.10341697757803425,0.3748968244133436,0.9280400060523117,-0.11224816345014188,0.6801337073723388,0.846111437192933,0.031801284359285975,0.8615288616417154,0.06294541274372878,0.04774072800037321,2025-12-13 12:58:54
خ,0.3484075575583112,0.020517860071885274,0.297864432739784,0.406434242729086,0.21864045503245866,0.3205285653402723,0.6237627760534392,0.6604780708958058,0.17829019692329262,0.08048515391425104,0.31095552416873506,0.3384664273640251,0.9577325499357059,0.5866753524784377,0.4789710590125785,0.03734772564677369,0.4646885599433914,0.3128264310956268,0.24608717303166838,0.05551569476562235,0.4788714345462165,0.2597381607323651,0.5819147809575661,-0.4125518617984072,0.37374671554137373,0.3731778841936546,0.45119851726434634,0.7597219083882032,0.8611599275930646,-0.05857789415084902,0.06579941776563702,0.39224950418960036,-0.1664025648340306,0.9670429332029961,0.1303871298465873,0.15837122568253137,0.0018088113860743604,0.11427217827821035,0.16790378023974395,0.06799997658191947,0.3614399802525352,-0.20439637521944531,0.6248397436892345,0.6541752103355912,-0.2091383080289777,0.3765691380444325,0.9895872849420334,0.1350004552528189,0.5203594274478514,0.7298990696817091,-0.4253251241291115,0.7846479257514508,0.54729758168973,-0.44567537829676407,0.5206339670637607,0.03371875330178031,0.42770156256228253,0.0564978634845692,0.5251075307788589,-0.47659163376650726,0.5796315546723719,0.30860087167830885,-0.10626328402687513,2025-12-13 12:58:54
خ,0.527010535007067,0.2277754803318255,-0.015428679803826673,0.35370200389688833,0.21183469110814301,-0.34604763375305014,0.3718707608189443,0.4800241296381108,-0.014126524063834522,0.36714447729089383,0.4879698918859232,-0.43706167517349026,0.7083671595297022,0.7583729169078195,0.41392707646280713,0.05142628863465282,0.1473873393993056,0.34834349259738606,0.8083204034623229,0.15932995287334506,0.06885137565812094,0.4565793773942345,0.17613565361457006,0.08438114895555426,0.6163227301590076,0.6478230125380139,-0.2929715895994821,0.3627538502537305,0.7471581900220917,-0.3618409409551565,0.13153786554955904,0.3281225608776819,-0.41380951712533387,0.6998027240195912,0.17421731274863084,-0.3150794734199127,0.061243048240353204,0.5180491911256988,-0.25421455620809763,0.6758117895862372,0.5536576475936962,0.41354799030821654,0.5691363520722545,0.21797268202226716,0.21446875789730802,0.9140776557128955,0.7559997792651824,-0.24418190766530756,0.6494348305439132,0.7243793706659563,-0.22298088793875148,0.9243495460138696,0.6131624243197727,-0.3177324499668589,0.3302439269573174,0.6109333072068469,0.32184186376311896,0.623217502938107,0.317651254594839,0.48762643691568697,0.9033492577884151,0.6516451758602788,0.1605515487140623,2025-12-13 12:58:54
خ,0.29476832515046414,0.6496568459695484,0.15574560421696504,0.4111993925742924,0.8375214230132842,-0.17099173879074603,0.2563698213748986,0.21206488376842614,0.21240131055907074,0.5034617793846382,0.23684084153815,-0.21232199222522485,0.855205830635681,0.8590584057790285,-0.2553510706938351,0.6041287862359316,0.8247865483945732,-0.018178494509888177,0.9821776251073804,0.15656785933552475,-0.2905906028838984,0.6081965585747289,0.9529145028130055,-0.0385021779922009,0.3682753901445984,0.7634886912536623,-0.3866235202131937,0.25643762172437645,0.1388393174171656,0.4602032704124913,0.2435422594184007,0.8685131151863056,0.17723025698311434,0.3309979500008061,0.08358537416599343,-0.2677723361219274,0.09311169799608088,0.9343053889703667,0.30068420129969176,0.6001757332720462,0.7226838533063806,0.3888128501812036,0.5506748423505694,0.783277793401408,-0.3074250635598179,0.541804498817664,0.3270246607100107,-0.4894581904658236,0.6029719160076693,0.22383165013996276,0.27947554078957015,0.7431553380162168,0.29304050147148564,0.33506427772182945,0.2168793805778565,0.9126717039507376,0.11803724241789637,0.4632781334767332,0.450282260915682,0.1757830332950262,0.18732808595022943,0.053851175321748324,0.46173755634844793,2025-12-13 12:58:54
خ,0.9525305186566978,0.4745356702393936,-0.38967509891906327,0.16592875673597385,0.681772250073927,0.16990014626415662,0.49062395950307003,0.6595915812670788,-0.2610872372796468,0.298612665185807,0.7093564554543932,0.030633646345625265,0.45978163567137376,0.3947476279111398,0.09527499080622837,0.7134658985822939,0.5145161630995316,0.26614113754538393,0.6228880893748874,0.37173128602061434,-0.12258250434776974,0.7118573390884249,0.7158850379337017,-0.337490413227018,0.4852429377162052,0.2825954125315999,-0.03865450019671668,0.18238610688883405,0.8052478458928534,-0.34909349133937384,0.686902758172043,0.037071738856831904,0.21819070390015027,0.996200791576177,0.9848751326908263,0.3088732779410235,0.7634196445815963,0.6863891898810208,-0.26631984355241234,0.9132585043344698,0.23603526090926952,0.4717204792875861,0.31295958601717266,0.9520448026860965,0.011010552288908015,0.9583968402187515,0.7365621999097353,0.104206833435594,0.36579481168475336,0.22066157379793805,0.4497397099443857,0.9021019718800545,0.5860198704512797,-0.13610838263332825,0.5052374733379809,0.027347709305217682,-0.10276101331544396,0.32741949611311005,0.9109765315382734,0.43081950106116373,0.5756558755246948,0.18684826729802229,0.24333086312762497,2025-12-13 12:58:54
خ,0.5669960789028455,0.21750731424953396,0.16519960704689984,0.30565834696190697,0.5825715295867416,0.06628153330730002,0.9949192137646746,0.9081780177529697,0.036463913404967574,0.9264732498523963,0.8548504828463815,0.10486092715438322,0.8630810908990717,0.5894949272132302,-0.14209867297912127,0.4939736095347108,0.975705032742637,-0.36268138155197427,0.05898875581651297,0.36377617254031747,-0.3234415838364484,0.029400751499819022,0.8439849157847324,0.40617442522250036,0.40336439265733015,0.9355542658121652,-0.4519230666013162,0.30524250301974043,0.017906912573181555,0.2957912118238174,0.7864368757290308,0.7849474995848389,0.2761563582852766,0.39312183821680735,0.1044419850812296,0.3595514416075678,0.48766208326614024,0.33155798489215516,-0.06811038281866666,0.8855993789679295,0.5765193456755219,-0.4954321560884343,0.8856407800571736,0.2958487389950386,0.1323441457220852,0.02665663916603045,0.2422876657799008,-0.20886623398703963,0.5917979915914489,0.0023818139869374866,0.12219420341121612,0.19692367960069213,0.9561482790256512,-0.2106998223442067,0.5629191224506029,0.8342220228342822,0.426772307261435,0.3764870356012052,0.014057496174785022,-0.46843583891012786,0.19619803751157627,0.6002466533815337,0.10795973715374141,2025-12-13 12:58:54
خ,0.5275357515179222,0.8587244525606462,0.020320784702755224,0.1073700616373835,0.5860682256579877,0.10989823830974654,0.3732738023714566,0.11719100878223809,0.337641397146325,0.8157693168889076,0.9532706739461014,0.06587806665413753,0.7293777767683312,0.9723953391556909,0.2234606250176524,0.6809692907969571,0.7063432189029233,0.2764655731316995,0.6502341306687054,0.35442610519699425,0.16939213932709773,0.3209365171294689,0.18272748749435352,0.008127697068527229,0.4379342617313482,0.668817760687027,0.22694577538290872,0.4219657651312172,0.22497845541530848,0.12165728635287887,0.7219130237163878,0.4522262742701867,0.19206292347099563,0.6081838249814647,0.7878661905390496,0.33997409528301825,0.6171068117987105,0.04541316249460481,-0.10128931531782093,0.8426706715535116,0.5775491348916185,-0.49388907072862087,0.5247920936067866,0.12453738626808164,0.2370230354850179,0.5533488970913003,0.047863793070420435,-0.0912033902353665,0.44256724961640836,0.598119835879391,-0.45467496919719375,0.5894309282004304,0.9525004221600655,-0.39805097712114457,0.8646635779715142,0.3822851122057731,-0.47681013474953193,0.6077893114999927,0.08821603331199868,-0.1178927497932899,0.22368344792166628,0.5314978983371391,-0.4828666953848304,2025-12-13 12:58:54
خ,0.27960274093221693,0.579686950965928,0.11504958355899353,0.09711243566122463,0.7456619882305108,-0.1369378962723491,0.0519675694206122,0.9985180173721422,0.005463345244577367,0.7397725233620184,0.7597082218846759,0.2837637971797271,0.33009274480909667,0.09628288901885174,0.43647969344363335,0.44994473988664685,0.7458443401327288,0.1228911800747553,0.26377083179486116,0.18876491517138405,-0.03705296271392455,0.01705764685923583,0.8000447763132692,-0.17667791654762954,0.9616945165492626,0.8018346607141676,-0.015914959960335207,0.8657484201953265,0.17818906679615565,0.45060142000284653,0.43311283060783834,0.30635894625312854,0.1343877798559494,0.33395102134467725,0.8222729075916475,0.3747306807004608,0.718152963753335,0.0673488168939389,0.2602720385395251,0.3826626622245566,0.027608844967785817,-0.041923060466068085,0.909881996228526,0.27863931422007515,-0.44499323349199027,0.06024869195272875,0.6876895228753266,0.11204439507183406,0.45834573669123146,0.08667394333443024,0.3585506336694305,0.8056833848012347,0.2366705547372644,-0.3756098562026353,0.6548860860548484,0.05508276921378841,-0.19337253369031482,0.05595604642130292,0.7526005089189889,-0.012773250125390878,0.6170398514052814,0.19379246262602023,0.359595010896114,2025-12-13 12:58:54
خ,0.19462672189284358,0.6033366711995002,0.2780199303153733,0.0620798162247731,0.15333713949949201,-0.40028944095132934,0.33599611485631375,0.7954908987703484,-0.3185563290538369,0.9877603343070858,0.970678038744603,-0.2654913044685687,0.1466791581334579,0.12471376226868591,-0.44217816696002366,0.9526842001963194,0.13427547314464638,0.43325797537628274,0.7737901251770329,0.5246766388686568,0.09449360900221682,0.7972351357595371,0.9785465091689938,0.42980580197341434,0.939390758124315,0.258773339902729,-0.49646003989359255,0.05433737522905635,0.887183223190109,-0.15938935884170313,0.8482083008571282,0.4049066121454523,-0.09153627618358817,0.08072638568584534,0.5270756799524128,-0.0935268887212588,0.19502330535520662,0.24377235416473253,0.0585888609107299,0.17216141575878208,0.24507256636157493,-0.46541918507020563,0.0816572374268375,0.8498790302965837,-0.12416861616487895,0.7784401035641415,0.8561936956744091,-0.18605894371170661,0.42478960363188234,0.9776895919059878,0.409649411134406,0.39997810321254745,0.13454057412722198,0.034598740530012106,0.05142262291149524,0.8531026835138872,0.1589188334996805,0.10892233932882789,0.9797503448026372,0.27021739302256476,0.1850919052848451,0.8039066410001233,0.4353792799358692,2025-12-13 12:58:54
د,0.24821827399102991,0.7173011798962355,-0.493568289208978,0.9507840155101588,0.2579373443058419,-0.15236954269963487,0.5735229597726786,0.4373305534573553,0.09939321221930109,0.3760484540705201,0.03317391519834323,0.3177227467881878,0.8579000265681769,0.8941902894744104,0.49506141474090903,0.09257826328568375,0.8669895938481229,0.23359387987184133,0.6548481339797704,0.15387779124760748,0.02319873046231513,0.03850116110477875,0.9976004547331901,-0.2864838717039523,0.7572297909558005,0.8776593010298938,0.04547010367123294,0.6203110588005829,0.16822957099536984,0.0436962887468606,0.9032130864510362,0.04303748903532445,-0.15639646179194566,0.7184071479501817,0.8122952422185279,0.2933582822292893,0.10127604768794074,0.9956010766499527,-0.4895195573644341,0.6044698882018771,0.04254531963466612,-0.180399925807172,0.23667332191148116,0.8811109482903202,-0.27501076340229935,0.8050560075318011,0.13318827622753182,-0.1713251324035523,0.9716551331295255,0.23898533665008548,0.315465467638255,0.5274402480867831,0.6259191629430291,-0.36738422101532797,0.9799024963642751,0.4818600376150364,0.4505668080945344,0.4338749437521402,0.010665480327492372,0.3869289815415641,0.520706370498689,0.2841844871041127,0.21202792247204716,2025-12-13 12:58:54
د,0.297719673033501,0.07862181013477287,0.47292163667339193,0.6871371698144735,0.4317502200021792,0.18204133948775647,0.6200742694203621,0.5206814903340657,-0.4542124977983645,0.044967067658796545,0.8150838537275249,0.36272219514906556,0.19760463590350796,0.3654245894673074,0.44486673336292437,0.8608050612820634,0.01503721719193929,-0.3616231674236712,0.72857704180126,0.7971875237305865,0.18557469999254617,0.9637982071055532,0.7879866776727443,0.13650318869214983,0.861466485027722,0.7065700163699974,0.24622405939028702,0.701059817334515,0.5107809285654985,0.3765025544600523,0.8498912025137921,0.5632492553651333,0.3903576960701941,0.6077106959202105,0.06446051660844965,-0.3353251054152778,0.10399299295218145,0.12910768008894125,0.43846079109512726,0.176293913913928,0.01951750675347408,0.14357745603229444,0.671652196982542,0.8256350704526924,0.2072210817320722,0.7011984140857582,0.3606579527636875,0.3875952488045261,0.011810516942844407,0.24460967381566745,0.3545001005177044,0.4472173425979463,0.134773718272425,0.007970920036910134,0.9341993574664864,0.42265113474981175,0.3718653133998655,0.9145993761323257,0.44393654695821017,0.04183978049060022,0.6741183119094144,0.2623580097344981,-0.018034352344692417,2025-12-13 12:58:54
د,0.5405159980778934,0.5014653746673299,0.4884851504230684,0.6334771386212584,0.2695011227949041,0.4567013214052359,0.14288836313881104,0.36885424237549247,0.14826763691114142,0.6560821780740267,0.3768687675927951,-0.07102434444204364,0.35520622502469446,0.5887473862468003,0.13460242110695153,0.30772587254246586,0.7455196443989084,0.299528727881585,0.5785510195709569,0.6573972848751531,0.3163927711286525,0.9620975778879408,0.14264074158395046,0.1262441709951142,0.6228925688207856,0.13460412217316553,-0.4010052968011709,0.033309787362376775,0.0072214876278994256,-0.4532394079269587,0.7923963224089942,0.7427808064729625,-0.030304961166162103,0.3926660308255099,0.7293316732728785,0.07481105298197777,0.3883857405757052,0.04947233223406933,0.46459354987454726,0.1956181350221058,0.5597201345855984,0.2088448874919817,0.45632744572565154,0.2891134433866288,-0.298203252365313,0.032410358239835735,0.36557051257142537,0.03511202884938658,0.19976579672954142,0.40391881133336005,-0.4679278499809404,0.6685909323615091,0.8129120858579401,-0.014349670087405397,0.900154474503049,0.46294392768695236,0.37694172933378556,0.21599648784773684,0.0032446101245278136,-0.3349965447609965,0.02693737351459269,0.46539540004383606,0.28718335695647723,2025-12-13 12:58:54
د,0.16872193581307482,0.46881086035582364,0.45878453766924365,0.12295867032860341,0.13949564306505868,0.46114490035040856,0.04324090452842422,0.933210893316826,-0.10483713482905155,0.901133168268007,0.751410936451539,0.1354618483749196,0.07237195237346616,0.7696103435085405,-0.06291920254890748,0.5013069535479444,0.2739454438982505,0.0273912023760976,0.8653034249871818,0.6992263704792031,0.22441243225823404,0.290288032327785,0.5060239887481829,-0.14732574219260686,0.23730503968392136,0.4020355034882912,-0.04760110124736883,0.9374895414383143,0.3997367261080035,-0.31925587091505425,0.8483320029037132,0.029383041951354882,-0.25294728057987415,0.3381034956574115,0.2629702569323783,0.45735850299856196,0.9497229021021829,0.564729686081808,-0.13877047790014274,0.43391389744786113,0.31230970766856914,-0.03963616339790432,0.23652728513850618,0.9129725563209653,0.04224652075322577,0.5964780303564824,0.005725533447449194,-0.3898147888067077,0.8273642045862547,0.47670323465403064,0.2623331564985609,0.586465532813895,0.5562985533979479,0.03398381446723964,0.570123533854675,0.6494352686296856,-0.37658828365125163,0.4980991432935524,0.886935693327266,-0.04644832988040659,0.42926284285975247,0.21359382486105116,0.025372604875043114,2025-12-13 12:58:54
د,0.9064200882543418,0.28798953917984116,-0.34676743247564223,0.2985793517005081,0.6636306143516666,0.34924810524065564,0.4480064807194647,0.80109474883118,0.11613929347499119,0.3204603997203742,0.15830793452322334,0.29828126387505205,0.6675041410758938,0.9317398148499699,-0.49065261393141524,0.7559540176014421,0.4675212462024929,0.22305516143753779,0.7103971642164746,0.7153827416719253,0.2922974968807224,0.570822293503751,0.282262973859137,-0.14136588863886446,0.2143101553282526,0.43782603389412444,0.04186692777799583,0.16609942964564095,0.16786746884966786,-0.45284186666565884,0.011613383239599373,0.529182097722264,0.26872369320149003,0.5757972272661063,0.07314254098755424,0.0177737846913395,0.32795916783828827,0.07454503303309301,0.4532823624407014,0.26573106868842566,0.9237557527263482,-0.4403024114526969,0.06034815405147709,0.607783288482262,0.17334343869659563,0.961014723150464,0.8750444258930826,0.33154761371511265,0.055233161696785826,0.955260292402774,-0.43958786712189957,0.9862436482585478,0.5707972643473459,-0.030704600684027583,0.12316887202427507,0.8255017743143745,0.16738668529370104,0.7176383939850811,0.593537273306009,0.2888824381878705,0.6230976006852974,0.9546189917403286,0.41929185365991173,2025-12-13 12:58:54
د,0.7959209370480812,0.6854707779799545,-0.2567639329734449,0.32455797422245025,0.9758356671903403,0.2471687574082012,0.23566047588360428,0.19831402631354622,0.27279346520311876,0.22552715842901883,0.3187228141438746,0.3756269230677288,0.8588595535585105,0.5321575093727093,-0.3698794809463395,0.10184606538896213,0.5957855660434827,0.04466351306771221,0.3357879678204069,0.826477257294325,-0.32648116393993243,0.9071820574282112,0.09558744160770327,-0.27729036063895707,0.19343301933324497,0.36711844628557244,0.09192228197487651,0.3073647602490509,0.7179634716276366,0.017908980876651714,0.8358910791204824,0.6492658977684624,0.34423820491876067,0.23104353942760814,0.7407904643201082,0.4522068443597217,0.4442779973935793,0.5968374781254563,-0.2434046586260773,0.8758559583318698,0.06478377719942119,-0.452711708203998,0.7018150548491556,0.02043300642479573,-0.3898346970499168,0.39152784790776096,0.8492094437363268,-0.07077141346319149,0.8609560541109521,0.42493149822246945,-0.08082745406546532,0.7525634881096062,0.19490314353222715,0.39208932545438935,0.18225183895973773,0.8498884592820478,-0.13311798804934005,0.4512126315916397,0.12856332012310556,0.04574468799907627,0.29179942317243635,0.6991873935280084,0.35991961114714155,2025-12-13 12:58:54
د,0.10234047613009922,0.42815532236728004,0.019059222133860465,0.06162787678206316,0.12098479304297005,-0.3785722085727664,0.3639992566325656,0.45219640723520704,-0.31106134793811857,0.5362406392258273,0.09066002412425966,-0.3520034972145296,0.47815278521545146,0.9248344796531374,-0.1555270992031802,0.5755056173424759,0.3282964014351729,0.05742541109646182,0.1250728958843803,0.5375017774695503,0.17779764700160572,0.9429831795019209,0.9968359074046953,-0.30943106100621676,0.8031048764562032,0.24346076636910308,-0.016710311341191608,0.021855956720869374,0.29587415257517635,-0.21647798656817996,0.6130700749015141,0.2681370122524983,0.35848010804483377,0.9243228610597746,0.9105607985134448,0.17587229738522914,0.31089414410228966,0.8999522922956075,-0.23973201814449774,0.8036367769483299,0.9558845946685108,0.4974951238562494,0.5581912083842339,0.798336835975737,0.3836605370448165,0.13157325317984303,0.8218027443477273,0.25874528059655044,0.31217106836490816,0.001432470402642716,-0.40268360798587743,0.010941835253933885,0.4462647199902089,-0.06745502446167695,0.4690856416034541,0.4812803397203277,-0.019805065772767527,0.18205032722202574,0.6247822377547935,-0.17228820056140715,0.15154792431096464,0.9136759431238326,-0.38758556208118233,2025-12-13 12:58:54
د,0.8188699486414897,0.18575822242600626,-0.24354556668627414,0.6068338431825753,0.5131351947407014,-0.41778463179402914,0.34930450079368625,0.821050539118109,0.27473487622696546,0.01319755513519627,0.04787622978580541,-0.49043234135585534,0.901351468183865,0.509059177855938,0.30113813167572057,0.6582558027486405,0.3337821963364457,-0.1204705769598925,0.5102233847683012,0.3122533177049379,-0.04498870428988022,0.9867749979439618,0.8789368542847573,0.09368361714949425,0.41439656086518284,0.3827467364955339,0.2919830335280321,0.8203110354740718,0.2239138069843717,0.3232305863833337,0.7191496250627816,0.3992021403672694,0.2805256974095336,0.13728400296255283,0.03106633539600767,-0.2917087739923314,0.46747036220865945,0.9405921851852479,0.3372063847404777,0.05368199587891054,0.4095082986293761,0.40158980926724386,0.20539132845003816,0.7418490441443183,0.4968225294399049,0.804387361411743,0.27949102946415116,0.4099498546971835,0.5541899957629509,0.7288028533842958,0.14780933797894202,0.9200783767119595,0.9240204365031894,0.2670394328108533,0.8514724730413412,0.5064090751442424,0.44950261096346267,0.3940456762685425,0.12523694077247305,0.04046585873399511,0.6581561255007936,0.5139451520204112,0.07698952347592136,2025-12-13 12:58:54
د,0.9311005373423313,0.02051091320283238,0.2248786808393134,0.1949211379269642,0.42368514920980616,0.07214920480163911,0.4258522512782341,0.796421265161115,0.03486783212744149,0.5570823990493924,0.47597968620810127,-0.4938548131531034,0.9720416294600148,0.44463367902936124,-0.45086147992749503,0.7622632988461506,0.8303869961181463,0.430293999210963,0.6229319268863477,0.2804511238057513,0.3160727584727939,0.36397122491062894,0.2907502631795754,-0.051668886962282445,0.6514626504253791,0.8049295593661482,0.23473502768766652,0.005309885769848144,0.9225892047383073,0.33260266773712366,0.22322121276103302,0.1363048707491521,-0.4218177758793117,0.9379425817196637,0.7438562637847763,-0.4373413788572622,0.7521375447451062,0.7391632052964968,-0.4069668936934405,0.3920091409298304,0.096876078936324,-0.37489831976423604,0.30062375206541814,0.7360613193212105,0.12806428820880367,0.9352662871350216,0.01600225599540872,0.4907667074493386,0.01741773356126486,0.7085509084257887,-0.27401926737762716,0.6552951033435597,0.09215831799271534,-0.12439578108724392,0.7390157421264967,0.137163392476096,0.061466543302449494,0.1945829153116233,0.8711745250995523,-0.4340381417175436,0.6458106192076819,0.7368350967710985,-0.48726080394586,2025-12-13 12:58:54
د,0.6425871553740652,0.33773425395420986,-0.20529426756268998,0.07117886743543145,0.9984514256711016,0.20481915294161657,0.23949019406693284,0.4556465500959743,-0.2575649675142987,0.417262875760805,0.7905803171049192,0.35451570888000483,0.25221890123661805,0.7121614593721012,0.168131693647397,0.07668915689445643,0.6788839772470687,-0.4467127179654258,0.8112077985785908,0.59656648156651,0.1987194819449234,0.2790297797124661,0.23506740335922316,0.038129412914545746,0.19294703311460193,0.6534092962289412,-0.39650728324642026,0.11019829404098724,0.7298560986013289,0.12401772038801195,0.13898245440492707,0.6689631615589715,0.44377795691338806,0.7924831153055678,0.7927577563529197,-0.408095513374498,0.9017998920924734,0.7263778583019539,0.4615082491477047,0.16738797879894463,0.587422146074826,-0.10741370780343396,0.882133599010552,0.8879469728960449,-0.18113013783164833,0.09437073485284819,0.6064549182278075,-0.12889876120702504,0.6622528574927091,0.9672817835101531,-0.28969357812561625,0.35298534411374416,0.04564001874206902,-0.2700428655503265,0.56230476031889,0.8644709714959457,-0.2268009715929621,0.7277449552492081,0.8362434305281725,-0.055678232463287514,0.7913166460717362,0.45226577527219824,0.4479577272048736,2025-12-13 12:58:54
ذ,0.11489986287325393,0.6997843206533237,-0.2706498016783445,0.4960935072081256,0.402502763778801,0.19452861525711662,0.530578271332168,0.45574025498757076,-0.483638033405437,0.3384387757454941,0.6868070867799148,0.4859371868879554,0.9844010066844777,0.4276232788350325,-0.07880336257972742,0.8347167335029656,0.9589562368935297,0.07118475861798845,0.02910514152749355,0.19431015419050346,-0.26577129949678435,0.3121342745008905,0.09767100323478861,0.1978099017295445,0.6642447868775193,0.4888064811832864,-0.40220751226958396,0.37965965173866467,0.2119659647365303,-0.3650450992737264,0.29949295831041545,0.2718410859982259,0.003048689352209921,0.6993554433849842,0.5540625412010843,0.3077219450646602,0.5661455683472034,0.3974699929668044,0.19443752409304926,0.2775610450901911,0.17087104926380503,-0.34170515984070604,0.4194133635862609,0.014831707209502332,0.42648971581083117,0.8297058774272434,0.4099221249730909,-0.3894946430649333,0.6780087542580737,0.3307958933823001,-0.25215413275201604,0.40119511355395965,0.486537157611302,0.12225306229365229,0.6724987891615951,0.3492019654253129,0.3383733693369938,0.3948356993751938,0.4270064917049078,-0.0023581675331896257,0.8806168689574221,0.7687590368453413,0.0026104170797565107,2025-12-13 12:58:54
ذ,0.0038014125877864346,0.8084269534483607,-0.4826373731806355,0.5180949230019697,0.9002371113790595,0.32410794503431284,0.6088976500155217,0.025136940515066986,-0.12756846547401246,0.8472459806469848,0.08956511272179157,-0.2503743445798703,0.7575513100446867,0.0733971943156575,-0.15927083588841007,0.8744946484869497,0.4844982861110638,-0.3240454165669292,0.45710774155478373,0.010879550229450974,-0.433894182684075,0.6199149801335909,0.6809036903803468,0.301535119414545,0.7414745889304946,0.7619481183377557,0.2523259405100944,0.008703872211036967,0.8601218824720738,-0.07422802458725564,0.6355909130340365,0.1998336833175317,-0.3720918005651158,0.7327675135285168,0.9665820509715042,0.21853165981144895,0.8895853087950774,0.3450682825694613,0.12870749829432926,0.4257573843884951,0.6032509495767102,-0.4773774843711558,0.6632955486991081,0.2979281518578635,0.10489197245848825,0.17754826326504936,0.8464168094035532,0.026844270523874836,0.5833859278533522,0.8187749484446095,-0.23007940803409377,0.9847837154681702,0.9842288831187846,-0.15320156315278577,0.7925044403330114,0.701780697405228,-0.3456787771076002,0.6126146022439829,0.538593187027361,0.3942553967327276,0.8886623444240739,0.9607873529777868,-0.36827189029158414,2025-12-13 12:58:54
ذ,0.8637783450959059,0.9437238933530695,-0.29029201514633374,0.5330903020957284,0.43789404009659394,0.17633828947477237,0.17523156500309212,0.9737199214756739,0.21754899295479213,0.8374533607017535,0.41198881354614625,0.4265553714264162,0.2320281304920111,0.5028062475454395,0.37753462525483916,0.26421746060006024,0.4206472414278054,-0.2589783548546667,0.5390182724150022,0.8969986947891491,-0.486071300557804,0.1278942692916739,0.5547261880036017,0.12932615260766955,0.6986678350260149,0.5076420372683119,0.11296886721525567,0.8253525310330652,0.8277325133576457,0.44184306777272997,0.35557397732400076,0.14005687894044994,-0.18641694641522344,0.3590317316251166,0.7922277886698337,0.48726869704322895,0.33348111671336145,0.3532421177868361,0.3007294847973838,0.16329277535631126,0.03263884315565091,-0.1445789130451367,0.1335676005388794,0.9547147747326818,0.04326135398074504,0.6269830047965596,0.8201931273714471,-0.2102844256666705,0.9989274057933688,0.6260501692795559,0.08211755033499024,0.7427531388941613,0.9518100962948677,-0.341489150027671,0.720695804107838,0.20393943387177593,0.3351224783971961,0.23995699305742957,0.43111141606367653,0.28299131893325247,0.3375400332762196,0.6238079679712342,-0.3296772851365447,2025-12-13 12:58:54
ذ,0.5002923519006839,0.1177236930038924,0.48739617375034083,0.02737292086990817,0.4646947072891101,-0.3430188269346178,0.3860607143739029,0.4507934167225397,-0.2547647301651902,0.0001124656191839879,0.19300104340235436,-0.2509561888131646,0.0019383006712035966,0.07892257216115117,0.443433343437465,0.9391209854588966,0.22021442119732104,-0.0045968598121371995,0.29629866726286125,0.48201718022459317,-0.4272350176491516,0.4783174517569755,0.6713143733742136,-0.32853553797344626,0.7166274535478013,0.011826736163711327,-0.36303940352488473,0.05676427746345769,0.055204918556467586,0.3778179086616098,0.21573385808944556,0.3929396129621632,-0.020688191239164988,0.009050343758255308,0.9784159031592379,0.19425951224140048,0.9224159122948611,0.9053024229457943,-0.4544924920371375,0.6684158083819545,0.8577355240592757,-0.39905301895022216,0.3590717720963691,0.5861264596229729,0.11626230117543601,0.019589938910355542,0.9501912965660649,-0.2676797032554813,0.9177029147244226,0.664578932948925,-0.15209118640483887,0.00036070537443722017,0.45993687421465856,0.20000372229354346,0.4222950106114345,0.8245512817217997,-0.12334900857018749,0.5314419806665008,0.06821707746179895,0.4412698477681225,0.3808724220264711,0.5075338230350079,0.07181671383090316,2025-12-13 12:58:54
ذ,0.6662176070789709,0.3461937112103173,0.22225587461433494,0.4699150084376914,0.8593525031382045,-0.46295326858573815,0.8441732728612097,0.9979305755220853,0.4414358941892369,0.6677102565849079,0.6925177287189749,-0.43665386483215163,0.3639773098915944,0.9192390052157929,0.11214530956719027,0.8994611056322335,0.4627883992846509,-0.154260457867197,0.517035507840989,0.35368289597931735,0.11091619170339895,0.7782974295073313,0.6521081150309327,0.26661213532808814,0.22640676585543307,0.9091756175300929,-0.48986502464499937,0.3491312992124639,0.4898711300632761,-0.3023483916360461,0.5926551321093718,0.3806114650560256,0.1592288717562469,0.7043684201184902,0.1331020826466608,-0.48244067080604947,0.08398679398053988,0.08787399800736773,-0.4029364221774332,0.04951624863020909,0.8930209652522232,-0.21956979090930295,0.4430300747564403,0.42590789179024546,0.3399995012417987,0.04387153229964513,0.28930369524301813,-0.05574772030706254,0.47540213499606077,0.3810778091203093,-0.15135840054244698,0.620366067718396,0.4545518117566948,0.24545201866003197,0.023966406985720723,0.719583130009992,0.4897422204018953,0.19263148220263226,0.5165296066633889,0.305155995899965,0.9255781496225148,0.8072805497481016,0.2453426400280615,2025-12-13 12:58:54
ذ,0.8791653888155849,0.47528708639373796,0.22409826538394484,0.49257155085538074,0.33294650392849456,0.21884199797211568,0.11652165712979035,0.16585149183146264,0.21095053344507697,0.9216184758501488,0.852579640572108,0.1769984906618074,0.010833649127201195,0.9321039470277713,-0.016465296044472555,0.6385179580216079,0.6758645744852143,-0.4745908454096659,0.5067017596966579,0.1886913115716159,-0.10435002381324932,0.8292929589247588,0.4904442419784726,0.29257401258742644,0.9043495440049852,0.32251342126745397,0.39197463232031027,0.1622017425733373,0.23527018148623358,-0.15528890782651106,0.47252338579885933,0.05701915137879454,0.431259393576669,0.5163626803424619,0.9084691632852755,0.14377433589701405,0.7064125125803904,0.06439646809023869,0.38885235313627864,0.12262953556688216,0.8919478004968101,0.1825772994903767,0.1068614030397873,0.7785337167833388,0.19641678920694228,0.32080602754896625,0.3349878462315028,0.20556389013285647,0.32039827071900506,0.6910416584532765,0.42660516790764835,0.5929337020978095,0.5045615544855503,-0.0723139830283247,0.7627220468957714,0.11899432597715842,-0.08159908901221136,0.4686315454478519,0.6341424002451836,-0.21626911750943267,0.980216570465274,0.7877234152257514,0.4418479637776902,2025-12-13 12:58:54
ذ,0.7697383753978222,0.843304097041757,-0.44930002493789223,0.6239260175232415,0.8738690364816868,0.40866864592065033,0.8441816224796885,0.5085346418349531,0.0149177791835583,0.2016389719313525,0.5245780762959289,-0.14805015275639655,0.9565015399833984,0.49875910340925833,0.3839709431411792,0.7113320255256652,0.9574097503027331,-0.16900334578193654,0.9442124860227495,0.5391062512618726,-0.3616965106289036,0.4452440247675593,0.37324474702755994,-0.13931972303235474,0.05069824039583992,0.03347479404260023,-0.3547762128791767,0.6842528650336288,0.503341225831066,0.30513587163648215,0.6081985539882016,0.1565407327390852,0.05683077788431756,0.6069426755546244,0.7427782662324018,0.13097504665734383,0.506486330273712,0.8192334380499238,-0.367932651129229,0.1277545986307964,0.5721278646393199,-0.496831303219163,0.9777634887123773,0.6123946683892835,0.4213979107071283,0.23584589262954114,0.04128248822862157,0.2650299813700755,0.6056738122377866,0.17174921814366517,-0.4094775596040414,0.7029346331757601,0.24206238339875863,-0.19912900470022965,0.6003019758355076,0.23033799352550222,-0.18201637229286893,0.932924638974586,0.16054930286346536,-0.01765742826690142,0.2520045541611824,0.211290087545296,-0.23694561981029882,2025-12-13 12:58:54
ذ,0.13726505917638088,0.8709510882775309,-0.2665949862606368,0.5262968512481618,0.6913712940485238,-0.20816141424999712,0.2960565682923606,0.7041147521905539,0.23428254234256374,0.8719715676555261,0.8248726162368859,-0.12132010715821195,0.17037127507971372,0.8165196093666367,0.36196520933650245,0.32119948596494186,0.6926219467862391,0.45171629551340076,0.4457000184064024,0.6831633418535257,-0.059941863145441476,0.03785409273472906,0.732717621644005,0.04623128100878837,0.14409074162958657,0.8755608720703512,0.0699594514297488,0.5602486599025254,0.3877365674283918,0.19705449897033345,0.7759081171366943,0.7351391327517637,-0.0911950835367481,0.18001662814760744,0.8355128791557377,-0.0363023252188458,0.057742662618432194,0.09372894773018847,-0.3624413179092911,0.9952689618189797,0.1635387942893458,0.47853087141737816,0.7842432391127097,0.5644522788389837,-0.401195244234681,0.20876265228109225,0.8104608196051106,-0.14691199286197343,0.8941388374100346,0.2855836510634623,-0.11698464933986064,0.6522229386908444,0.21549021507718868,-0.0996395859927931,0.055746809067791614,0.29221075489176274,0.289830974764682,0.9694483800668947,0.33070862090532416,-0.3006681954310456,0.6524539331969944,0.8080738362177683,0.3246844039701209,2025-12-13 12:58:54
ذ,0.8249079717617908,0.3416934222588378,0.2737225131665064,0.343404413255888,0.6241240686146308,0.388313453727802,0.8468569625796684,0.7059465160874002,-0.48644401733024767,0.5343823561276078,0.5124261801397273,0.04668555903392535,0.36593643369199524,0.9706471906635185,0.28864932714427993,0.2704101718923615,0.5976571897031712,-0.14771324199943048,0.7601664787000064,0.8788772663548596,-0.37050057171509265,0.5685404477665904,0.26451966123508797,0.37469137545822895,0.19611597729167118,0.4873300996431864,0.29064329618726437,0.5221665786428127,0.32835196829888025,-0.27843647239508984,0.7199551188434272,0.3369797107929311,-0.02993774515927461,0.7611493118206222,0.18564980791317565,0.39020207730061296,0.5689933865327843,0.6092788976360461,-0.2825090758893397,0.31436700121576744,0.9747071594999517,-0.04380916088349385,0.5861311799536263,0.8587325462515867,0.35166406957110474,0.5798286386370773,0.3129133677869175,-0.24460843563997392,0.5021469906889043,0.6917687496243667,-0.2878313687109242,0.3189075409191664,0.20006204549875073,0.35237310887043993,0.49644892844808663,0.46408581627454526,0.35625858783420694,0.2943797279507132,0.4851720562145764,0.3735105362274105,0.19841292776585295,0.0630962743124488,-0.22267371129167346,2025-12-13 12:58:54
ذ,0.7775435180520999,0.02587987305636319,0.10527228254132348,0.3651227285197499,0.13984813001342922,0.409033067097457,0.38993642313630406,0.519098359386444,-0.24285828663415165,0.25619974490285957,0.47653676144458534,0.41915354928342863,0.4727629221632482,0.6448021754351801,0.21611528942629066,0.44583256878344835,0.7898149724858371,0.3163035537495221,0.8496906099896891,0.9440006079883175,0.3519457049053212,0.21189404905302078,0.7985329704599818,-0.42336144804412923,0.5450601158631135,0.4447937146586396,0.19009480130410827,0.6242965612601993,0.8170773115486133,-0.23312561263011,0.9801428148976392,0.9091821691320916,0.14571732694494377,0.823226316929869,0.5659808879913425,-0.04085596543046821,0.6585575686818297,0.2631274741655468,0.33653115150260715,0.5569671398281828,0.4935828248075148,-0.07891609039721481,0.8244907615195751,0.9815967980130083,0.2642599556524011,0.22196009707254472,0.7116158015070078,-0.21858918563553442,0.1520373096632185,0.7924744918130251,0.2682956204373893,0.09379164532286732,0.19557622158158916,0.04064076950239548,0.8813854346220377,0.9655387974901901,0.3244666827003386,0.8995334436033967,0.23166910871956903,-0.10672769760781031,0.8641436130747329,0.8100831200568412,0.25410643991977055,2025-12-13 12:58:54
ر,0.09829466204249482,0.6634410486792318,-0.4762397294834255,0.3164617590959514,0.8997407930102841,0.3754044994361556,0.7616048238557461,0.0040650194666823625,0.15981547539446128,0.35187956175006097,0.43768578623763466,-0.34858096717174414,0.2539854147733904,0.7719275659442942,-0.19952315705212154,0.4741576669192583,0.2940572110896853,-0.4129607377100739,0.45607882585373793,0.351688031488414,0.02005843501227178,0.7305304728569388,0.9435769940199944,0.48645121781145884,0.04230892469429848,0.1732483390332883,-0.1730985291095557,0.15187918721945737,0.553333061404077,-0.44459562809481723,0.14980756806559836,0.31830745531537563,-0.24928610383061978,0.957858796740581,0.033829305053160286,0.1269237106580815,0.1851405208431085,0.787500680367144,-0.17263599035420985,0.29022109991078193,0.3967422786103998,-0.16986960477101087,0.9947766299534903,0.868877339968648,-0.024494441738088457,0.6977108336175867,0.635979488811508,0.35891554331717745,0.8921295718402694,0.4786655657471961,-0.17828965272828712,0.31764625925403045,0.8795128731463702,-0.43388165845351667,0.15959976954339394,0.517161514566955,0.030645310275898452,0.2791285640130625,0.6973527244367289,-0.028446902387467388,0.25137218289884367,0.4634630466782004,-0.46257777100585884,2025-12-13 12:58:54
ر,0.9275978722505255,0.6271957460455757,-0.2006598866966609,0.22544116493948352,0.5021419840830249,-0.47048628372647416,0.48081550281919994,0.08429710320407746,0.45169562643290695,0.12074315443090644,0.5776727692130121,0.4242330574730674,0.4338126833143958,0.6527577470621129,-0.3746197010590462,0.10955544447433985,0.8901208266328628,-0.49056934741386604,0.9254985514120635,0.16363206428289012,0.04756710723229396,0.914061207452669,0.06371133254909622,-0.19899774147848015,0.37545560887599916,0.6134539515279609,0.4193824743923593,0.460426025878252,0.3331708688927296,0.2961951787407844,0.13522039730042545,0.23880144784100077,-0.18591068736909178,0.8243114034181735,0.3612038566134178,0.16235158231725721,0.5733667590994923,0.8216401554026955,0.4554180000167922,0.28124749164923935,0.8983686097027136,-0.3705713748563978,0.860089321426049,0.33358815251439855,0.3094622368865477,0.6858661230665056,0.8600295718642693,-0.35603533311912805,0.5962561770886836,0.8952850002346945,0.20155270736838315,0.22066061290468797,0.3320678050768383,0.3582945857860893,0.3635777223736707,0.3460816829554778,0.1769327441615015,0.3515329119884161,0.7858795186702704,0.38338041345407214,0.602401979770761,0.9085078584106852,-0.25700630518175593,2025-12-13 12:58:54
ر,0.209095751652692,0.04965084430603173,-0.09848402324511851,0.9422981931131954,0.09919799894974113,0.19727654745152023,0.37892014186556067,0.7857399368592716,-0.19027503860686334,0.4944840036733239,0.38029639409906524,-0.2938283988947489,0.9795232167022979,0.07933448658416242,-0.007893107800931332,0.7796067407543322,0.7766639213818028,-0.46273809156495704,0.9300133977659073,0.30588838146015773,-0.3495177642532471,0.37872875773517933,0.1516563590440052,0.12845355973977635,0.6746618504685048,0.7866843489213656,0.06613433505418875,0.5246805704189806,0.0932128023073534,-0.23520499553520358,0.19195183693468476,0.5560796329789989,0.15986223527873933,0.47010402478433266,0.9385582887391567,-0.18561618475120867,0.5529199153965405,0.10168207317923628,-0.12675296620152354,0.6510797818365747,0.8606929833006671,-0.061693218794250604,0.47757707028175944,0.5551191824958083,-0.3026804334938977,0.30385469795606745,0.8291090530772969,0.003064571932115401,0.3745283446006199,0.11539314116914068,0.2336688812991694,0.7347191159468835,0.5605745836945328,-0.0497507376737466,0.22019695976335552,0.9517183896127038,0.034794976778201314,0.3204064344724471,0.331044066919401,-0.039133578952916914,0.10974901030392825,0.025596547548870974,0.4635305071223471,2025-12-13 12:58:54
ر,0.629927059598887,0.35856266124852443,-0.07384098371264447,0.7424095192099643,0.5345584630147608,0.13115592780716878,0.0827986190038349,0.41467902077899355,-0.3916226754873372,0.5386543112415596,0.07314411065612736,-0.4998662801051508,0.7372316507890029,0.23560707146608173,0.1497294531414931,0.23848987717862535,0.1679152173706311,-0.26818771460610824,0.31518627646250186,0.06686062969180573,-0.4944473574849486,0.7909588056844945,0.7489863584630234,-0.42344300579185723,0.9665896852628117,0.151782827961624,0.026815104898378794,0.4711688565559603,0.514775654992658,0.37214132241280107,0.2688944048289801,0.8624443206511884,-0.01219215605341295,0.8600069316143442,0.7391467775368907,0.4625030574770078,0.662790093063166,0.17568920826524137,-0.42968931674256794,0.49181017987964504,0.049777883065706297,-0.315215135500592,0.6850401156866459,0.06380471075561489,0.2871318698516505,0.4952414702096215,0.8026229481470227,-0.1811795398335594,0.21587135096771448,0.7751478084019359,0.23290074615394285,0.592097585940899,0.9474744544143853,-0.32769761569450595,0.4147854949897718,0.1853187227337466,-0.06729752310905979,0.3116377534993999,0.6798500249754473,-0.33217756190196535,0.054566451775452385,0.3310372303739857,-0.10918152723920393,2025-12-13 12:58:54
ر,0.6750171741010912,0.8098123083074531,0.08877396855921804,0.24752398667928155,0.6908579892525236,-0.3230981630373774,0.47159683123431917,0.8293192577768075,0.2854650616253951,0.7913851539190995,0.054697276364830016,0.3284714365747464,0.575398589215906,0.3804702269645974,0.18838118663281123,0.3045928250030363,0.030445832277174123,0.2085153752159622,0.22992936984692725,0.8115198113812965,-0.09323181228210276,0.15416974827956131,0.7050806623097873,-0.1416677203259714,0.6755831448194587,0.45956551306962523,0.07149498783812791,0.08716362383871867,0.820861497716372,-0.1265522715502322,0.7865194485422236,0.2829117817789307,-0.41135178541615114,0.6817805256148725,0.03738625393230843,-0.1314738672558755,0.20589239772961232,0.3281569313834457,-0.4838042624066988,0.6166773114167325,0.19788251978753968,0.12884318374220816,0.01647678601404745,0.7366124161151395,-0.34891194365279854,0.36766550542870124,0.5750807949447108,0.4146509733917395,0.800444204698237,0.6955709885602659,-0.20718628952697515,0.3620203718951941,0.3993842222710762,-0.18684808486865823,0.9505661857113734,0.4732919641632376,-0.2667632243598894,0.5118711481002833,0.033978076106817356,0.15622295808658715,0.9650646077405567,0.5545514197492002,0.35016454215944837,2025-12-13 12:58:54
ر,0.6873476910975393,0.6144605011255639,-0.12402085947235297,0.6309758010979679,0.8347938331496411,-0.13562035864310518,0.7778739259216783,0.33194498597964395,0.41701854698462437,0.1425722367648361,0.29802626274719557,-0.3410437257703052,0.8724215399662166,0.8543249352700003,-0.3285882801428831,0.740715716302085,0.07250117071937767,-0.18552815527439748,0.9434723078093687,0.15610630217965726,-0.3212005277125124,0.651604019059964,0.9839227591584526,-0.3195674784833822,0.08531101445865197,0.6072525464527129,-0.29373187868244144,0.20153267029712396,0.682146441263038,-0.1666995139699864,0.6132045490798461,0.022533408797652754,-0.37606163674493587,0.5739218053805814,0.9564434034527776,-0.2860489043748221,0.8617900489249255,0.25032198950676465,0.32717057941888694,0.20921759946512053,0.8580568264410651,-0.46078875815037823,0.5108175193534636,0.10270254741303586,0.13498907406420058,0.6162906746436692,0.42225385080301814,-0.33700571714260263,0.08962352831512177,0.2339319063976898,-0.2829604807300674,0.27031331552395366,0.31038682521496497,-0.22292850586512614,0.8847572865053872,0.04370240960673366,0.4081571922415429,0.8492416603080036,0.6294330515264905,0.14676052485068702,0.03184907794032443,0.48637081202043075,-0.05457886978004489,2025-12-13 12:58:54
ر,0.23705331154831877,0.7569173274445911,-0.21359668552564393,0.931855412830132,0.21639792689811976,0.43575529056396445,0.9912503774563562,0.1891313528803209,-0.06583752965519574,0.19131472945677708,0.5145230917842355,0.4773957060389342,0.3793900586496255,0.12989241200110835,0.24465980853483194,0.4179034045069887,0.8550036630152564,0.2127256242169575,0.6634864204798644,0.5307273437023644,-0.3729913499015928,0.8794107820519262,0.553073937749221,0.4976171921511243,0.534526895933092,0.06938967435928323,-0.05503283957933491,0.2613340138465876,0.5539329585229912,-0.1461932934586022,0.4320816402935663,0.008979103942444833,-0.025191044981386468,0.20736200567410812,0.25340953345223827,-0.4747710513481609,0.4990061360199216,0.18383353653665913,-0.2630181794721351,0.4292910117368789,0.8947126360239226,-0.4432072057449572,0.22318353593820672,0.1947068200748273,-0.3685115789437492,0.8263087326568459,0.9194074954929098,-0.28010047846740205,0.32812634120375395,0.5293989919503368,0.35420222353632047,0.3773576860010579,0.6589703855806975,-0.168561520794815,0.16018632901200025,0.2736470158617157,0.1165059184231475,0.513516024691701,0.6311493933742538,-0.4755299246532292,0.9941893598171497,0.9880098878865042,-0.3605384327741923,2025-12-13 12:58:54
ر,0.9611047657096744,0.8655956240834826,-0.4420855844241006,0.7966751589022519,0.3621073851751815,-0.0742211946577136,0.31732615158195465,0.048870924136081184,-0.2852857020415748,0.9103896629641204,0.2502635246420668,0.44434502360213723,0.007233718213102258,0.711436361252989,0.014139020037296834,0.9977702408903425,0.16624738586805665,-0.1272942894204392,0.35692038192019604,0.3278916880764218,0.022778923875554802,0.7508674772612904,0.7362115340508105,-0.10935646309915936,0.26859946476573404,0.1913682061872659,-0.04523092222483005,0.2938861528940955,0.4161710469360952,0.1376887262216967,0.45703737275929934,0.32877357599491985,0.367984685391596,0.8413631368823712,0.1246568561922442,0.40301068337438417,0.8230562170221766,0.27350497312900723,0.0030468006836855688,0.5445111909464102,0.700513436022886,-0.31382024566446987,0.5483476086644938,0.15704340095005265,0.24186534811566185,0.1381717244256272,0.4477284617001228,0.3489518531135686,0.2563130874097638,0.8742634795256155,-0.30686543215808215,0.7173622150352938,0.34858740976180047,-0.3338416450636351,0.6605419064683851,0.8709253978564427,0.07396051693781613,0.4295599460576689,0.430832491238635,0.09350675606851122,0.15196961286892874,0.003194619230361573,-0.34097128460580184,2025-12-13 12:58:54
ر,0.374068047396684,0.21159144755788695,-0.1981150706732252,0.32037528544573823,0.09615275359418185,-0.034661790261128256,0.8966881481291672,0.031804011355850315,-0.10467940724538893,0.05354657573144206,0.18241807532084098,0.06873557945749931,0.1802535400549985,0.3730670848926474,-0.4836953009096471,0.5293455255158304,0.2778296723529944,-0.42423645601579785,0.7466400270605571,0.16641722065048348,-0.382009232746614,0.007713311774437459,0.8503465790940109,-0.07182337746974465,0.8501349554516827,0.07254227575678773,0.04545720950806642,0.7375952855907326,0.18894556026400267,-0.022867351015095405,0.2482877421548686,0.11768598308519307,-0.07635362136075152,0.7109296818736923,0.8636373298357042,-0.4197434917718116,0.16292296986662103,0.21414021156216756,0.11414334929841008,0.5164986615611644,0.9110147451669838,0.4095162011811787,0.40701384805769747,0.2524948194832417,0.37446392748778956,0.7879926762424806,0.5853305352322968,-0.42331964386450927,0.3405525077254544,0.5781831767421501,-0.4363940641685461,0.5721708415751993,0.2547032089159894,-0.28832758102914413,0.3144978781433574,0.6509126458457114,-0.0020659643524059135,0.6700311094609284,0.8586341193362232,-0.3419551885334873,0.8828434111834189,0.9002751773600443,-0.03220979996264739,2025-12-13 12:58:54
ر,0.711518064182289,0.49402486705154114,-0.44326863633853286,0.6820062242086685,0.9744023314008707,0.3313565040245472,0.0004620612957597636,0.6769565104690152,-0.19712966935359866,0.7842745086326276,0.9243095239537115,-0.17719038928363862,0.3034947419992865,0.604338708283535,-0.4224440525798203,0.6410963893805411,0.6105346474261268,0.3410338377475811,0.24111909591918312,0.47042219045991207,-0.15736887009203626,0.018720945046033166,0.4696976253423799,-0.33074241912917124,0.6323940977813736,0.3904546099932549,0.02427693829468003,0.41683998599509453,0.7162565058528311,0.30314954586358633,0.6014004255982236,0.8370710002091782,0.4388082536627672,0.062129611395259854,0.9255911413454742,0.14480774635873472,0.16870826260887783,0.6820620758305976,-0.07091836211069902,0.7040652265680477,0.44253576822415297,0.12007835375106868,0.10476648095741736,0.11575452886615956,-0.014434000520883172,0.10355294582855701,0.39296474686627114,-0.3744913412197207,0.8709365793746989,0.1337925988218691,-0.41634690920043127,0.963317861794235,0.00849022029699631,0.1426276358079377,0.7227625698007544,0.18481066057220397,0.46394007926464287,0.5812940477385006,0.06594379502263925,0.3193689330149353,0.3979244412228077,0.30700083684187707,-0.03640641940526901,2025-12-13 12:58:54
ز,0.20223768518924545,0.6060298509574257,0.27073733708450254,0.8475312247858569,0.0795296122040694,-0.24649901133259577,0.409015333224911,0.3187494265980084,0.24402733057029002,0.9854751222940494,0.1060936698672088,0.034695607228702574,0.20791456539339148,0.8295062439567092,-0.0472019840611394,0.7582075192732699,0.8723418495833908,-0.14292983659356784,0.20220587660416067,0.4595621027367257,0.46873539352177773,0.6766985835540025,0.09968899556920008,0.36539896010504,0.6214829247976422,0.8121962435578461,0.44798646835815525,0.13303239197014316,0.38056442444969885,0.2519609921732191,0.029972894739541456,0.8080942373489196,0.369822424618764,0.2633531190526073,0.9843375519313503,-0.013828792170363369,0.6394935919925234,0.04099469929846655,0.20395896002820157,0.6326195996045191,0.2512134115175677,0.2853980204900731,0.2979194419905533,0.0875041190979009,-0.45263114149052586,0.3061097611329152,0.28488727513709056,-0.4159082963833768,0.6594162679821365,0.14565878016805867,0.4235537567706482,0.15567311846491627,0.10819292324174434,0.37325889677368596,0.4252329551921794,0.788298864146307,0.09815270984690061,0.048177682816010425,0.021337507032321956,0.2745393935559264,8.612424261078555e-05,0.05836052005696146,0.2738253981778169,2025-12-13 12:58:54
ز,0.22669262907987076,0.25136096430515453,-0.18047316832287452,0.5730370654986181,0.7136059182046939,-0.11678010494826574,0.10703709067411338,0.6086325873845935,0.1248509096284357,0.6890121521500814,0.4759309534841861,0.4335750391608162,0.020490124053628822,0.0815583285680831,0.22748086802742196,0.038210072036640175,0.045984585827861024,0.4968478865738408,0.5614025405226457,0.05884391537173539,-0.09936683708240523,0.46374329136753567,0.5148769827772606,-0.10629972638419383,0.06982930388659359,0.3393533313313155,0.29047024097119756,0.1876401332777904,0.4758935450569107,-0.017141014272599953,0.217450075049598,0.29991729526883826,0.09152879739543163,0.34520810191031637,0.36994089798336427,0.31552870827019464,0.33967735284792944,0.23707119475213656,0.43001852997673273,0.3989895365885363,0.01962882445469938,-0.41308165066520985,0.046419407781074784,0.3527653279627655,0.32595898744024066,0.8457295972888156,0.5857218999110242,-0.4164547771463849,0.8180378467037972,0.8336820175886716,-0.10745858494568139,0.9666400820933365,0.5606880097985988,0.1886021374111042,0.9611133712364931,0.33430610884264744,0.3815539156167176,0.9104246891410404,0.07756147711307837,0.3543716085698906,0.4678988887241511,0.7198702218991274,-0.4780137979897727,2025-12-13 12:58:54
ز,0.4656130086703064,0.016959844237700694,-0.045484737405519504,0.1688990643873296,0.3960937961411979,0.3626770177452787,0.9923363074908528,0.9412346600186532,0.11294914205469708,0.5453992243383848,0.1489411640162559,0.16953127855995132,0.08240153108915504,0.4311993306914408,-0.4870765265493281,0.6356081088937875,0.047037759814916535,0.46276885657373534,0.9596352038945791,0.11304057667784706,-0.07915468570021134,0.3236981836826105,0.793317765833464,0.004321664968121586,0.6176644612634353,0.8623156847632043,-0.3825209309255665,0.7563782940845588,0.40405580953760467,-0.005487102093941876,0.22101047881031433,0.23413885129225187,0.2963816350426718,0.4089107177934431,0.8530966314334639,0.25026405835981846,0.24321368184414993,0.5023204506762015,-0.4325693690668555,0.4159162580066572,0.9303087476888888,0.4400692795866735,0.6486226157990961,0.21689343514550852,0.15200851540969162,0.6181743938099807,0.9320365257781776,0.49946235525859106,0.311695587892141,0.6083531061247123,-0.3210296034737955,0.04628842626726126,0.5680902048740923,0.17337070537990662,0.9689695563318316,0.9028018576070347,-0.07595400578445832,0.018855180608730704,0.3375069922527092,0.06027122867283974,0.3656490357413067,0.49468833916667143,-0.3403977440173822,2025-12-13 12:58:54
ز,0.8433596935522925,0.839193849551885,-0.21544970667355856,0.5406981876572705,0.3399190645044541,-0.2625074394972039,0.12687011720946528,0.45560757939586827,-0.3718564959071974,0.07644117921057259,0.8961347756087717,0.3369651896875334,0.34341620527578065,0.5714928271854001,-0.1783147840534396,0.15064860809306047,0.041428224304277506,0.07222759694229353,0.011753551968541887,0.45064213615660387,-0.35523149791014297,0.1871766066069398,0.900403716345568,0.3630827020466225,0.6687970865872069,0.2089342931598599,-0.43383723642988936,0.9840574643831254,0.6468710188232728,0.14167896198170893,0.34421865645210115,0.3549743300882585,-0.007617895936770647,0.3088477447796072,0.08680728144385719,-0.19346430415172455,0.7668014534929831,0.9934837950983285,0.4751800495988526,0.3152100840741473,0.977826106615357,-0.372638714553321,0.9627913834588862,0.4214552883244036,0.09554987961303996,0.3878923719063807,0.9719137937760169,0.4115231045450988,0.7390715645563608,0.19061790117778,-0.47763619112935574,0.7545923005078615,0.12117052267760342,-0.37454504187286386,0.1590579091478167,0.6028399384449435,0.2836921514411591,0.9851923795550599,0.7020591006575743,0.4535925470968152,0.6586572256729945,0.5433350303047727,-0.1435191849904477,2025-12-13 12:58:54
ز,0.6508418272163803,0.18759168281783278,-0.16355623897992577,0.3132249461792712,0.6570767684013512,0.027041108245229317,0.9371729032207676,0.9753800409463663,0.16346920228029038,0.49389840748651004,0.47027909873640983,0.14961549323387713,0.7114973590427593,0.01238558822474256,0.24901475609703194,0.3517735424256042,0.417668369230634,-0.4296359346971744,0.32565646668894677,0.994674336635803,0.05854059311229909,0.9234216276241388,0.2603776876749383,-0.09639516911174695,0.16733710072641594,0.5366474312340413,0.08513439109461185,0.6204678576209404,0.984974566900127,-0.20254495378039694,0.5696697733187394,0.8851982992145306,-0.2929002740683836,0.5360053582915767,0.40074821724499543,-0.31050042651056353,0.29103515666408675,0.47732786135645067,-0.3196935530706857,0.012107153462015408,0.1177387318445019,0.19758984797903034,0.20145370759767245,0.5203316535318667,-0.44178707030535913,0.07345080286070482,0.5831073603594499,-0.4589661063391772,0.9147615172943426,0.15611582459614315,-0.43790917721624434,0.215876885083508,0.5402628047749582,-0.1353203919702387,0.8121354362678695,0.10009014065257726,-0.4156884886894078,0.22161745322220305,0.3876139848294716,0.458194052996177,0.6814523943620568,0.48514371471586426,0.02246955955148755,2025-12-13 12:58:54
ز,0.23307571759146928,0.29058154380672085,0.38853448586834316,0.7483331661003024,0.4933077320764554,-0.1452521374206034,0.009215410561891901,0.32174886478345166,-0.010705073946169374,0.37383187650601946,0.08125733651870592,0.2855667778326464,0.6961125031784242,0.553268449367225,-0.20507311411465434,0.9844215758444262,0.09436397888623715,-0.47659676592493705,0.13160972360352396,0.4153651237917806,-0.19492851864693095,0.4081143910982371,0.14715084872795203,0.3505288883678097,0.4396577303617485,0.6293933024911245,-0.4510806617127562,0.7312153135626858,0.9805318056241465,-0.3708780750480165,0.15363425108537565,0.42038931173453387,-0.19574470782369013,0.35469424967685437,0.5418810389185124,0.18597009296106892,0.8851595332230204,0.4519511128913475,0.018967255335644362,0.9010795909666393,0.015322851960127615,-0.17964077494086084,0.7049314914385227,0.8934489097111856,-0.21084692578871478,0.5921659478127295,0.9641403212084254,-0.16952189383389182,0.02462907583941365,0.6466065572562095,-0.08921079516022112,0.9084712745187933,0.11205631665576588,-0.08629515101143559,0.11472406972405869,0.06182061950191553,0.3850479572330836,0.004003950964460379,0.6338329210082694,0.01486305567711943,0.6690512531670438,0.9334415606701392,0.26803427336595975,2025-12-13 12:58:54
ز,0.707719358873381,0.8968760459838262,-0.2734300532120798,0.9037053993011945,0.5337027154885174,0.1277197573752984,0.4995291580115103,0.3401309045397549,0.4649890414741801,0.26105242738804524,0.7632989481800043,-0.36215819175273345,0.5300853355036269,0.6462462931496511,0.2512822198783664,0.22126084551102965,0.6041085195288342,-0.4832283532738433,0.48562479347675747,0.5944184035964811,-0.10910124439385294,0.598114320933615,0.08319793417165511,-0.47685702124596874,0.11759000784318985,0.7590481841426244,-0.17108249222661642,0.3586491795795482,0.1486967730704094,0.25458695305682233,0.1756020519698992,0.22400527657275704,-0.0913774990660079,0.4777128730507346,0.8438876435089695,-0.40557746710830567,0.21195142562417513,0.19851248121299292,0.4542125576263466,0.9354344535425094,0.159360125640156,0.11671423651783841,0.3755580795465471,0.44996581463423413,-0.05804945965589847,0.28392008616463593,0.33693365159020305,-0.1264684058160529,0.07671059474955266,0.42420417195745086,0.08267719622625413,0.5547310389088402,0.3149235203773991,0.17375295968080817,0.4122777764491051,0.9852853619142297,0.45016920612210554,0.5232546605907822,0.9120389364219578,-0.44323863659179163,0.7913906081336956,0.4608876841887256,0.03208621301723491,2025-12-13 12:58:54
ز,0.008591258935425894,0.3089751800662076,-0.3795431741049582,0.2348735011372426,0.31219613919570033,0.10442130865606258,0.8462190736814027,0.6242104553226774,0.1400633056306967,0.7662122080283059,0.7780268486166464,0.18752011563015714,0.9217619124687136,0.9545529076741793,-0.420568123850389,0.42791570879407115,0.25594594621097,0.18066910166661598,0.3184635488641451,0.28070824637912994,-0.31137542813078534,0.6121568363918946,0.010185395149608367,0.11623565101890021,0.6701966612534948,0.7495842046573712,0.2663120151078079,0.21985447096429833,0.381380302192147,0.3056503830868006,0.4094407283269529,0.9082411728467464,-0.010808251491528531,0.2347103203635441,0.9576103929625223,-0.3838641665279615,0.5151366795660342,0.011928150916996394,0.007016107535429916,0.6400255349447992,0.2866183805996646,-0.2740098636133982,0.006442307534512359,0.26654153450376594,-0.3626146010545188,0.21682562999862764,0.7176335606611327,0.16375732968347367,0.7562241710868309,0.9358667817661145,-0.1867264969252197,0.8107768550696929,0.9649677656863664,0.4029235600409228,0.6375142548315825,0.4941901847373882,-0.06010348470999305,0.30797537903848016,0.5325789137540505,0.27042859133354535,0.809885061657672,0.624405380057383,-0.3967544233904722,2025-12-13 12:58:54
ز,0.26259377144957696,0.09446103318251076,-0.2666532726320191,0.7409742226499283,0.32744207532772096,-0.17022175231792913,0.6760078666046534,0.7731891035999151,0.01772132785558822,0.40377099185414045,0.2430884337231387,0.23570783920314142,0.9494671142717549,0.04659130103375486,-0.24856373605747362,0.732967978026598,0.6538546052399805,0.037671974264577246,0.30959460756777735,0.019361343291905087,0.2641195427831752,0.7354921160942177,0.7464118926939062,-0.2850986800113864,0.2399613544829855,0.4871748234378874,0.012456541253416331,0.5431471981039997,0.49733059752963826,0.29488496206329684,0.18466841328712436,0.3662790248372496,-0.3213007942274104,0.8336652507852339,0.41176269249327124,-0.00966185923811258,0.05413450888118421,0.8771926540399024,-0.14783958979041434,0.7843504249469715,0.7123320640831597,-0.24294400798286975,0.9957913067239194,0.876621016606613,-0.07700245477164636,0.21480162240572243,0.6722301663901744,0.02450143689917106,0.6847950629542905,0.9018287970668274,0.40699736809213327,0.45444682447210805,0.13401651825491034,0.36845583294921913,0.6392254536628463,0.5525417329925345,-0.33122386413347016,0.019039997230736905,0.5555678094604338,0.3827587676878874,0.9351214327535726,0.6862813228153763,-0.03601103408626305,2025-12-13 12:58:54
ز,0.9405894317360929,0.6399030340801396,0.21908084655170623,0.8699686748165474,0.5560218332380872,-0.2069567401529543,0.0889292963309517,0.9051314976536708,-0.3632183341365758,0.7764818901393988,0.6049272389832965,-0.45868934807572725,0.02881066744575822,0.5610388396849958,-0.07968923112882798,0.840675829055027,0.30192186777595564,0.1810664085110072,0.8297421022362333,0.48165749553552595,-0.17365843064139397,0.4871011457760518,0.5441220777664748,0.42460160646139555,0.7008560511823988,0.22503438549595767,0.2765038461571553,0.8154509341956555,0.12439523982617229,-0.1650412864561882,0.3206459299415938,0.8655218401451832,0.45742229665041934,0.5380976794954385,0.5400356088403991,-0.21615790975504967,0.7564740862327901,0.49929896051612377,-0.16889312034776793,0.9803237330462047,0.059873865083765576,-0.450184631046077,0.5570853668937125,0.7437552224346958,0.37648701107482174,0.6177961538600021,0.28486603117625864,-0.35585051470244056,0.32274368306013324,0.5301107106165677,0.23732840784343723,0.48699405702520226,0.06219781712987971,0.41786028084536964,0.6523316615979445,0.8000344803413135,0.1281769042881954,0.6322696853774336,0.6315932098497408,-0.005587246276801183,0.8770046007558278,0.7500649302470557,-0.12311583892540345,2025-12-13 12:58:54
س,0.4638389235600785,0.08936845733457266,0.3305147364924135,0.4884846656704942,0.42419595276916433,0.39624052287885203,0.9085258231711428,0.44184528321891003,0.02130447437338756,0.1942215053004286,0.956796466466158,0.27826299330414395,0.7981219093876079,0.2189287130064832,-0.45107644436963146,0.7247040674803179,0.45890336544918287,0.26283687491866536,0.1405243377918992,0.8362630266523109,-0.34462498034218125,0.9383369456213838,0.03303453558126712,-0.2775442977049508,0.1195442041024476,0.21257940117925256,-0.13259185968690468,0.20622249224233957,0.07696697699985355,-0.2941982735016532,0.6214461116103343,0.8911503196804904,-0.28985018547050023,0.13921169465066008,0.6779346470286852,0.20134118900777176,0.5382682326667537,0.39026457118242774,-0.354982592548057,0.9537177712712319,0.4526764173056448,0.3075507735849463,0.5278985745687699,0.18372614508137797,0.2076535730453497,0.422417203183467,0.5991908155334148,-0.4957270340383978,0.023460984828722498,0.1766669475728343,-0.1116375156703534,0.7122698600625049,0.8619244359909821,0.06832059525583112,0.01916987278191329,0.014518559749816085,-0.0382388703369404,0.17926727677013377,0.875072198499911,0.14655666171000326,0.6174901044414891,0.5718219280404866,-0.25785368913522955,2025-12-13 12:58:54
س,0.17246589043896365,0.34236823193154764,0.10497388165910582,0.8318093718535633,0.28066817049357307,-0.4950389135409392,0.1001946259843367,0.9787347537152988,0.30996075447808125,0.9866148064991562,0.7767141733807293,-0.4637509319663985,0.5811014819337409,0.16424270695639842,0.08273505992121755,0.45170962967755013,0.20539493297743616,0.17323816950651494,0.9016232547606723,0.06098790539438914,0.4167102709932702,0.7514960492273701,0.5006164618253336,0.36129034577114494,0.6218600944681076,0.22971242842072692,0.29119008600408436,0.8179091769948251,0.2565356018821525,-0.06683159307389974,0.19352481178572822,0.2750429862631829,-0.41277502397515875,0.5476086513266587,0.8038029507403923,0.49151970474655915,0.3670558392742699,0.3367121864338145,0.17058692819530752,0.8332710805295578,0.47309571761874647,-0.0749322998839782,0.062163600646970685,0.7626322106886456,0.012739754170648876,0.3237473657222244,0.8427388918747777,-0.25539865335197387,0.7037150636495287,0.8698216894461471,-0.014162528488990467,0.6435258526060753,0.22512714633074282,0.4315465744409609,0.23014802623178043,0.6977041272360976,-0.15815711245976039,0.802358897404713,0.8398516536403609,-0.17223745611855357,0.046565172035891056,0.1520126478780257,-0.1398901001838434,2025-12-13 12:58:54
س,0.006314437422799357,0.17256874452481885,0.2557443068267131,0.3134658019295673,0.783779459722142,0.23751459997750535,0.5471662067168762,0.9788382857382582,0.17976130783582656,0.985939327720793,0.4010408484696186,-0.19332160663201325,0.4460005641263387,0.2594922863057644,-0.37980309909233134,0.8452158783040173,0.6412788878634371,0.28116201607212987,0.029978222316870973,0.21629407153203117,-0.20056708636335918,0.6177612824650471,0.5633233544165422,-0.4813639847101755,0.8151661313978468,0.0584440953597396,-0.062318528930729644,0.25398426054577294,0.2849600343583105,-0.36394544944899576,0.8020921264978721,0.02753323572216504,-0.18309015320595856,0.4179915389896932,0.6096329903489552,0.2220232538907153,0.31923481053615965,0.7246637219591183,-0.2754265383372203,0.2202066442499222,0.9062518774185793,0.3262331842744307,0.615550122665116,0.8965890647316318,0.3559150985765257,0.2092984736597091,0.7857583379793257,0.39490134812410715,0.5056201758629036,0.7436862574566614,0.42909899965256293,0.09375990763636854,0.8469311893994502,-0.31780340038212684,0.733787620065656,0.4626621563394173,0.46949364227460477,0.15733316658484697,0.2638900356572711,0.01913259071185225,0.45604475834173974,0.424828927763227,0.4564589457631214,2025-12-13 12:58:54
س,0.15220235823057315,0.09492617668495995,0.2278074187044422,0.550342515318634,0.7861349895800246,0.22959479229404312,0.3089657070784807,0.32750180222557823,0.3588244459139225,0.5889031188537329,0.48742347440980094,0.29671996438913817,0.733614337121046,0.7398057151975898,0.23390265681470068,0.16183868635244514,0.7137737824732857,-0.3677430106639358,0.24492120221377167,0.676581186045783,-0.38842621454775184,0.45906436882140944,0.9056134595415647,-0.352589713589176,0.46992681091079924,0.9059895157014058,0.06873192671564432,0.9751824082548546,0.961141707471746,0.03617295741119797,0.4430744000402509,0.5555605209845197,0.06477434401760929,0.5650213543017862,0.17252660617636395,0.1298148076405231,0.18621262973699693,0.05678181049011344,-0.1266969514877011,0.9117683496166207,0.8175800483803656,-0.39128144878117777,0.24672836468351123,0.038131740221146626,-0.17868521359301814,0.5406131890034714,0.6998724763663453,-0.35427810340418364,0.779601740207902,0.6725950783349269,-0.0043883332681812215,0.39516722603977283,0.6794755149841953,-0.13694882062158165,0.7853368640053382,0.7124345587021437,-0.28797138356245044,0.25608280051006527,0.46311062539927317,0.15162258599624368,0.9103861501677636,0.41822439050910154,0.2094223444074209,2025-12-13 12:58:54
س,0.04899926484167183,0.7904070319378489,-0.3664300744059702,0.12910878080024346,0.7786141726898402,0.4136235246721549,0.22928061023534585,0.70643281950398,0.005046400133229545,0.844539268523449,0.9193701680949233,-0.3432141221612438,0.1428466592031109,0.5854241596612665,0.09063483584139065,0.782552814900978,0.10166456956437142,-0.24175965403511201,0.3028308361712151,0.5249189948633675,0.17643113401203092,0.2244746175896185,0.8908940214782519,0.23436515245966905,0.26609465519862463,0.09264963683881322,0.48099470197118177,0.2545582545456888,0.25951480729687726,0.4463840665978578,0.2308830903651622,0.04583824696446537,0.02733760221748216,0.12804491406380458,0.5578332015435349,0.4282431095599325,0.42653842332714553,0.7888944890443194,0.41847502730579034,0.5034314068392749,0.23092480452502162,0.31548341286491677,0.5053884052063458,0.8025526785969692,0.3922587786784416,0.6889184668191372,0.12959757000123406,0.17378245724401487,0.7528539538257172,0.18993007079507562,-0.26695121300382796,0.18742684698136758,0.3998254038846124,-0.3914700359153692,0.044351560461943884,0.7774918533291807,0.4696142519062799,0.36649066418627363,0.4488718993100417,-0.14187838071612924,0.1682020406520368,0.5585815415402703,-0.3916829978949258,2025-12-13 12:58:54
س,0.8002934421578949,0.0025903035268955987,0.4237051150447042,0.5584319854963417,0.695760525038796,-0.4155844240267921,0.37288215985967343,0.9912195749416715,-0.1975990577054575,0.3647595478590079,0.212538145021392,0.08053087267751202,0.04189842155369061,0.76249336650262,-0.06356486949771956,0.5277222256910411,0.12036803892187742,-0.4163897718715647,0.9280280399403837,0.41780810349213626,-0.3435725378017592,0.5999780314779096,0.6597377726409732,0.06326028368860492,0.21019184528996204,0.7431109825296345,0.47091374835634037,0.3802683632833562,0.8952978586678015,-0.1451097985270965,0.22880275135229222,0.49545431106605,0.4329490564673043,0.43899862427288494,0.7022109480009965,-0.25200700645681195,0.301975550858793,0.19448864710611236,0.4317959085416112,0.5940510979706136,0.36719916629158855,0.0643576256077778,0.8500067732611418,0.8030598161222556,0.13524827138783602,0.7584043906743344,0.7682410033724884,0.3057096944063832,0.37993323904153,0.6698794782608355,0.2265578754294384,0.8628312281692967,0.15224804873276931,-0.17773406638975986,0.4593654025515813,0.44623085264720197,0.4472173545447591,0.8205226578706665,0.7653216707147533,0.4885308206000867,0.5819324318610348,0.36380445023250907,-0.011141632529422352,2025-12-13 12:58:54
س,0.8031792781487224,0.4699374726784711,0.4435832650671444,0.990695734493134,0.36359914263466075,0.3400816845189424,0.16079570784537556,0.9318921454085256,0.29733925061051647,0.7750411860688651,0.2775267581332037,-0.2309012481453372,0.300981360336971,0.7900501509748943,0.3212896364284167,0.4112417134878157,0.38488031252290644,0.17410254820531545,0.03397004088344002,0.0714625841487555,-0.4752039421243357,0.535443711328787,0.6253162243785073,0.22264616238586044,0.8370191163121201,0.27967940994880325,0.13337464483357409,0.4822848699900182,0.7358831507171018,0.0547796560081697,0.42071874694840183,0.49135370877279005,-0.44941657834821336,0.08427752340184735,0.8858673022513874,-0.09230054965335865,0.8213822073712833,0.39504129541375177,0.030256732229023586,0.6706258517302152,0.663431876938335,0.0793906454059996,0.44397962554694803,0.8697304553330163,-0.4838858931325106,0.011060456613185332,0.23503971832332704,-0.297600217676536,0.9211581488261656,0.9018181965542416,-0.3196330883693169,0.3248639317902916,0.0958977790853931,-0.10458798284858595,0.9426194263567957,0.8693821215612889,-0.1460618964121735,0.22840351057985275,0.7648073750903012,-0.18418824230375486,0.6682060098811952,0.4332688196860649,-0.4569706424543739,2025-12-13 12:58:54
س,0.8859043377409229,0.6673642242029559,0.13025019609478816,0.5670368529942498,0.6924429524989019,0.47958834700038,0.987922854999798,0.3899955773823268,-0.01789277646207399,0.23831585446654258,0.9516999524844761,-0.013987309752709787,0.7930487591463977,0.9836282268141514,-0.25813941260994944,0.03151968225325852,0.216316741134702,0.29384571150413885,0.6604846599314338,0.5515875889751192,0.4144739892805872,0.7414297127331637,0.5364555006226827,0.2701787573958889,0.636245401282537,0.3926788695363448,-0.4438052645666729,0.7083734229135218,0.9827011444872532,0.39739600271790887,0.11904293506786257,0.4226132304644361,0.22468098349779575,0.3791209247395746,0.8479524075042404,-0.00473121550100708,0.5031186658444909,0.710965316182349,0.011846713104574191,0.21127046577154596,0.4404447249176261,-0.3213770162903491,0.032052490139879763,0.6252493443372508,-0.10301750737311177,0.6496508296845319,0.8241201429796918,0.3801648511964538,0.05428681166041349,0.3331953766805673,0.14789024003954288,0.6758819685849257,0.9461471471360242,0.08220355995430084,0.0968655779128218,0.5430243075364147,-0.21809248026882144,0.9941045717346466,0.2173095075483975,0.3481639605868725,0.9021102505389127,0.9944396491778674,-0.4498253775900962,2025-12-13 12:58:54
س,0.548407244448562,0.5348697127986027,-0.056879257078357504,0.36099290644879645,0.576429661150367,-0.3590738150370758,0.8601514852753974,0.42002297518089915,0.23602095689736413,0.045167625744862216,0.11251080450752804,0.3460049212377564,0.7589689391587339,0.7005566924261613,0.30149275733737424,0.4894919452424026,0.07495616973223207,-0.3659235036684806,0.8682216635908099,0.33551733368312986,-0.42923399026701425,0.35463866089678087,0.7515513732535206,0.02805717036590394,0.8115905819591394,0.7589950201672752,-0.38253486711179197,0.6605770366308383,0.4734635394280462,-0.20078738271245555,0.2142968840505095,0.5346219767778275,-0.0727569547100273,0.6027357097836289,0.05872016739758934,-0.28445642494896406,0.2664846174677332,0.8614460759693081,-0.03542481304957268,0.16956751447165375,0.33304938149204577,0.3398339093002236,0.3709634787591113,0.5675899071392835,-0.49230821482136455,0.7313492825971216,0.3837342648755834,0.45467108665952294,0.793892502043,0.3849126170546251,0.061914208736267407,0.267087216767635,0.37226484449920483,-0.41396066554283684,0.6345805542838121,0.17686985315486792,-0.32351119015223984,0.5696829089922947,0.7367818750845982,0.3573824726349919,0.6527066870560397,0.2660154670136037,0.3350428993481873,2025-12-13 12:58:54
س,0.7068886304276467,0.2332105565956928,-0.14829759096033057,0.7887195571932273,0.022611200841546553,-0.38346692580454433,0.8404187218295289,0.5277670728662938,0.21488113071787118,0.07494850709976941,0.7350049757002245,0.1811792611953077,0.3615675122576033,0.3177121953009526,-0.48110700290218056,0.3290894069450626,0.5554589607587329,0.3826487961883356,0.14254798432417193,0.5853352869514679,0.31084869990689434,0.5290333473660482,0.12131069566908559,0.19490992075612856,0.3617087372860328,0.31022904259443274,-0.25327143690437337,0.628802208780948,0.7534564110356348,-0.10645333068021667,0.012713406012477502,0.07263441946248095,-0.1709408363181526,0.5816559519873421,0.7155213203671724,-0.01643080710508671,0.8002184376313289,0.2924120332837111,0.11810385418017733,0.31332339029057754,0.7920810996426505,-0.03215314274074543,0.20865039742161917,0.25973269621267425,-0.34800543801410533,0.8405640311622655,0.8309191155758907,-0.151657540495571,0.08853779602599254,0.08100708689307967,-0.3094212986282263,0.325374954948345,0.43466313539823587,-0.2739835844970687,0.637446112223561,0.8281169758826985,0.4031438066062911,0.1314459151039844,0.5397810725196646,-0.05924707346034963,0.5710203409731041,0.34108945564678794,0.22024790529578464,2025-12-13 12:58:54
ش,0.830132998775275,0.7691159680101949,-0.06384754278594995,0.8030041514392062,0.48410992667334296,-0.03951928123746562,0.724056767089142,0.12901344143887705,0.34811873383972547,0.5096487506761216,0.7119409146918747,-0.40427529190785694,0.6083422462729775,0.6432277180818985,-0.13779845523875134,0.19551086082428393,0.4955048861126504,-0.31788062810536444,0.6428119122444768,0.16338084197793967,0.3441714734011251,0.8540524467392662,0.12383517722484838,0.05560399616036682,0.24492588045445385,0.13721267809503113,0.16910104149882077,0.8413382660110552,0.4729944540574329,-0.14162016238257602,0.007816006137503662,0.06488548348469525,0.19908137552150673,0.644428594811945,0.2471561536966128,-0.15941715273502732,0.8872705817844896,0.19240192277073853,-0.4352382331696485,0.28844733560855695,0.3506199699582846,0.399165730730753,0.9573919710902742,0.5142689791755398,-0.19744504753988545,0.3202747276725141,0.10606343432839649,0.4792435240956676,0.38740429133621435,0.9567355088840043,-0.20809430317209177,0.8878660849456763,0.21690720525369056,0.17770968629645867,0.7623905370838767,0.9880052448147819,-0.0485288530198954,0.7829981626825377,0.6299251391242179,-0.10760899177125227,0.48667377085765395,0.7361333021911741,0.24061062761812257,2025-12-13 12:58:54
ش,0.09570414697099194,0.21869469532953167,0.37148460094944924,0.4474716513994432,0.5013785162263686,-0.3869588504260727,0.7965199865099005,0.6650609006680874,-0.3978113298946724,0.7867284603965603,0.31552779002368714,0.4553425730765699,0.9993991884038886,0.6651163634267948,-0.16125835378304998,0.6520398723715014,0.7050962180108336,0.3928099141224559,0.832043000044992,0.9866959407867604,0.1625558390481554,0.9917376271529023,0.6514159961694701,-0.015170224526156906,0.712005088796478,0.6768449701570123,-0.3147142667948766,0.9332957030172426,0.9824985814364106,-0.08151740845994415,0.6235558179824287,0.9272388597174764,0.35089775837004,0.3168926645725578,0.977803267465938,0.3314095082571079,0.6205357899308444,0.5074260523049295,0.22575989247462225,0.7256510110156866,0.28442941133038435,0.05268967914840561,0.344294227146391,0.5419222000806876,-0.17735532330326786,0.052089722899450686,0.26678091301404205,-0.20553232003698585,0.9683475398127989,0.38483780767178366,0.12797973093040171,0.3449547864254481,0.7467457998692126,-0.3639873990862944,0.7967938842144493,0.11729937086074049,-0.20601260973535784,0.39691470066099355,0.2626597733029308,0.09883102764650453,0.8630846643923556,0.8232304167480782,0.34490409695972757,2025-12-13 12:58:54
ش,0.9108335977683352,0.3447803122676969,-0.20600464073307467,0.2950140493743342,0.04678301769665749,0.37102181590749195,0.6358968035682804,0.855715624975819,0.3128071774876364,0.7250952141297077,0.1367462744290583,-0.34125157549996143,0.7612900605204772,0.6389071390610416,-0.35256337567303175,0.3765459038893252,0.2447918830619299,0.45576779770529363,0.6252294980016134,0.0074683036408520476,-0.40107661274989714,0.4388186982149045,0.09592249034993927,0.2568847585958868,0.31904178758713697,0.17365877065531932,-0.2870512251858308,0.25326962578685996,0.3206909996974602,0.43515880395487583,0.8961692887826676,0.8252071282000603,-0.43640365800834546,0.7000840360707644,0.24877965573974126,-0.15414619931330087,0.2160362708795004,0.07620236791697022,0.15718130276457853,0.1530444796299446,0.14518281717313575,0.4210402775140274,0.7853641665556917,0.35408857246044445,-0.003029338585929131,0.2970625144973007,0.16083232599942932,-0.18274470823723898,0.12107308741532341,0.6543614667523694,-0.3838490108449597,0.4036026061571071,0.47860894586636116,0.14506227114130887,0.643382899227941,0.17817938053797455,-0.24020473332479653,0.42300777365405484,0.21268210983698554,-0.263800418436145,0.4097169177216249,0.21089627942030242,-0.3317109819446993,2025-12-13 12:58:54
ش,0.8216598867940457,0.35761189673509186,0.03441437392124003,0.9180943364152231,0.3472145964099702,0.13455692241980388,0.0830894893238543,0.13192337150175815,-0.10424378515822663,0.40733158635919464,0.1490562589498694,-0.041714080699786105,0.7300746510526596,0.08121487755379819,-0.3375376701729873,0.7399909470790716,0.07554104806632744,0.4995183376900072,0.9289644410936349,0.06315775330049156,-0.4297875200908715,0.5679299784404142,0.7719103218723051,0.045904126114148736,0.10900417964990361,0.2982500707186495,-0.32570153797626866,0.9989019502974253,0.05148120248756416,0.2867713113885718,0.05783914012775293,0.2867848889897877,0.20407846286925435,0.8235811484300118,0.738517329079117,-0.49765186867705224,0.5931820093186233,0.11919214143956502,-0.48578555330971407,0.80335514862914,0.3632424448471335,0.16593581692273018,0.8418657019155541,0.050796870037115305,0.2619812978585737,0.4540042367346214,0.9567662628080226,0.3796718837364943,0.3198124530227373,0.9111245546544732,0.43403437196932704,0.6385742506570455,0.9597916528776708,0.01064811291983192,0.702018241484829,0.5864014032072384,0.4286461233963521,0.1205079107197996,0.10764355383818147,-0.19245003579241704,0.26039072451325695,0.4723733257295112,-0.3142818138255593,2025-12-13 12:58:54
ش,0.17007324041668792,0.8763326553950587,-0.3185320796717652,0.4519862215811129,0.7365566037045872,-0.17243385663349897,0.3610772026197535,0.3994008975306511,-0.3817451318613151,0.47804370385203687,0.7882780545336521,0.4557303539401846,0.0579499802867216,0.3340044080916754,-0.3634498478451109,0.659079842239741,0.9121842947823201,0.3565731002515362,0.8291977373381646,0.7669868813648857,0.13946939880109266,0.0962567537947886,0.8528478930409841,-0.032936336242032405,0.21456727038131018,0.8056156669109025,-0.2138562506583056,0.08260218347621018,0.9051539508043687,-0.41667912035735744,0.6645866792821928,0.34905359225012933,-0.2895261429713428,0.1464388801898866,0.9681760941163343,0.19486374162368691,0.6795343875143475,0.2188531634739902,0.3210309007071106,0.24252991543023172,0.28587938730339624,0.2656552567427093,0.3495886829428755,0.5915830197808893,-0.31458527576310513,0.47975105110115124,0.8091633757613051,0.10322882684402768,0.36896136967612236,0.9941008195438467,-0.3385651390271901,0.17017582080876537,0.31639003176710445,0.4055192322994051,0.5053824822155218,0.3131208299684627,-0.1567204152881897,0.850996090069955,0.2208111827225796,0.38523528717819944,0.8274534400336039,0.49682647220889853,0.35822662303924757,2025-12-13 12:58:54
ش,0.8888519552882671,0.7650391318714603,0.4112789055677799,0.9237125830488758,0.8692959911973245,-0.48359893508880025,0.7485346207089804,0.05003072344640258,-0.4850036392585292,0.5742315149616513,0.8671995903695158,0.05924098711167569,0.7476720352788014,0.9120419168603816,0.14000052101445726,0.853585687566696,0.19339444087663038,-0.14114106088105305,0.10352311656713264,0.7056552320081915,0.10266361151001291,0.6602391652644769,0.42545917676670364,0.4869345275294701,0.4026585642656364,0.5460811376326002,0.0005084093131219047,0.4211961964320794,0.6044278254642037,0.4330748569784748,0.04031441393993718,0.5763357750627125,0.4287714222446555,0.7576215523645498,0.24903414306471516,0.4095882435531528,0.772780111508886,0.442384972416888,-0.49561736014054425,0.9743025480530496,0.9946911843633347,0.4797692488711618,0.1884535012587214,0.8554719389125098,-0.4411101155036167,0.3969491285395561,0.9652707182247677,-0.371748193045529,0.4987222201676835,0.8839634345509709,-0.32241116496559474,0.6649761765148207,0.9009450443730506,0.478501933480347,0.2695258496051728,0.43627401973767255,-0.290482948970911,0.9902825996202149,0.3924361625515762,-0.2173213498341806,0.8880765128562896,0.6073968092882346,-0.45926211431910613,2025-12-13 12:58:54
ش,0.977586058384672,0.5157848779251691,0.07900965786172642,0.9352227606086386,0.35857459647862944,0.07620648998095303,0.0798120041296424,0.025400101776824724,0.06693195148644726,0.055178602028908674,0.26670025832451083,-0.33501133905225466,0.6485065297271643,0.5889414849212187,0.25399621457822774,0.18423154825308818,0.9140296417996469,0.18462769195179296,0.38665897807271954,0.26733825186083393,0.13138863496011477,0.5103494399839708,0.8329201597780864,0.18668145233438282,0.981158446065092,0.34418109197792535,0.24529589175706723,0.2750822054660105,0.11104210494484412,0.02823501684572116,0.546593380161455,0.8714701044946831,-0.4477667705234629,0.5443955241339378,0.33715427468603454,-0.4553061763029733,0.7383744728325832,0.11707670707971496,0.1787132241248185,0.7100817257128368,0.9784489262474185,-0.30125419225023586,0.5178072393942439,0.6983434860251704,0.29722930141360593,0.24346636572637625,0.8389245770963324,-0.43596967444463475,0.7057735170030239,0.3269665492594511,-0.03751488352290688,0.11612560252985271,0.9877322366024287,-0.14003249037325616,0.5623042017951195,0.7871416309244633,0.07896658080430086,0.8158092770626488,0.5801816066852811,0.1953621731474975,0.2627172496565138,0.6824343391347983,0.08857652201758004,2025-12-13 12:58:54
ش,0.6748675378908554,0.23991434408827594,-0.03620213492087743,0.7516903206224098,0.6743130145760308,-0.059755919205361274,0.07190301946225097,0.46402220544747896,-0.04158436611407268,0.09940265184752994,0.07898262233094644,-0.051573388852110824,0.5219033946796191,0.7683603148778175,-0.31129053969699205,0.9286858591227432,0.14171974072021276,-0.33771866194091893,0.8935831566082798,0.19331191327296038,0.18683807772206884,0.5002895866967203,0.851376316697401,0.37934368483453096,0.9174994517018501,0.5793549620192776,-0.01124218023479473,0.8387140671044665,0.9010071643323966,-0.02810647573749403,0.8916980716069752,0.3374848771089861,-0.22126108776538944,0.9173903797986531,0.656245209921222,0.05903448338722994,0.2385738229545773,0.7879978958180514,-0.09454249544478399,0.5687014212138942,0.6323145917522143,-0.04306887695933226,0.10945296330492682,0.026024222061084124,-0.43863348076016273,0.5609119515271022,0.1546273180938501,-0.07788289140532412,0.33916161388183086,0.42477879267315244,-0.484940302024668,0.08976654855032418,0.40936880688690636,0.03906664078219524,0.3704510031351974,0.42346101688822,0.02405603893823627,0.17204906407940435,0.33421232270378065,-0.2049826743034716,0.4030450141071631,0.07780990912858532,-0.4261837328068083,2025-12-13 12:58:54
ش,0.4033144962365369,0.7735047813812341,-0.3830500299559121,0.7368930070736122,0.332769884916844,0.4685927285434669,0.8088006005391506,0.711147420769827,0.15339554030328195,0.8576613197845544,0.04403447692282714,-0.23032003954962144,0.07355164651377777,0.10717816547125347,-0.3892705879274835,0.8482574820426992,0.11508065807522116,-0.04137147028063959,0.3420604577970513,0.43903505092789985,-0.3938505792154635,0.7745428458163454,0.1128971096607948,-0.26992994500788536,0.9512760531215835,0.19172254163415492,-0.19985825270673319,0.8996783939558171,0.9620048074623766,0.12803905796238424,0.6271576769198157,0.8058974039419575,-0.29218455640908525,0.9545793403805177,0.5116207036130953,0.028635715072631296,0.024012398292584947,0.4076513752304054,-0.39674615989891515,0.22256295882371002,0.487189106800166,0.47153279525160385,0.9329345948883515,0.8172053338177715,0.111798685112667,0.4042735988134508,0.5827725333303472,0.22374536793851185,0.7898682666327204,0.01228827728530868,-0.2548156050004302,0.7236427611231635,0.007234686285061298,0.3242779097719416,0.8200393945256882,0.7023133904144442,0.1344207742058433,0.7975080920699429,0.5573605491720489,-0.07801597105161906,0.0028006793584487433,0.8659540974748559,0.3566844016808114,2025-12-13 12:58:54
ش,0.12084907639018116,0.25382162094891725,-0.3999443300669113,0.8285637513732788,0.9051448986036,-0.3420195015533688,0.27351228043472187,0.3768927128042394,-0.36091855464678424,0.476796169078868,0.6563266237627277,-0.40752985484683335,0.848052217698175,0.18067717011385154,0.0552723323238794,0.6012306230515552,0.7786379815863543,-0.047592090905327455,0.005616075728073877,0.2838366711008855,0.03394699936913925,0.261991660372208,0.4575403766513991,0.27955623959667164,0.9101332395668863,0.7210896416469026,-0.2681266144293589,0.45546610168516444,0.6513148920420768,-0.24813956865238995,0.1394162637297569,0.7072578399583628,0.24583073652604492,0.039585673893834605,0.7355263083044917,0.49489935506629557,0.232400406879246,0.0069736306427260475,0.3254680331112585,0.864630841843023,0.9796258713214097,0.27339341010279516,0.2227659245877357,0.3411678392345642,0.2990849453993788,0.5958782389436587,0.6321325890803541,-0.05548286843627259,0.17859892144879197,0.37779896350133046,-0.40987494512539524,0.8563165190726832,0.8042602456712155,0.016965875333113,0.06401866178348603,0.1220074947666141,0.05772443375361591,0.8717085899021677,0.6482594499629154,0.4034765842767194,0.2387581880991403,0.023063503068998625,0.030854075754682242,2025-12-13 12:58:54
ص,0.04500349172776008,0.3758856436008058,0.3159470598673846,0.7648735533348557,0.31010565690978165,0.3885200514938635,0.40231623746563305,0.618542791102433,-0.4008018765571332,0.03017375056391125,0.6812156758113227,-0.3080079585989516,0.6710445080464617,0.77626570586964,0.1446683531054206,0.7729921932030495,0.03983833749756771,-0.3672186271035961,0.1312106622033885,0.1907170273954859,0.07689795458760917,0.9356462693771255,0.5613069168170501,0.08165103407033958,0.15565971910915244,0.7123091693284026,0.2743533064081348,0.07111064777592047,0.16505130019585512,-0.22918601748907308,0.23218773789232694,0.015114679379808149,-0.34447113076630986,0.6629578004816044,0.7451930963025118,0.4834055319146404,0.9449556628065036,0.10964708249460742,0.33824374048025263,0.6744930056845841,0.4833794997949844,0.4598339331034753,0.7137779552538089,0.5401600239883865,-0.256795053760006,0.6002932787063029,0.027099187533247693,-0.33658339687068894,0.8901518436683703,0.4264284472531984,-0.09733717768903438,0.4199145952574834,0.8201121674019048,-0.44951167774372947,0.8958712864954933,0.4557749233936559,0.48511998906703235,0.7676434540622334,0.5148643069039707,-0.47632732787169274,0.9348276320246527,0.2068986731274337,0.3683221652096349,2025-12-13 12:58:54
ص,0.1270243443190553,0.8828294655607255,0.11630158678428226,0.16106970107344176,0.7067220648456519,0.41268052281848655,0.30860085607597887,0.9196166678727545,-0.2678811581633799,0.08642973440752577,0.8520654111461302,-0.012899867056025749,0.4893114742343043,0.7277487761539008,0.3229645051846741,0.999443155418881,0.8281812420006859,0.24341276437097348,0.7495894823164504,0.5367693548446404,-0.19610085187010817,0.5728536912641538,0.22358622586965993,0.1941096831140683,0.4428289774655684,0.6026459271747248,-0.02878477628452003,0.3882090908032034,0.9722370936177815,0.07622299581960512,0.0066653682945782,0.30980149270581203,-0.226354026016774,0.5000089334661079,0.5493689353575761,-0.16144796887353896,0.573259834168688,0.09610688425318525,-0.13570883646523424,0.6939633086418627,0.2864860168131398,0.299219807389538,0.04676836863536593,0.0026031110902363652,0.19819874870539855,0.906287216770636,0.39589998903081025,0.35891048282169347,0.36187834182836287,0.37758762536850243,-0.1703815590341462,0.6742305746420582,0.07441601783642204,0.48985144407283654,0.24295648741999987,0.03599323791750764,-0.16258814987027215,0.47540141444877604,0.5444869988023954,0.28883311053526284,0.20678941858023048,0.6450030153927522,-0.43022696596836396,2025-12-13 12:58:54
ص,0.79646435344631,0.2652446288404866,-0.0017080030157529125,0.8697176428043729,0.3884304345898216,-0.2007378351473349,0.9430390912276017,0.14129906083400234,-0.13543019322399918,0.7052371542764759,0.40850633857449903,-0.0657250766937224,0.7511172613853219,0.9061914000104918,-0.06679276359870912,0.8301321974475999,0.355388312944232,-0.3045724676172886,0.8622321199091479,0.7901099844258672,-0.026768981807660408,0.4948403210447959,0.04918979916360433,-0.21861454955302417,0.6141069824815273,0.6448269762209473,-0.48437301746542727,0.14064281816013102,0.7250643129674799,-0.47021987377843344,0.2793362363172449,0.9761041841509597,-0.17271908159320626,0.5535595644986607,0.10824052287603225,0.02585306875844695,0.0968696833445134,0.7464700059266578,-0.24824970586970008,0.9876255832860988,0.44727436146049737,-0.2956192859430289,0.0010105562572071403,0.9678205715650746,-0.21934430624287282,0.23172418053386734,0.36802922624447953,0.47145598945653766,0.21961515268587462,0.39324889157305354,-0.4462508298122462,0.9684938203031968,0.38191762148305475,-0.4163720381135144,0.356314697109536,0.6565059157609487,0.3502414210337812,0.1001820213291651,0.510311813315104,-0.2785125033560788,0.37238746521117383,0.24653694187759823,-0.3166457457979044,2025-12-13 12:58:54
ص,0.43364492892046047,0.7166933275242182,-0.4115093695644513,0.3228996834556722,0.48334753636908767,-0.2794596335766504,0.7424817276298387,0.7497874642376925,-0.2419618595806936,0.933312759587979,0.9592961412402605,0.3122459399960855,0.5561173721007708,0.44422410283105374,0.4851588094346352,0.09690996939886354,0.9708177372567005,0.21124255081160703,0.764625243867213,0.384609694867567,0.41493598204131144,0.7021027385071567,0.23282898333022328,0.38679474735420605,0.05883433964847273,0.5525493175842425,0.45511665725788897,0.24458021337886648,0.0774025771939556,0.4570624705508449,0.5409976295138689,0.18036014452066051,0.054889075713763225,0.33050062738139885,0.9150752744155054,-0.09763826851700574,0.4232851845242914,0.2095828188037704,0.10545789437206798,0.12050606575509037,0.7566703903783305,0.0016022608729460153,0.030499251287305018,0.05347908074542651,-0.11069387003820785,0.553943193437861,0.790073803553447,-0.07621191387254678,0.3811586017553259,0.07948424410704413,0.18993986728551115,0.38607196035547453,0.9512179489501613,-0.3394768347770093,0.36526228949081874,0.15255702627493972,0.2864347920384026,0.52444422998124,0.8701390443154415,-0.28349061592652325,0.4927870091455455,0.056533374550366666,-0.2252695649007489,2025-12-13 12:58:54
ص,0.9769740089829887,0.6831233589821538,0.326353764421778,0.24681752405313995,0.24608814722995964,0.007540476832185394,0.5721012363338132,0.6357911619380223,0.024868546630811172,0.4072071159713653,0.16711566519462306,-0.47752919299706265,0.1435633803592763,0.1290527204693268,0.35844604305724237,0.12767177054414447,0.27073806605765927,-0.4985290750788166,0.2993270962043947,0.3826799669277343,-0.3525978979038652,0.6050542578907493,0.611757939199052,0.021898299575493718,0.4719098174011406,0.5288533459709712,0.31479934971017776,0.6039253913585154,0.026049938045413557,-0.37710833046773073,0.13464437780539473,0.9673971933670115,-0.277127187196766,0.7918355575030109,0.5675079463403415,-0.18631313894386448,0.9486629152729007,0.33217980650767753,-0.281944154383418,0.5015453837053654,0.23163629224844096,-0.005862139257543086,0.5295854930894175,0.6083883573456731,0.1169736663428772,0.21227224962191593,0.1548292569421642,0.2656405754778881,0.7350320551699978,0.3169763556651163,0.20938888621235574,0.09286528552040563,0.49091878096749875,-0.38597802287919347,0.021263464069414817,0.21442541767641843,0.24413671089755784,0.7132993829251701,0.2711249146485444,-0.19279606968344887,0.8099987128192198,0.21467420013204708,-0.18254469251937855,2025-12-13 12:58:54
ص,0.8581452894090958,0.8048291611151727,-0.25494752986248803,0.18723808819545162,0.2521614922558818,0.04329125825324642,0.0641830303080404,0.1665907903670485,-0.2933370437463064,0.17177624143824766,0.31506744185685964,-0.20608430479582207,0.7491177487581041,0.5101280443530011,0.3332720236976523,0.15329899520792012,0.35549826624600933,-0.12742338902141648,0.4658499855422493,0.3096751484744764,-0.3001332463491564,0.7878186060281949,0.04809751596912115,-0.351733576047231,0.692882848125577,0.5233395385554482,0.242123076468305,0.3058219703630448,0.2013663379787768,-0.3888534785090608,0.6011191240598399,0.45474243817395765,-0.24376649196322087,0.18254138101836181,0.6303239391232134,0.459066210156718,0.3610116982322812,0.9062768127227834,-0.02163423843544887,0.9800110575010473,0.0706268185969493,-0.07146964201289963,0.43456996966546824,0.361491287001209,-0.19848967277029972,0.1774242791307049,0.9805926287214796,0.4212583825489201,0.7523621002946634,0.4935074413684767,-0.18220060370295832,0.5851762644482138,0.06730405284518715,-0.4539705003943524,0.5839997344229457,0.35479628220915993,-0.11589647992245522,0.48195835822427247,0.9923842548201197,0.1228342862949815,0.3171170721560984,0.7398608997652696,0.23075449243139712,2025-12-13 12:58:54
ص,0.8083239748789122,0.10151964241394007,-0.3349690101365327,0.6747525742022602,0.17711802300176305,0.134038866926954,0.3826702490621767,0.48778953950477644,0.06490221011853481,0.13943958434220127,0.1465547715494503,0.10149944337923866,0.4290320037247153,0.7076213106762462,-0.03248341541725275,0.5171762086738148,0.828149906170098,-0.26116985236242984,0.3075098268920865,0.1554831252744181,0.34278966819699785,0.0680343196143598,0.6829692169590638,-0.43159838760471936,0.21914719591523146,0.9341352914442109,0.07194170847809123,0.5792702293829938,0.7026611722328877,0.1459084746770667,0.8577115220891707,0.9987890215316994,0.46553824837164404,0.7605269436849578,0.9346317941752914,-0.3999858747038182,0.9540188341916712,0.16494447999654083,-0.3554235380347601,0.9819642856139842,0.0908906046853919,-0.4031730587242456,0.689205356001175,0.3623397219170821,-0.47948210614915987,0.8954012704431581,0.24146261451254092,-0.379311987383376,0.15375237205738668,0.053927160277174035,0.44206796580267516,0.6453842475806217,0.4243222168969809,-0.21476739836987968,0.13301335348360777,0.6478996887835811,-0.39599917367015736,0.011845615727940184,0.933203358215995,0.28576606894718226,0.5368036742479635,0.26364017816463814,-0.45536305303738944,2025-12-13 12:58:54
ص,0.47428394572076804,0.38371713430882315,-0.42026820512807694,0.46626640491620275,0.8609848050039614,0.4364172937383002,0.3047260944148765,0.020711103720797097,-0.3996241583106619,0.9897139050440984,0.44955771183145576,0.3327734650616746,0.6079703406577659,0.07021064713914227,0.08697114076169421,0.38454674131568256,0.8486669158891708,-0.07412200691729554,0.1633896298483163,0.5539315860334907,0.4084322459009143,0.9048744449500269,0.340113764272849,-0.18239918154569346,0.6336083452714473,0.3822532239505356,0.15433117808945174,0.5858024392217042,0.7686057793018319,0.21749744374203506,0.7043163353075044,0.9588984247719393,-0.008898467889848716,0.2879379463096233,0.36731708015152587,-0.46529279045846006,0.7043338829296105,0.43654040602867283,-0.167270980894616,0.479926829688204,0.9399229912744529,-0.0681361814501742,0.2437122703221758,0.8576869078790444,0.33983612386998197,0.3279342742490575,0.2806882134504203,-0.15852695315715315,0.6896444426177838,0.5112325496324638,-0.23110918472557584,0.49793195822600844,0.021869474105721154,-0.23164557314819167,0.46826319162026286,0.3346070281017637,0.022017808060197153,0.1311429211150944,0.24720326102764978,-0.12696484351503556,0.3549708261996819,0.12397765348864986,0.25957959816781817,2025-12-13 12:58:54
ص,0.6207090791715274,0.09601459090495057,-0.20705639372834395,0.5482518342788649,0.5941517191546661,-0.036356190775563735,0.7248888664020029,0.005715710595341372,0.43800725492080994,0.21779529861706015,0.2198064389830321,0.051956195075730904,0.15771868252265586,0.06927000859569943,-0.40760426707654374,0.17045416549578585,0.26997996727037066,0.08322150463139244,0.7275961409602448,0.42613386802854114,-0.16830248651429625,0.49428741556175726,0.011972574528228197,-0.00986147611067878,0.3971801932314093,0.22540214275443826,-0.3251486205097819,0.7930123352761592,0.3617966279932545,-0.11638284492683793,0.8634769151364969,0.3336740858372893,-0.39269999125981736,0.5783767757687367,0.14806738085572002,0.411238311805896,0.8791784584302261,0.5546694919483492,0.2671236528594563,0.2319878295995249,0.36088286515681756,0.33580023939510406,0.27394098993658544,0.7360069755149119,0.28907786326902485,0.2167688543078512,0.790523767356466,0.4006308236922731,0.3382753993480009,0.9913199829473833,0.49419213159318676,0.08976658199198584,0.17069838380117675,-0.2801171857518392,0.7522634560255672,0.6597284601988198,-0.058024010885619814,0.8530343113318876,0.3917385531595612,0.06569077068559137,0.24903441427373552,0.157620491549902,0.4778518343640574,2025-12-13 12:58:54
ص,0.21200030958572635,0.08473298101869942,-0.2619615582908703,0.3517070039716802,0.09102297354777711,0.28727424067037677,0.5149278673026219,0.3620044724940027,0.32865476417778294,0.5464364095456878,0.5687455044364674,-0.034846208406475565,0.9550165728621588,0.893579947339833,0.38403604968342964,0.5310047339194105,0.32639440077792636,-0.19899852460834988,0.32345152106935127,0.5942297781607273,0.3491098841835575,0.3801205829014106,0.1965227782686797,-0.2953784421147687,0.5450859983388235,0.12101971446290527,0.20667752004361883,0.5176726309162395,0.249876058836895,0.4568250567729102,0.4881234439212827,0.9397510159441644,0.07125744814340151,0.2013458667248339,0.6256415890460518,-0.4790938263117226,0.1389555609075106,0.9475071038859657,-0.01850914159200967,0.8659174225343256,0.8632986521244519,0.4711939337478881,0.4371270379652149,0.2456234161838433,0.25858293025999834,0.296758734976579,0.36920831317925684,0.034856195668022005,0.05262695114276039,0.7100421597523842,-0.4459670253775049,0.5057134373564669,0.8662843463419211,0.3801442441452153,0.6958909541177322,0.33931716297973524,-0.1460580534613296,0.7107508309874409,0.5617743311865574,0.4108987156903289,0.4150345818062747,0.2233246672134016,0.24046278942600807,2025-12-13 12:58:54
ض,0.06472273554357344,0.7409910049939609,-0.47154298280943807,0.6409509738860918,0.057098295281211686,-0.21929316577903168,0.8170462046821508,0.12878510945341626,-0.3447662593579083,0.96477391573072,0.8491685807884651,-0.032047949958125876,0.7689400647196162,0.5668977969856133,0.2714901810136323,0.5187960163970785,0.7708986312917222,-0.4229295088300751,0.3766742454109756,0.4897187285762692,-0.3472557975237234,0.8029708294962906,0.4728918295877572,0.22046339604319776,0.6913633396574607,0.7528563413531931,-0.4114083485923785,0.7952306302135416,0.9291524784626599,-0.351108510902439,0.5922688898365712,0.395665059789146,0.46027907061984796,0.12804005551475006,0.46598287557324247,-0.389169925669842,0.12465456351017601,0.23717825967788098,0.4991522785042575,0.9966130835853849,0.2883292205385828,-0.4130121416206688,0.4130323961156793,0.32360202003955196,0.27304537078616353,0.29871250401074034,0.42623155435785043,0.41814605588363474,0.7324206277224333,0.1289615718934739,-0.19036482393449794,0.1541754985774264,0.711154306101802,0.4358160870584423,0.0975466023201419,0.35066315373148504,0.42579879748559746,0.8146315387623626,0.5179198614647975,0.06775277162155269,0.29533073628604645,0.4957970196355911,-0.40555020602364034,2025-12-13 12:58:54
ض,0.8582477432162797,0.4302683420275306,0.03440007593303096,0.10244550548963482,0.006732200381656117,-0.2344846336859212,0.5817517170356573,0.3325649469063259,-0.09929813073206517,0.4496961687576658,0.2643673967020518,0.44573206185877323,0.10560141451421456,0.42955658036684885,-0.46444673145959314,0.5893917179687339,0.19200787836367805,-0.36422832543917927,0.2919294911361492,0.5645021100612438,0.22313093456490474,0.21751887204102693,0.1571698905623704,0.07136042169772672,0.8243364364213666,0.7292367017605831,0.3031528381803851,0.4496225567136891,0.5643518940489644,-0.4033456344687414,0.22486212470219658,0.21634794653688594,-0.30359789100163426,0.8551688654566604,0.43820588664467053,0.23032994699348297,0.45137804723856967,0.6233185022550871,0.24750316657308102,0.21268151019015047,0.5782677118507182,0.18449339480250537,0.8156849229773382,0.5780762617286046,-0.07466165327620677,0.8566825449989217,0.7858783171424707,-0.07369724771171082,0.40789460662766175,0.7031080054700095,-0.18896993707693788,0.30973749558847086,0.3820437361001995,-0.1471409566461671,0.10964984822289237,0.9369348856330492,-0.4032881241449394,0.9644614602392686,0.13230744790220428,-0.13470509751016113,0.7849826760516251,0.18693807957742203,0.47285749646956343,2025-12-13 12:58:54
ض,0.2817645986034154,0.7732684899455218,-0.11556667762075634,0.9412297288826411,0.6909291336258266,0.09351487979070294,0.27371134013923215,0.14630473151726897,0.3758798518879144,0.9390065588365211,0.005019405158082413,-0.02633039652795599,0.30301769411289603,0.37888181934043397,0.29681867940250806,0.8329639175887008,0.6568673618330303,-0.014336550641958046,0.03849590547996906,0.8344552210912339,-0.22164303510542305,0.9312351109773612,0.3734882120951796,0.479017731392156,0.7406703935648578,0.34578583408907126,0.037343427925042305,0.7077288827743832,0.369277783850542,0.11141254543055046,0.2450597391830993,0.6830260298339405,0.4096026874508265,0.3598989777501188,0.03208000546227607,0.3437474623709941,0.9844658420032939,0.15047985447649814,0.448578224052566,0.35764342015369543,0.8491586495787271,-0.3307108187779252,0.011492643305374695,0.9850762755505008,-0.2510185930579718,0.15240597243910114,0.6117753195469731,-0.01984032064497321,0.3337062557868097,0.7993609440610313,-0.3653834247419836,0.056097630682851896,0.8622464702940367,-0.36904310900548043,0.7467525868776098,0.3495174304007671,0.4057092866705735,0.2065207323486591,0.19110371337141896,-0.12899524562982212,0.3473274047943081,0.10645333290648862,0.14819128977709894,2025-12-13 12:58:54
ض,0.9121682572306328,0.8553953217615513,-0.04736478263247401,0.09354639694508893,0.9976637871245968,-0.40999582945814717,0.5889273607377532,0.9783505072024148,-0.026990350807694297,0.03131894107979849,0.9954571944745011,0.0034174821510087883,0.11769593813809287,0.23622868524803464,0.01821613407915179,0.6530189623116378,0.7997560198124335,-0.23353639157040518,0.3467119813908375,0.19498413072798548,-0.43173549332384686,0.5164589886215301,0.6165583708588395,-0.15548134995213514,0.6608484771554697,0.7042348724982767,0.10941063438516219,0.9926456116036352,0.15596443045007646,-0.3737369481621464,0.8971639034700253,0.04962798641772814,-0.43784362746241756,0.268730402518513,0.21064894012737068,-0.28561671429232194,0.21128386644156028,0.723129433032656,0.07351057327704269,0.7420176480084837,0.9057588826496145,-0.2666816200297658,0.6874980790630931,0.9468950266724261,-0.38405662918336403,0.15860530401542428,0.5379793458382714,-0.057737018446369914,0.8986150700266228,0.6412873950683398,-0.10405926573124558,0.8317449388439323,0.9181092964672132,0.2258166981135552,0.698134162446353,0.760150316989183,-0.029235035184573932,0.9293636965566839,0.4731795388650988,-0.40762644901622447,0.767253241171088,0.7313007310286841,-0.19662056208548828,2025-12-13 12:58:54
ض,0.3518488859461437,0.007888896368256293,0.3570071403584334,0.3168613886488918,0.4688063595684584,-0.016755100923658728,0.9279638153337411,0.47970888853985993,0.28960094507551515,0.1900960385672995,0.8355777930369872,-0.40742152651413943,0.8788037077409221,0.9863263851550266,0.2326035922969345,0.8997243518131154,0.01076686235390889,0.13749769672605272,0.7541512400206377,0.12492772751761516,-0.07426053345780681,0.31693804685652227,0.29562530807600584,-0.035379973519845676,0.6573921337704139,0.6683194229782065,0.1240901921495271,0.5574607638767616,0.7602822135494413,-0.41560422250436246,0.15922125139309695,0.799625412811023,-0.16334500887453585,0.1200214438019942,0.3344840003933087,-0.06791845534795471,0.5839498660789924,0.3712301129538924,0.41421287341198476,0.34943646412929363,0.09774018606106505,0.36152487731152005,0.6129015174579937,0.18063673135534764,-0.3868551636805918,0.9821148635374953,0.784696750479727,-0.14672905669760394,0.4884859945580058,0.3718743860889141,0.16678146133697758,0.1821278920877577,0.3126216911563373,0.47604747430842576,0.48409458196509547,0.31888251745429896,-0.30126233305347416,0.5517369377877109,0.032863964221767517,0.41946209502875764,0.4770147875080817,0.7865098378343244,-0.1969896194985441,2025-12-13 12:58:54
ض,0.8725185646898206,0.9255185738264762,0.41583542921235916,0.6350108255353974,0.6839320638152534,-0.41030102880633534,0.5259946650329786,0.32884905936218756,-0.11454984348552166,0.9304634409245315,0.26469205928624895,0.42209741960109237,0.8951322307226404,0.8837330778564164,-0.36187681148722783,0.5778089541181453,0.11833558761250651,-0.06030359013961695,0.03485275494292461,0.20188908387701643,-0.40879089528617363,0.7332525233856445,0.27082795072547194,0.17696457330399507,0.8017418746299385,0.5783102340342425,-0.419270117018105,0.6196714937598835,0.8317959795304825,0.03079139568978362,0.279784576975746,0.24054738285833288,-0.2882713337825721,0.8092381012391384,0.7715777885399805,0.21887018007193826,0.8455234731235467,0.9485377903608556,0.12197090491971374,0.40806348916761115,0.9524638865734887,-0.4278540238719566,0.8678098171312054,0.5963058952595713,-0.02538068816298833,0.1479073862381426,0.166191038163074,-0.45274984241273786,0.32623030265772535,0.43255319201480313,-0.3417053698196151,0.14659243551819434,0.7036824882592575,-0.03632964443391895,0.45420690148949827,0.692687797868071,0.2589977753127779,0.23009315379855655,0.08344474258041434,0.43047481615628647,0.3173044115154495,0.35279121361798427,0.3742050409173008,2025-12-13 12:58:54
ض,0.3896960415515941,0.4976940801302929,0.014533641524164698,0.2131248665123312,0.6806859746932491,0.38794411118637495,0.11877991837562374,0.8166906085973,0.09814488346594008,0.3518182573234885,0.9536534130693706,-0.3487326806034068,0.22433843396708508,0.10124797921189821,0.11630705476969694,0.5695252694500906,0.02344761387135108,-0.28797335192994944,0.985724671458781,0.4128551313855511,-0.1387164920318309,0.41752350849825615,0.06652298640913612,-0.4852457807359888,0.10053072060818513,0.7924030297666146,0.34511062864489994,0.15553703105111616,0.7870368476554178,0.1300431858552631,0.1129739145123797,0.21998338793012995,0.4709493946824087,0.6451787165694888,0.8607670482346613,0.010378592544786569,0.38995749975423,0.886275461701476,0.1891030326972104,0.25080666490672365,0.8491796091055311,0.12816348808822997,0.41219380376869164,0.9631557655220949,-0.18130947662985164,0.1946297001754117,0.10048108868401795,0.16535861647144146,0.15310010076919534,0.8028615214325937,0.32365684706275366,0.2419278585437049,0.17520563333869077,-0.3224129800814828,0.6881238738246066,0.2568010606268326,-0.1248792390224901,0.5720560759819256,0.9214960623194582,-0.17116146311312874,0.9740471524213302,0.4727708887048323,0.18267253275011253,2025-12-13 12:58:54
ض,0.14470745061301227,0.26357477446270305,-0.41281014360025214,0.9855947142104595,0.1579126356722853,-0.4128911709920907,0.9038562012140393,0.301919585056566,-0.07762262712332091,0.7106342369794405,0.8250492660306442,-0.38444827710574225,0.31641212590231993,0.2632200444631769,-0.2640476717139728,0.23939591758437206,0.7715566341956237,0.07305573348003824,0.7221750003111901,0.35494565435671876,0.2210302376946024,0.7500812483814606,0.5274681761940705,0.2233461726583822,0.1061991924531337,0.9479449170402185,-0.10298122311912905,0.5130215957021824,0.33728185973472147,0.3917072069236347,0.4192438189031831,0.9834719938146813,-0.3926820767085202,0.7875188736308774,0.6144006567914382,0.018502373041948905,0.3979987814674608,0.31064467066437507,-0.2012064045058738,0.389722562820077,0.35897871461591524,0.10721622113806417,0.8798344426529418,0.4164146006595213,0.1300521081019811,0.8196992792550006,0.4097117435005502,-0.3758294314720356,0.9542319385763441,0.48199546053535725,0.13232652896755315,0.7702835983044872,0.3121470054131187,0.13511031133252605,0.11271541295528409,0.9482255503942023,-0.407469066843698,0.03807123552647007,0.20079854304549838,0.26379717882124065,0.4661490217224673,0.6479861003793375,0.23075990331062057,2025-12-13 12:58:54
ض,0.16210548382168632,0.8854752870695244,-0.4544354185049244,0.8741268722267695,0.8186927779974509,-0.33058308555145166,0.20216893690515247,0.20724674412015343,0.4693357908262282,0.07472530131381161,0.7751291187781036,0.176156726244583,0.8170753738195865,0.5164034145806905,0.21559775175672458,0.4026216382669876,0.07003388687101775,0.2115116582735881,0.47178381350976295,0.45988466976639286,0.14207932665229972,0.5746698557752806,0.4812598822130587,-0.49096558899993115,0.6154971762840867,0.022518957505523907,0.3046760243205391,0.7422619018897058,0.10060871622790557,-0.2804880851367484,0.9144334696410701,0.5782946565762148,-0.32853838775807254,0.17053589844064565,0.37934364539298904,-0.03703506715312377,0.5809708609653058,0.04616992454751323,-0.4712977363242362,0.7048627892258528,0.17729123465323815,-0.321106222394138,0.04706607360384185,0.47695693999848654,0.48088264621407595,0.2995424227668353,0.19325818633034242,0.21737833625034408,0.2000539594028269,0.7778414333901815,-0.017131086172127663,0.9467880442495251,0.5282764491959708,-0.050933279284619104,0.49647242648409173,0.5310942692843696,0.4620746830807615,0.034130852254869226,0.4086831902281396,-0.3815110044932617,0.20748467786261238,0.6541161788062229,0.24537219760123719,2025-12-13 12:58:54
ض,0.4502498284552704,0.4043278323869821,0.41806946131798817,0.40463217530977325,0.77570331140819,-0.4818027009566239,0.8702931685457241,0.9201887426384158,-0.18723474594177336,0.8379276392569709,0.45255786190979375,-0.28221281752982674,0.237006470303747,0.002614135168356402,-0.39884725650251707,0.5802873116128542,0.8898060036384703,-0.28330818484745823,0.7310650810114315,0.34418923212400854,-0.013541597269497219,0.6181017228253072,0.5711475724321725,-0.4098557020688469,0.9472281690826181,0.06780370923004908,0.14781515651907684,0.6162920405152588,0.22232142877724825,-0.4022819594211954,0.05700536753934393,0.5863698411066354,-0.3757894876676926,0.9535876913154719,0.1064714770465578,0.29913014049446596,0.6183381414975697,0.34439601108888873,-0.2173557946870347,0.02961679402663453,0.1284115868742478,-0.3597797854238832,0.25844248716133444,0.7639977057016492,-0.42646253740160056,0.8448497911205574,0.05956644631921282,-0.2810950347648933,0.8277923289106114,0.6178457629484344,0.06664993013237874,0.7123570576911288,0.22590262118674775,0.012452317775174526,0.7606161727502088,0.9631911755246659,-0.29236624880005113,0.9572805154913337,0.0050755616831441586,0.13769827376849086,0.08809408555536002,0.5035754890164562,-0.30644449115918027,2025-12-13 12:58:54
ط,0.8590416288633331,0.9702485891350687,0.3834146867236833,0.36912224851560393,0.49477073487755396,0.37531985416865266,0.6885138939583032,0.8657021004044146,0.17066764624583308,0.6843884580484986,0.1781575180333671,-0.1585619037076429,0.9165745875693038,0.013469203178676503,-0.24086630593388703,0.4715600555793753,0.7485811643645205,0.004091264856699861,0.3826527500017902,0.8869965267393174,0.11252896414660396,0.48057712411384634,0.019919008201767063,0.3019195980502587,0.6747222264737002,0.5220031812937995,0.1806162258183618,0.12305747191038363,0.6949027318515686,-0.3543698780367883,0.19293393843847984,0.1491915620208405,-0.4729288123854116,0.5749778861499271,0.04478338417003469,0.2128316747588741,0.27419987314624017,0.261703885506275,-0.1988133109160325,0.3204589550340403,0.5080196589086158,0.291906250696349,0.18637580976605983,0.703777120758822,0.38068559842756855,0.32188936652025435,0.5161196771781459,-0.48706547295508074,0.08876538674093126,0.9671547302650914,0.43203560589120593,0.9363150125991496,0.6259600446366972,-0.4907319616186584,0.4254593845993533,0.32264836076715664,0.3403117617291369,0.20643545732687052,0.9984201929936766,0.40098528740689754,0.9518606205085214,0.4753033814848494,-0.008591478799781616,2025-12-13 12:58:54
ط,0.6271918149442615,0.8077841492896785,0.42758107662061395,0.974153445372028,0.38599568612850144,-0.2145892639787882,0.7012308979959271,0.7124294772501594,0.19783145268103786,0.28801209850078924,0.13110115619306795,-0.4749214276376529,0.02625254618543893,0.7418412295645489,0.17680223883742463,0.11130957581710987,0.5186838091808191,0.3396486392941427,0.12678032696764474,0.47013665643543534,0.3085828078028583,0.12964659965259773,0.6428952624946589,0.2257140501421424,0.9669691622645606,0.36825312959216405,0.3049023200861568,0.7287967569041992,0.618052623696159,0.3713099823803728,0.6440168223871829,0.41597376223430715,-0.42145430425245833,0.6382552046262445,0.98398335509869,0.463219148556374,0.885335646389792,0.8212262438486629,-0.4163730349174568,0.2036776108350381,0.9158324254818081,0.35642610122568796,0.8371229274315531,0.7918242360412487,0.4640514723233119,0.5002718881243657,0.10958061421508203,0.3002324694591326,0.775878197781048,0.71583572801399,0.3860726763158102,0.20516975577518692,0.7722557593981914,0.47273151010098813,0.30814642129278735,0.19867462220966603,-0.3448264598369599,0.7301791292465003,0.5841947697037586,0.06414831488207606,0.3323552036415922,0.6443264046015716,-0.2764029827480283,2025-12-13 12:58:54
ط,0.34020709933066917,0.5366611087118925,-0.023591575929660435,0.781206195444277,0.7320180015276663,0.000585770141595221,0.9658066670469403,0.8540921522780468,-0.3073547749535518,0.033171754116528174,0.35513761021091184,-0.10941667359177532,0.2779267484395195,0.44269221711391293,0.33656580166311545,0.3535172795583734,0.8446158835227725,-0.2560968187543564,0.23180921136922417,0.4993863959830874,-0.36909245546714664,0.19074921866044192,0.022068496265576942,-0.08655300447655667,0.043961855680632156,0.8604747063315666,-0.2361167134542551,0.3240598695102518,0.8759016860424627,-0.49816287409225346,0.8454969466023973,0.8521966357456777,-0.26730108530594443,0.034999105494410654,0.4515406597262035,-0.08051755488877821,0.16011631117350633,0.6593428277940228,0.4770917034694375,0.45336660382263605,0.13630369278326793,0.2650298811156887,0.20497080814815938,0.8928292788374145,-0.08471841476323039,0.7041645064730511,0.6785396004851366,0.33034838052039883,0.4366937732382977,0.7650436511387031,0.23827189314754005,0.5647352835627057,0.8515944074994425,0.4493512856320283,0.763308883530558,0.16259249344766102,-0.008933668976130682,0.9885808811656686,0.4421193464658686,-0.07783275575311455,0.755397854133373,0.3134278375045294,-0.36725818771592567,2025-12-13 12:58:54
ط,0.315590141746516,0.5885157765415647,0.3510845742062091,0.10720538828315473,0.056362064564297376,0.07912198773922108,0.0029813903850991474,0.8063208895649859,-0.38153095083471,0.29406393308230183,0.9714690097436761,-0.4245510527263159,0.5020711921079483,0.34233337804194186,-0.11830814475489737,0.18665668930763057,0.1874456698718936,0.16708195737289655,0.18737077330563,0.7791593383227942,-0.2731140823818562,0.9555476901866427,0.459663962921114,-0.44565968717047355,0.7900685657383842,0.019231267518131978,0.2271411627224995,0.28920505405042574,0.5771772130517823,0.0841197602665269,0.696940029297985,0.12383045439423979,-0.49264440633741435,0.043960797814688424,0.9607393731008838,-0.32563539459490554,0.6563870006732959,0.4832010018573639,0.033480280304651,0.5412554512732687,0.7309894961799144,-0.10611785103675053,0.5541298377110104,0.9502202970404082,-0.3000790701491647,0.32645072460960955,0.6051531031872932,-0.441736512954537,0.6154825622450714,0.9283270691654687,-0.23959759710661088,0.9624719707659037,0.1646102999064769,0.20326424950694677,0.5684842330342456,0.8247219335959273,-0.12212466739571837,0.17243631808791193,0.026198195263626656,-0.22669240585835304,0.15765568225747462,0.7250478737788281,0.1342552544299288,2025-12-13 12:58:54
ط,0.5361636749870456,0.6608963791037497,0.024148884539548443,0.8632613211320413,0.6285309701671615,0.16993559577888018,0.6476774344243671,0.08928073310641393,-0.27217495446127105,0.15808186240731714,0.09456400494565753,0.41571465382046124,0.447263335422754,0.581896961435224,-0.32765761754305567,0.1885183399674326,0.010512375664930573,0.2311061847839535,0.16810560777037353,0.8722733300996387,-0.3006486386595678,0.6935886923764066,0.943011687279078,-0.22840548063746924,0.02809583994536413,0.6175938440242691,-0.18189612371191366,0.3815985595241279,0.4139682623061548,-0.447260980600359,0.5395557112353309,0.11216563233797083,0.20055701884723798,0.3405214443761214,0.1619033175242225,-0.3400328520413839,0.15204562910352593,0.5061653824819765,-0.1328098243206407,0.738815498852945,0.7584131478722955,0.485616137386354,0.758239316029816,0.20980382571744494,-0.18286076033924215,0.4363408800329468,0.23747226571001523,-0.1503701169651953,0.07673022410506591,0.20162004169990844,0.3551240685826489,0.10766310860326012,0.13880790023976575,-0.4859471464786643,0.8849870960786371,0.06275611567045469,-0.3826565714897677,0.8167683694831614,0.9995120574320016,-0.3321030366523966,0.07092157514157982,0.12581579782744146,-0.0564646567072421,2025-12-13 12:58:54
ط,0.7767936724717691,0.6955320112419741,-0.45407674655932273,0.28462557167574876,0.6397291144640916,-0.3568970889479197,0.08231923601422209,0.6993289250515663,-0.04420374097433488,0.44510480949755316,0.9528426851096665,-0.27786384247165297,0.046841935643910704,0.07871016528645447,-0.3653760056919162,0.9970296605953464,0.19323234655132704,-0.3311348720371635,0.48917049276077973,0.6885677565857324,-0.2467567577442905,0.016105747452377805,0.6416113952482667,-0.0361371909271605,0.24524851060505726,0.15437129059835086,-0.004935104358354314,0.2551520008357183,0.1335245284305544,0.30476462114378666,0.42709754742928574,0.3688733882543531,-0.31349881861845164,0.5810238657582966,0.74508324446023,0.1537763273672479,0.06345764902819417,0.43713022072521235,0.0826291864888864,0.282520092564962,0.1152115872866376,0.13214517383506874,0.3917293526096741,0.1085659988269908,-0.3036319481543528,0.1378368834332957,0.6205611471265176,-0.03573047470364055,0.3800004545872503,0.5042623707631393,0.1682067836853408,0.22811876386872465,0.685714856418276,0.3166890210023442,0.219568383509395,0.3346867030613546,0.24335448724423214,0.29607657396456055,0.27318876053780694,0.4482423092453054,0.14917420714756247,0.5727049071548237,0.13571914844882904,2025-12-13 12:58:54
ط,0.7857168503336532,0.5269692689112991,0.3436051147469471,0.6958114039901192,0.8656478833236041,0.39441172088264875,0.8196501481280943,0.40001909811952296,-0.2943731376185058,0.23930388222616217,0.6256112666090236,0.4554880946189388,0.4118830546787051,0.8488456702851499,0.45990475036867007,0.9841771954925507,0.4388527546114438,0.3835954419573039,0.5100836296454745,0.6675994095607191,0.4791432869456629,0.23136847085220258,0.4528538532857882,-0.2113296680623018,0.7465104010998447,0.5367952600750073,-0.4779886411470279,0.24767616824859406,0.8375319796167598,0.49180507134328555,0.4722183164398157,0.4869512793319487,0.3897408823998846,0.7627672187011426,0.43776694391739557,-0.0003197885767578512,0.7794454162477372,0.5652287035281398,-0.42061492663292344,0.5797903630116678,0.9178672538251799,0.2993892426989998,0.5537418698571083,0.00699827542185516,-0.4548603693460799,0.6121727855876439,0.34369095442896924,0.23225119149676465,0.7746324292004154,0.4925138539578078,0.115229373162689,0.6366238084116089,0.39500240996057634,0.31597599554224065,0.7088575799587588,0.8479922956329018,-0.2412301974024713,0.8413048625107366,0.6096208804236288,0.04730805407127869,0.47092022030112357,0.7950011257656242,-0.4601317744469151,2025-12-13 12:58:54
ط,0.48271433419021237,0.9789480546345448,0.3317412002506981,0.5424344817511922,0.24266923381096617,0.08517000243707584,0.9070008248909208,0.5943670661136156,0.09251326462726239,0.8138533362469436,0.602565637311413,0.47101484804047533,0.5535864173405978,0.08429116508946477,-0.1642022662433511,0.25484138578774107,0.52740966796508,0.2288219231757117,0.9195638940218963,0.797938460449152,-0.06445185043380264,0.7088662212045947,0.7268181058161904,0.16456954221482323,0.7110324030305825,0.38007298039729454,-0.11714481202658933,0.025691865279445003,0.6126604987740507,0.02674430582251741,0.6300298378592227,0.0814035586213091,-0.4460157101700083,0.20341859945902485,0.46707997506416987,-0.38406898092435693,0.6216921225107925,0.7201658703799816,0.19042409564321616,0.35466096084260634,0.204769233999479,-0.36336959587447315,0.8851196012643133,0.9104763031043707,-0.3626963693171873,0.9480214112884702,0.6923134040894875,0.36070347385541157,0.2344962299387513,0.19235891873776467,-0.17695930315976183,0.5065506529439311,0.8779989497483969,-0.4012676458018102,0.16792157751480308,0.5384264076970241,-0.4640840340903679,0.7041771986319153,0.49738171442314516,0.2585243954589549,0.7672586085602451,0.2611671578972822,0.014747504100392606,2025-12-13 12:58:54
ط,0.578079127577743,0.034223031062917464,-0.37964317651175095,0.6711472549760591,0.6654299085033941,-0.19428872704211042,0.5354516321279177,0.229882451335357,-0.04019252484725522,0.9740431715416007,0.37161169464433097,0.26010370806786465,0.22933795227186637,0.3117712549603243,-0.3835972324247592,0.9548748518254234,0.003446659227923865,0.42878924662113127,0.7213804897468812,0.27577614197760925,0.34309790232126636,0.1133495777591711,0.5515148764722876,-0.37321795950782244,0.5306243345614932,0.40102684673027145,0.4537221666840707,0.07117870277711347,0.7090529118099497,0.04782021610219722,0.14918493524235088,0.836670326824383,-0.2224584513021416,0.8394949546317365,0.3816131034482527,-0.21309865916169257,0.11358753155529477,0.518511870771721,0.2368369440145791,0.4357766878085091,0.4963824281999307,-0.2704233389146614,0.15498504031125748,0.8772712449051142,-0.4808734538766102,0.9236025352087873,0.2053495448516277,0.2047100825209548,0.16827373020226377,0.5474574345759989,-0.02493774034098073,0.008221290024042816,0.78003337427699,0.12672742262525838,0.7067680549046949,0.8392828924700891,0.38655930561897667,0.6941984979900924,0.0206906005139309,0.324387388253511,0.37851391264579026,0.4050535923843296,0.25917460117118374,2025-12-13 12:58:54
ط,0.07265318192720194,0.33798702844758177,0.3062952210412029,0.5915852518091504,0.6198878803643131,-0.06164026553847879,0.07169316724287189,0.1296096504930806,-0.22365592656129052,0.1855985400453245,0.9138407241509118,-0.11901055526751048,0.35310199403478504,0.23931064494854515,0.3794210838391213,0.8626419305374302,0.2920504814360254,0.0920951894750558,0.4422243344379554,0.23940950416719287,0.02100666166423104,0.7316722693317315,0.030220951246580308,0.053499958782544654,0.30683096011478883,0.5189592283443714,-0.24148990761725353,0.6922556043005749,0.2248357887318465,-0.3640682348398293,0.3446275675307946,0.2107026853811068,-0.4953497940818067,0.29306117479600136,0.4699616941007262,0.08083971847539861,0.4594293572010215,0.4102684772269596,0.4898522290549977,0.6275156204187768,0.2465345956336371,0.23128003089458604,0.26859202167883733,0.5823213384274647,0.1815429186302463,0.8037825509100127,0.06792047177118132,-0.13062067977675118,0.7580942617942474,0.19832072982452154,0.2443751037506129,0.9884421529938604,0.5015727071583751,-0.08107404120063921,0.37474676788162287,0.025964496700115136,0.32605464299970877,0.4719374267056211,0.1266376670496231,-0.4674719809560003,0.08038228641552947,0.9909671808181609,0.23256454367113155,2025-12-13 12:58:54
ظ,0.10061509182526973,0.844394767768472,-0.38330235924584566,0.7486158364350476,0.0557535344924861,-0.4110349971049372,0.5498515659093383,0.7634232041701169,0.11447727069013847,0.20474113409421468,0.7659556084515694,-0.29755906465989546,0.27653470220767074,0.9752887535459471,-0.2811606262511033,0.604409251846835,0.035347673470544905,-0.26486786971636167,0.1446210139355424,0.6069316256003292,-0.003057975727350448,0.20071237443240142,0.18277307544004084,0.38313306740089925,0.364271866523036,0.5369870336870745,0.1516825200330647,0.36345030572526593,0.8604638111646257,-0.08138287068876848,0.8041277641292879,0.2146241330109514,0.45745467128907724,0.7778421474639281,0.7658453295014709,-0.036598645017375975,0.31566229677996216,0.3547132214050297,-0.4789099408703711,0.01815344753586856,0.5402915882842826,0.38053433698132,0.8319035155033158,0.2781509826450883,0.0470536938395727,0.5456890911000695,0.9095486952403097,0.46017907638336897,0.7519365571063638,0.37552093576606094,0.35414108263577615,0.7096692449874227,0.7623532229788335,0.4435064318673634,0.7742776119576619,0.9312697780405199,0.4552898567574858,0.7566770604901046,0.39753641944331564,-0.16825636407512246,0.6916790547887538,0.5499502342178443,0.4117106130050352,2025-12-13 12:58:54
ظ,0.5252170823944142,0.3477021490149287,0.07170957267758282,0.8134640712180083,0.043113160992103605,-0.4000774830717878,0.005578361127329234,0.5071706753765924,-0.18361162044292723,0.1483232546508948,0.8860183718172513,0.12570308971141575,0.028252929706653385,0.6217266679705541,0.19296008797091346,0.8457572673638004,0.37706269508273005,-0.24639029917216326,0.9838761867813787,0.7841376272188201,0.06231801997467157,0.6488117181626122,0.7952167286306938,0.4590010188407473,0.6854140242397515,0.6699846716250507,-0.29883129551358456,0.746595196965703,0.23910422123369357,0.48353237556782336,0.7361907131603046,0.11513777711247386,-0.28076156834665933,0.8230085483016452,0.15997614370147473,0.18308991959149312,0.6222156491009883,0.2772678035269962,-0.1493696284492272,0.09486783553722866,0.20992648385607426,-0.3720700054923204,0.25182929932358755,0.9692011314564472,0.16708928282276292,0.25208628079586837,0.5540537161658002,0.06790584319064696,0.056934151011002965,0.7668331278663116,-0.04944305363490653,0.476379664936438,0.585718229361502,0.0976625118642418,0.13310268307670892,0.6418244134353525,-0.12161328412141015,0.9491704643350721,0.6731022437148325,-0.3581406180266361,0.04837913874046418,0.6532854569080009,0.16746433526574456,2025-12-13 12:58:54
ظ,0.7942186208151933,0.2542127574269044,0.32660783410711935,0.29975141756259915,0.5819315555418056,-0.3948402495626593,0.5928620485462297,0.8523954742196084,0.006067772370834779,0.4535103677002331,0.8053350039489554,0.2951549627018356,0.14914673443591375,0.6472104060669251,-0.2686623963475373,0.27902166213599155,0.9478888365211172,-0.27904500833181733,0.4588299027369803,0.1892016934078833,-0.005544008132789546,0.6623909081089704,0.6117386407772656,0.2464720704954082,0.2819310170308281,0.3143724167877918,0.46607975212845143,0.9310386386206325,0.23910230776437247,-0.471897546999008,0.7429703601329181,0.7839681779254911,-0.22101216118542133,0.6583935734549321,0.15352766459187173,-0.47862273191003224,0.7326720892385616,0.8790079260382583,-0.008496092719757709,0.9816184927180575,0.5542024354683296,0.4405048518260054,0.49311644287995937,0.6314917511974574,-0.4057050358541885,0.6880490534241939,0.5231880324453432,-0.00569223170484956,0.3328766886294372,0.20784703655913284,0.3049887317430383,0.9257760559308034,0.9888447892309502,0.2804897143507964,0.35618485928785115,0.25298968064822025,0.1704461123698786,0.5204689070466815,0.22298365877701853,0.16166532034740833,0.047980966006072934,0.40543017866258213,0.40361887738803925,2025-12-13 12:58:54
ظ,0.3938634147159361,0.7933914601429943,0.32254445726408154,0.7283131494267859,0.981444030128885,-0.4385314741762384,0.88322705921211,0.9518165829358761,-0.17333680963879405,0.5791748800761198,0.6029511154067955,-0.08177021455513322,0.34206759514555907,0.9881420247104026,-0.42889658378444284,0.44431720689821796,0.9843389659488774,0.04288052240674467,0.5861946418783436,0.778585747833514,-0.18479097411069723,0.26231075008339955,0.0013925557567542324,-0.08078534263712156,0.3815910434790326,0.9909415791374513,0.3895009524035147,0.9152659999492757,0.696110266906796,-0.12059605910351101,0.854189896506281,0.35470839775508933,-0.19441146443036883,0.0829703089222893,0.7611186008658082,0.35890606190078456,0.6258538254143865,0.9266550247017518,-0.4278070146311239,0.44379765798778836,0.04392172253374815,-0.4042445942783044,0.0304093864858217,0.8748237270582347,0.2105745335217185,0.09936371986171588,0.3563134977296333,-0.07780846939093067,0.08739046994355748,0.0940037520099416,-0.21885638273418528,0.9451241584062164,0.8048919734667899,-0.2910623199612483,0.30126046120902306,0.9132817309400175,0.4255989337358881,0.5362089287329269,0.3854331612396943,0.15400300705161396,0.7191017673709937,0.24401588900227678,-0.4753618820393185,2025-12-13 12:58:54
ظ,0.5434188335018819,0.09600672555887546,0.3766437112239498,0.18129946890104764,0.6131075077334975,0.020792379238847247,0.536341308872269,0.41248615638824815,0.0007935830553654766,0.833578084905653,0.37967852827983317,-0.2771674308480966,0.36478770627893253,0.7753620625264128,0.16233967996752818,0.3211016776123966,0.4286629823615089,0.32156666945869905,0.3982978097700929,0.14344897208300134,0.06161220157486047,0.04613414041048103,0.31957238877039984,0.3857154070219516,0.5012150291008596,0.37237812658574587,-0.2505292245124584,0.8057795194590495,0.3702375303113413,-0.430062248024319,0.3797240626859232,0.5505623765657737,0.16696347930114663,0.0708424725404535,0.9708068519444069,0.1569673904632075,0.9129511512860946,0.6123629020553675,-0.13345680878953403,0.0069908855954531335,0.4312581894055626,-0.367302610910609,0.29486076600703814,0.04420561019096991,0.3751568924426357,0.9936184331742808,0.2208747558685641,-0.07483070235943512,0.15467916203618182,0.49446354570779816,-0.4536113732170013,0.9866169074581028,0.6675002645207471,0.20249388577690075,0.8885318080025424,0.21887131599523013,-0.19691745149378137,0.8806441732426682,0.09130907826990875,0.11497197109786139,0.4397799336764361,0.3628692519469182,0.29099181556592635,2025-12-13 12:58:54
ظ,0.666481138630302,0.8069186117318381,0.49251728700007114,0.800393608652269,0.3737954434608235,0.28747296612101847,0.9754337246491652,0.10478054822801408,0.208166549523631,0.57658712373746,0.19950409644470268,-0.23671742239507332,0.06301023237593573,0.31825405963705133,0.27859570046871585,0.9034384045701683,0.5662472577764187,-0.186911750164788,0.15781808245115403,0.5142505809641841,0.06365087526560431,0.0033935953351934556,0.6557635766909728,0.4136332732516723,0.3184718585336933,0.5822027744505243,0.40404212792632366,0.20136866077114746,0.23228702276716318,-0.2781990573298232,0.43271281683085594,0.5542494241860759,0.26402760659805036,0.9025198546347062,0.9246383358448766,-0.313090885454404,0.30920262247219477,0.4255068392898642,-0.16218143167997934,0.3772626041397781,0.6791895783526197,-0.040277162193798954,0.2451896897569933,0.4208846143503676,0.19174551522992933,0.3458479725963156,0.9734738942261635,0.33851383537432733,0.30492459309051345,0.7190870525723748,0.2751002440090199,0.7343514043139305,0.04995183932658609,-0.3406539465988304,0.891699843076623,0.9927633236387291,-0.10955626016850528,0.5221022324320171,0.4084525420990158,-0.4703839924034472,0.18297327695361532,0.8938193421361881,0.417216843092984,2025-12-13 12:58:54
ظ,0.49754890696733545,0.5694871779358924,0.41466141207545426,0.891447740527547,0.5885077176802161,-0.38405773329766724,0.5473031797890272,0.7186712424425494,0.3356501164016301,0.8052799711678901,0.07866989358413568,-0.4784818509876252,0.23296588912823657,0.48214986258917913,-0.26144769757803965,0.08847928197818411,0.41235848272539843,0.06067448835988298,0.44354651892078845,0.7807497053123263,-0.2000557246215291,0.5884664137053849,0.3674434818301566,-0.37200264602516453,0.8012231153228291,0.3053179657332711,-0.3208711159827642,0.9339133834497744,0.08440063213011706,0.4245289177020378,0.9739104755691533,0.6990120755773522,0.11448186341663547,0.7527666987270449,0.6979984206128406,-0.4384467837677094,0.966366868634423,0.9079147433523723,-0.4150904902594571,0.3259172199960495,0.18093912012345081,-0.22654716458382862,0.33535055774739975,0.737064178007448,-0.3440518475215455,0.6231414870719981,0.5714568981000261,0.26599377945407676,0.5546130814953788,0.7158862406196528,-0.4392723840023516,0.47114684079531033,0.6753500192762778,0.018298987821217416,0.4130229902129965,0.5428331426971403,-0.22786448076047794,0.831298119790728,0.24520434139360126,0.40149408393796826,0.11847999927314001,0.9572517110327587,-0.20882913760325883,2025-12-13 12:58:54
ظ,0.468211542247841,0.8313403500002926,-0.43033443987657727,0.8444588834321193,0.7049445068294583,-0.13363691389106702,0.7866750503408102,0.4444152443635343,0.19028824851115134,0.47187131308256247,0.5960738745658002,-0.4438679380381293,0.6667963294158911,0.9359220188037587,-0.12795714753823695,0.5002844239439174,0.8404403281796343,0.20255817988933866,0.6656488934996704,0.1865831287012908,0.24386414496492648,0.8190300960301498,0.7888602978271949,-0.2968044663908913,0.17666711591321194,0.9767963291112749,0.29962008768635284,0.3140892356984726,0.7461835039370718,-0.4014681810115899,0.22354513445174629,0.1497042752403469,-0.04693949756610827,0.8586179129268585,0.6031824944524663,0.08787323933374924,0.554787613236746,0.2892443064752187,-0.13081483692324003,0.8048595651411553,0.7826633915344864,0.40046683592843557,0.7752692481816655,0.640069509244534,0.13084748673992375,0.9865667452805283,0.7286522569309027,-0.4307775594515134,0.3831419090740319,0.8096059016719404,0.43590876755535524,0.5580700071426608,0.48850052522291143,-0.07008393146824365,0.9870645960738245,0.15521392616285645,-0.38843680155206783,0.4805323030534564,0.7393023192498774,-0.03399767502705553,0.7805273452984176,0.6198532722549137,-0.48511451278868756,2025-12-13 12:58:54
ظ,0.8159165067020104,0.6468056817133926,-0.47593997179328085,0.2596709682889865,0.003157013397117714,-0.24735019866597252,0.9988324725650307,0.6649806681277929,-0.23545655754825434,0.876299541634679,0.5950855483258477,-0.1972424232215213,0.869203075071029,0.07438339793461068,0.46737715199120033,0.7461332295447443,0.8296961374690841,-0.16092142882533556,0.05629191781412224,0.5227942283093517,-0.10919090397337539,0.5354556898408093,0.42573229641454857,0.21955961133800572,0.47000116335549214,0.6211165754176051,0.3223141144068524,0.5821704614667661,0.3014580361268844,-0.23008486135619666,0.8506104013306434,0.8106799110628952,0.0594782903664286,0.9121211215822888,0.7784268787368245,0.4945236550083598,0.15720843663931572,0.2749342043762101,0.39677997433340373,0.03868000459239518,0.46043024080740746,-0.043715780155263895,0.1880239379366253,0.1827139607747159,-0.22491687286254403,0.7343690668694053,0.3487519710842192,-0.3498692327014694,0.3722937123731862,0.8299898701782507,-0.10464346318905526,0.9361514523893684,0.4579564520228635,0.00583631873296242,0.18343137175357427,0.848936382209268,-0.3028891620843256,0.46016829117229574,0.3641864041950308,0.17968842451685552,0.04728792413572769,0.920686092620318,0.31899581370868935,2025-12-13 12:58:54
ظ,0.17340598648367866,0.7740178395375604,-0.3855943947861452,0.19166064609032518,0.3733827897973243,-0.04787534162817453,0.018198137901140776,0.24546886538201218,0.11116859548904434,0.1189549923976494,0.6097427502459494,0.16635039924439488,0.22503109161848966,0.18127054872096837,-0.22195436240292454,0.511367270730504,0.5586256157354681,0.295103735499756,0.5231562194109373,0.23021693899899998,-0.37860789772965175,0.2480785425766796,0.6551289608287993,-0.3954434012202551,0.06532800549407625,0.21841016628894605,0.16252799427782738,0.15673427647499727,0.43362837763412765,0.35061883571879704,0.8000736906518601,0.6127140484195599,0.48840369978186204,0.9636394191964726,0.9455463931211824,0.3209063487093876,0.35667413660391767,0.04490592237089808,0.10784211309037284,0.3602880904299315,0.20113123023701052,-0.3332585719454815,0.5883366082327861,0.009338320228428287,0.3068800597908118,0.24026047100875203,0.8919761569639851,-0.3235138659790233,0.9562864607354455,0.23563660607927128,0.4445037416354941,0.4411115065662803,0.009368134411433804,0.46410755483148713,0.1903659487530489,0.7454798195115035,0.4305208287272566,0.14724464093519252,0.5485834879374264,-0.40838137201994673,0.40816114629928657,0.7933999994982125,0.15290652052818654,2025-12-13 12:58:54
ع,0.9126595398996545,0.16690315671056044,-0.06569381288814713,0.19475544057558059,0.4861000198430966,0.1505591307334655,0.28661580466089465,0.6984378880277726,-0.25760508193048715,0.024189325158875064,0.042474180597374955,-0.35111047285556574,0.18036811527888907,0.8834373627298528,0.2383057362544263,0.43664290123579885,0.6856342572183959,-0.3018956374676315,0.29289075094303885,0.348679738986437,0.26023009586801227,0.6640307451583232,0.06315723257285288,0.49456539914003894,0.8628876531954596,0.42562294371005216,0.2594692314147896,0.5048445956917899,0.5968114950373417,-0.21394942219888013,0.17672278496674199,0.5104157009877894,0.4803812868330619,0.8608460791648858,0.5430971449587437,-0.2628730384573793,0.253657332347196,0.8058647120614941,-0.03519499522129699,0.49007539746637707,0.8469569745320606,0.33977515533310587,0.4316184308368749,0.911745719730406,0.05790184172652346,0.9557872892548297,0.8621081244691354,-0.26793621811940604,0.23538691522222732,0.48793167938716375,0.36422523771001014,0.41567365751319263,0.4344086871248576,-0.19882701919600143,0.055432346340911653,0.788049995396324,-0.33629333486199153,0.485030864145758,0.8934328858676408,0.35137926829914623,0.04140957108044241,0.08842060842786381,-0.016281957439952532,2025-12-13 12:58:54
ع,0.42241700452771813,0.2154533195331858,-0.46514720953234723,0.4489110276126742,0.29836856916721244,0.3118951131660235,0.06688495272051631,0.5751969430112944,0.1588370508922814,0.46111712724751,0.23745749001078298,-0.32238123241651395,0.9543697123121887,0.3275283040803937,-0.19791286225562443,0.5749378563741027,0.9584067835780274,-0.30497146367727235,0.5384386908091348,0.8007219913684599,-0.03356949422476696,0.029529264929226584,0.7667700900264581,0.20801703387907655,0.2887578547675672,0.29835549700424047,-0.4391344305157846,0.05370032653692436,0.027059003653944758,0.020143612076915285,0.44605812837857506,0.16035855161427104,-0.3359240999045091,0.7671178210823237,0.41077643355132665,-0.3706895098175693,0.4993957197947496,0.8157345450870597,0.23506635012099697,0.6247078655894367,0.030850863308065857,-0.13520721467351704,0.7746485367834983,0.6206505965363087,0.16071150064162276,0.25506868887754586,0.29114303692027854,0.025134152955425648,0.2920389178198791,0.3669690957081265,-0.34461945500086877,0.6439764109251679,0.4772154290481835,-0.23057053618391865,0.11286433269067353,0.818830141448108,0.0038473941177228355,0.798058693498837,0.02153295063731253,0.17513202956937157,0.4076739345396776,0.34698564958939704,0.11743848551530689,2025-12-13 12:58:54
ع,0.8938311504977932,0.7865999947529326,-0.3129021470790131,0.07516629686145315,0.0996736825185286,-0.02257191939697678,0.13151105162298748,0.037608283429797384,0.20357010203617776,0.1889407349973906,0.07016071723466777,0.24876906450324987,0.45946447241278343,0.8035756850597621,0.1417852113552105,0.5449639284320564,0.4941848661275935,-0.4344458860291911,0.7399458908072002,0.017536512207119048,0.36140424635958024,0.8593678970112547,0.11845151678994215,0.20772983438467918,0.8703611640488695,0.8968143287301404,-0.14515819119285533,0.9547369998537044,0.9830950513487434,0.3860112793030632,0.8024332708404335,0.9507465581845714,-0.0224142799686613,0.8144856929195559,0.30562365887167886,-0.44721314450527494,0.4172268709536052,0.41434790829361523,0.44586203483260467,0.6983408745958682,0.22933991301022272,0.4665656833312921,0.30001983701959656,0.40821463848790396,0.34316864260780766,0.30080392151227864,0.5201232200213286,-0.33064410679891343,0.6566378676533319,0.9671428684418729,0.36907287625574203,0.4237616726524984,0.96668135932457,-0.42309801949138526,0.2962824969303298,0.6234070420713829,0.20800179172590716,0.06283331792908897,0.7075611686536647,0.19601960822198494,0.38879853786456264,0.8754850067242971,-0.17222970363002255,2025-12-13 12:58:54
ع,0.32514413357316607,0.32684403970705145,-0.2725970277310945,0.24370596369910125,0.48624927352012626,0.3823783920964172,0.2255981860366778,0.9267751755624889,-0.3352008675064836,0.6449341827473781,0.3704235950763881,-0.3299892325901401,0.1559585245627796,0.33115035373069923,-0.41990400355823787,0.4069186585633904,0.8180588800118604,-0.3912472629331857,0.9342962368158733,0.9338677145094564,0.02511789596289271,0.26039348846525,0.4700932452982972,0.4822149826917207,0.06652817017125856,0.693850663230631,-0.49558605131026856,0.9978254985703012,0.9886148531218844,0.028966110146884105,0.6682091000473869,0.509964228156995,0.059868341457418706,0.6206509367440344,0.20685346473162025,0.06842626948953157,0.8268403784025198,0.39974683497232544,0.359121521448018,0.0024604157546161964,0.3795026488901678,-0.18281323429171892,0.6362743327567035,0.5065707946203027,0.25524450267328835,0.7636803999829537,0.1815411445818509,0.2523421295345094,0.07859339597611714,0.7736311968096694,-0.479112278220842,0.7227074594004305,0.0932938361471517,-0.4965204685395691,0.0869633347794645,0.11589066222139566,0.4479615107440057,0.9782345909057132,0.5461555246017421,0.4849969059533271,0.39904678246492686,0.04434624916069496,0.2556613950570178,2025-12-13 12:58:54
ع,0.8682200194734926,0.6091324670340629,-0.43896428037394597,0.26807360732666874,0.21130952308816886,0.32729934132575866,0.2844876954116474,0.36542321452511295,-0.32560431484259833,0.8433884458713866,0.12102576920337027,0.2792243571162779,0.6239491442340502,0.2911344035046092,-0.4213062569600894,0.3445595758075841,0.9039308603434545,0.14317069947226413,0.5902660475470772,0.3013618798773686,0.4454509489236932,0.33468366340739764,0.42139054156909983,0.005600453616891876,0.776822508693941,0.21517179547646814,-0.02761552318892513,0.33285544737265016,0.507764454142432,0.08130635425936827,0.7563984718118906,0.26893623065665073,0.27633342832899654,0.39956300061377314,0.15231745895322757,0.4028942124275069,0.5959563195667815,0.8891339358777326,0.14609252175516452,0.36430574437235586,0.27348699492391504,0.08881343010750442,0.39611668336551953,0.00949419843069077,-0.18699443122477533,0.9612281875221534,0.7681678577683498,0.2419065303628667,0.6775144403255037,0.9053416868692349,-0.04287602794866907,0.5106632184391875,0.14405782641564646,0.19177891836630878,0.7602163968270871,0.9474342511052186,-0.053348218017715276,0.57151205329701,0.08291401631960937,0.4610133847018357,0.05889816677244708,0.10834145731189415,0.1432212798190058,2025-12-13 12:58:54
ع,0.9184570889815205,0.671440274341956,-0.14798693312485267,0.10911849350256242,0.012845497924434679,0.4462734014347668,0.014580912947263935,0.4219077125613888,0.3028100877089709,0.4199305020167938,0.06075473764120776,-0.46324043032056883,0.6723875374718403,0.19426186645736665,0.4312748933520726,0.2556726959278288,0.7387011035606973,0.4256601841436015,0.0358025011221027,0.7716635805172773,0.22626804616194118,0.35916608022377305,0.6206186698017676,-0.18862473530017143,0.03498728708769816,0.6998398471991807,0.009858207850627076,0.5522414764967051,0.5207056636813898,0.42837718666643243,0.25835620206706356,0.05247300004182398,0.09903131794849551,0.48067299913603634,0.6380304637411763,-0.46124699124231716,0.4878061115053639,0.047085424186345426,0.27514767727655987,0.4859620602776349,0.004329708091210693,-0.18879847676952155,0.512417965463777,0.3355530619959429,0.25912937451707185,0.6090415071268594,0.4887497931436052,-0.1514451801343467,0.9531761235119137,0.6520937231924074,-0.21808338395174998,0.3279891225944539,0.10252420390756256,-0.4710354845404907,0.3021723257768276,0.1086124605833072,0.48419324030835753,0.031241950772918248,0.941500147836494,0.06724859267028449,0.11170271410253518,0.32538907832829234,0.28816458864677574,2025-12-13 12:58:54
ع,0.8040387762153907,0.8300820834720667,-0.1674197997870036,0.6547264512894722,0.04362189369448388,0.14176006600569624,0.5921893319299222,0.307456247135944,-0.0865682683286626,0.1990865726840252,0.9582943897613602,-0.3750657923006503,0.40238538210114394,0.558548358324972,0.44057558483013926,0.04680857703888286,0.3233177329940816,-0.28777492279246586,0.038633148744741885,0.694925928562412,-0.19189814846038766,0.1087020870754346,0.08444317168661997,0.2756523275070536,0.6446490137066623,0.775079997244965,0.32333111446941976,0.007066423468092942,0.3898653728710141,-0.18974570564059212,0.204881808266978,0.44666303197255186,-0.02632763228973356,0.2712764181450922,0.3282774408155834,0.25646596371271624,0.10770264201240287,0.4011818781935398,0.4067434266190192,0.020618090176609538,0.19750778600894414,0.2635872251837226,0.36720783006652824,0.3577246384189118,-0.19437237673013086,0.46000239400780507,0.18957237202050958,0.49507671028184486,0.012402984552426832,0.8197682476275072,0.43485859265588056,0.416746606505081,0.5061505946832239,0.1283311182409298,0.7084125577965896,0.959039023040796,-0.12255090850094708,0.9619219913564026,0.33813091904773607,-0.37951336112873,0.680266220276626,0.3499508265468776,0.04521870725309296,2025-12-13 12:58:54
ع,0.4693265285049877,0.4953597321646547,-0.14283768449613488,0.05258907708535843,0.27117726119099284,0.017097784829592566,0.25183924210795516,0.03459100018001682,-0.4401983489495619,0.6690707371182927,0.7334450278581801,0.11392088596788497,0.2815970636552795,0.5201089818538728,0.024454343189677208,0.14409475513430092,0.4241498572316301,0.48407084635157627,0.6332831317826978,0.6608787404100519,0.04728740623186278,0.9303126224424684,0.11689825027800249,0.0898713390005691,0.8105681438382728,0.2795044716752856,-0.26735356609873395,0.8852913247696679,0.38685121510562337,0.4774496564472325,0.07274224181560085,0.447373594856301,-0.3884404814313147,0.8131240559019777,0.16692089872909643,-0.4887590449232114,0.24854910913610295,0.05887137615685356,0.2509999503297383,0.39940051266888954,0.07027316351919322,-0.082861786021456,0.6089915493387569,0.584936116300427,-0.4086519231089589,0.36753322862581916,0.052098661480715736,-0.07258693914463832,0.146751443607543,0.6154124220518591,-0.08834736050399128,0.2725508024738923,0.1704289692568811,0.24150895904211112,0.23620702641253444,0.44300230114391526,-0.405563722855529,0.43059667960277004,0.37304377164204316,0.43043220891198586,0.13259884800760235,0.8180762619577954,0.44779264125388285,2025-12-13 12:58:54
ع,0.4512662295874975,0.7979023098937096,-0.44164209098396234,0.4607175062532546,0.7202929552967552,-0.3989945734942454,0.2605247250059832,0.13787831946928975,-0.2314964513025688,0.29104557997744185,0.7347089883234339,0.3429120388092757,0.8720806705149147,0.7329880326954618,0.43460390540210014,0.5450320526364787,0.6924508298656885,0.04590084547588669,0.30594240585436516,0.642112834259418,0.12878040755003317,0.8099627199847838,0.29904804642250604,-0.4463653292870313,0.4320978431759086,0.9710048507149487,-0.4130856180836612,0.17458789559536692,0.2511521343216149,-0.11516510148631254,0.9999817996406568,0.008316961478783025,-0.06696191006643082,0.9189000787449185,0.7038799553091306,-0.49180765944636207,0.15637397706442102,0.3749145316733792,0.2739660748484244,0.19136524229747087,0.5318160586981115,-0.07753990110988462,0.8471508565268765,0.27938476877679663,0.0584914825487276,0.4110773934848029,0.8225134239830143,0.2323824988994989,0.3212341078736656,0.4906076473288856,-0.48220270654484576,0.6975288574822994,0.3824483684798503,-0.29840392884805245,0.9254879750403714,0.12339175325873486,0.49053564556232665,0.672850282752747,0.3052175496096007,-0.22706647227292787,0.8545576563841206,0.8604802113345761,-0.02609626972444412,2025-12-13 12:58:54
ع,0.6467461193575664,0.21642435536512417,0.42080365627442284,0.6974888131023401,0.7573831156735045,0.23056739003648263,0.5365298824648768,0.8892048939537119,0.20386756086356572,0.29349272968173,0.3867036071723591,-0.46128531675513473,0.844016054451754,0.8250147800673656,0.20971648171271762,0.4262335543464286,0.6831339875619057,0.43351425585517855,0.24326976476734086,0.9581011761319685,-0.19290553161990764,0.6598092343749753,0.9580384182002502,-0.4085535819361754,0.6106296744030537,0.9023786942778721,0.4507858809688061,0.7084369707678121,0.10679662362129494,-0.2673175148100434,0.6656730596471506,0.21107989954912476,0.21988977976020674,0.007703408494798003,0.023092503510748652,0.4653731322579763,0.7835691995273626,0.6961174120838944,0.20845579959312088,0.3172852536555134,0.3280481014664949,-0.3577412415625939,0.3178861498336426,0.3698407358454685,0.34280423597054577,0.46059171509694696,0.052437606748092835,0.05986786790825227,0.29381739369137294,0.2807548605474348,-0.3279820634635452,0.11304164262052718,0.37193160160769834,-0.2807012018785753,0.8732999936578092,0.5610121294677167,0.23857365880789216,0.22924126403530598,0.9569094272228265,0.21462810749743622,0.8804919609320715,0.29811637292046633,0.11219874011759967,2025-12-13 12:58:54
غ,0.8535960758066976,0.8042404072044979,0.2578717970125882,0.955695747978445,0.6924864270533762,0.020599311629052375,0.9744876179159662,0.10672190321531161,0.4409530286313881,0.15127989459207092,0.3740273373974292,-0.4837864396087318,0.2180672734257585,0.30831469573848935,-0.29204903004860094,0.8525181087497876,0.1934110681167317,-0.4225261347576005,0.6253706898356335,0.2725659004336086,0.12097698426746661,0.9314936810475182,0.7668147978532254,-0.1714687253922057,0.02969380386536813,0.08477502544041637,-0.4106945175142388,0.165625981762353,0.032179550904730014,-0.1923622018710266,0.5526504566540706,0.7388950469200881,-0.19227153623292537,0.3583484118567771,0.9650605484921748,0.20366434705021408,0.5961930403475865,0.741974825891342,0.15533036801814526,0.5426149584788195,0.9964786459682267,0.3153428960952379,0.7797111896884725,0.38088273963723807,0.15348533448703838,0.40694687274021335,0.8551890540130082,-0.47368383618313015,0.03104584911020203,0.8730093975889496,0.3116020674125429,0.44866126676281815,0.36563738603615603,-0.024013263379583427,0.4075413113164035,0.09696994341650533,0.15655380627151905,0.7730903463225993,0.1323316489989088,0.38921530158738105,0.11786935646187824,0.6426480790892204,0.2781751459302074,2025-12-13 12:58:54
غ,0.20275552276243358,0.6576138202457561,0.4426778131677398,0.2796084145126806,0.5810418585581092,-0.03833769653201036,0.5664647785361544,0.3290383003318246,-0.17079514375215,0.4340983492092102,0.04554639340122468,-0.25920189235756186,0.41938737586091923,0.4662447603004396,-0.3667220869620166,0.7161233717874526,0.023540373883877974,0.46992896308897203,0.197173241476579,0.4701991918276861,-0.4853221454862682,0.8569178883956042,0.7518631482279093,-0.10868127124949689,0.09150473434720408,0.21740318668594327,-0.16195942458526402,0.3253444811000845,0.678734432615908,-0.2595930846783979,0.38680217241709447,0.7105502877756347,0.33505046140195827,0.7978067266196179,0.44498771675890425,0.15428606790684551,0.2873758618784984,0.8909205837621549,0.18849987750025454,0.7522596701167503,0.32814884003898637,0.20110917738840806,0.8427085163949067,0.7378935121034605,-0.019052510899011388,0.6183235235209598,0.02099527480234442,0.27275312596175083,0.6875242196394672,0.2302394797584515,-0.4204760211203302,0.6769029829142498,0.34091625296441397,-0.274512544411911,0.8213957235810999,0.9782429547506676,-0.11583081347045932,0.03348692094381245,0.19305199564630582,0.33513543118117073,0.9662180858492369,0.21382051028236182,-0.4516440918598844,2025-12-13 12:58:54
غ,0.979357392845289,0.8171990537302724,0.1765059123109345,0.1369605665282453,0.9814528929525987,0.09157949288877787,0.1451768572062727,0.9171561376150207,-0.2395163783756048,0.822452909534657,0.2741835475188674,0.22983108349196602,0.47355105186631563,0.30640763940186977,0.033722909423250735,0.993353263263648,0.6299025731730294,-0.05793824708064088,0.43556161665348025,0.5946866329515962,-0.18364006118887288,0.4197662625938813,0.16176465086624747,0.4878889688681811,0.6241090732571906,0.9511513006405732,-0.4470230626795141,0.03550633236341916,0.6686497624663965,-0.4458089823935779,0.10552504800907025,0.4432231628041098,-0.07805511304040647,0.6654224390920613,0.04386198184348655,0.02668478390618423,0.6635562491454647,0.8553636745131719,0.38308598316791487,0.8346292661421212,0.7853348454578559,-0.1889254658957954,0.21086991597197657,0.12453769449692553,-0.17789407312516592,0.4161923204031476,0.785874901982336,0.47718323519248906,0.9641843208105153,0.20417944953995393,0.4405268528735814,0.09194927198694336,0.7442961847642308,0.011159695262863645,0.544879674946072,0.3170780254349257,-0.49819852929095043,0.5495966508537518,0.13408627771331572,0.49837814568335514,0.43228683125272827,0.45930011573560814,-0.4146807097847436,2025-12-13 12:58:54
غ,0.6842198407172716,0.7704277007730252,0.04032745039734886,0.013801740094163906,0.5756801110606741,0.06081765114536031,0.7294178661824151,0.8727902014970336,0.4580995973552193,0.960476010292768,0.7599854883455177,-0.2970643491245556,0.3848168924546095,0.4948156612526813,-0.2733442791019429,0.6239219471092884,0.43880555819137945,0.040907048498593945,0.5961382101974463,0.5418105998202241,-0.2538526707193536,0.5988928706654593,0.7138831310269821,-0.014573480523035975,0.7306858755587449,0.2857926660876684,-0.11457969143375268,0.5348864081146864,0.5897675722072967,0.27055951521557053,0.49183547814444917,0.6824184869948329,-0.010108517857226662,0.7922404605634961,0.783719352040768,0.4350891679031046,0.4207297718492826,0.5540617321845402,0.2980801902704393,0.5246343654572219,0.35245292651227933,-0.0899164267606345,0.9567815655342787,0.05400009489792823,-0.23545505230249497,0.5535820439078588,0.4817769266754208,0.4810676475240767,0.9308643791635979,0.9826556517690685,0.0507526056628087,0.10860105873644876,0.42526835228729,-0.17981082072770282,0.5955088026511806,0.3391914742029203,0.0179397474194688,0.5284358760687641,0.3921470164274933,-0.42756836290710554,0.6913214255991526,0.9849776517641509,0.1621239073254882,2025-12-13 12:58:54
غ,0.15559163380983343,0.3853910228768729,0.3973665062389862,0.7149722014636352,0.3595011907263971,0.3984579939295947,0.3353000164874461,0.7616307691495975,-0.19058779530006165,0.30687843070339027,0.6832952346634341,0.0022650696332547904,0.9546365434590451,0.979675121197166,-0.3158444369412714,0.08081955325362766,0.7806486175844569,-0.44272419828089893,0.30487115914184326,0.24526142907683246,-0.2887247601290668,0.8255134733411501,0.17343476929563095,-0.1709401406408838,0.5612914851554168,0.09448177807378755,0.13688208251955547,0.12731461165535107,0.5319277853173981,-0.1890934466828903,0.8580843506418807,0.2518286023942162,-0.06742324935303845,0.17320906642935352,0.46105016224111073,-0.10396936569401893,0.8572964932136354,0.9524801516691694,0.34773850510571347,0.07781831742258383,0.9709886284156483,0.3844368592458348,0.024911150713851193,0.11439638491795268,-0.33222413029354514,0.43684370225945934,0.7428698325615635,-0.030666727593285148,0.500523363214981,0.27999640236985346,-0.06411658881372495,0.3148182640722338,0.47312085510756385,0.4170140490411707,0.49350998689422587,0.4532872042232311,-0.21193502650494522,0.7576552966272412,0.12047657460946604,-0.2494081753468549,0.7813943197040489,0.837401034543568,-0.16099975942296818,2025-12-13 12:58:54
غ,0.9427376655040264,0.5826613117419522,0.17580814775429376,0.7261146676624531,0.8620222229523302,-0.37977487773894947,0.3683536166994257,0.492204797074548,-0.11646218934313979,0.3722916152729926,0.11759518966827043,0.043362701648825275,0.30185410133473467,0.4352271783364179,0.4641839201493697,0.9077082261452505,0.9597695810862105,-0.19411505833345633,0.0500795951063262,0.7012654282738565,0.35158182394631576,0.2606674776005342,0.21212560586772344,0.12143555836813968,0.8838147726610376,0.6430027998646101,0.4290390650426906,0.3565245630382452,0.18485464977995414,-0.4322702132541303,0.616718993599971,0.7448235411521617,0.29304445605375773,0.5104463802515011,0.4415848355521469,-0.02718340799942165,0.619753730087698,0.8192926720150174,-0.2327062869687685,0.8592579265024338,0.8048561860016413,-0.32691107556751975,0.8227807073311837,0.9292593113912327,-0.3637342728945475,0.9569766796290353,0.5842052102342076,0.23030147172686577,0.3866748824561499,0.1272519665347771,-0.46550833333521435,0.5258721674396314,0.33433852137517694,0.3614518223430697,0.6974325506334604,0.7401894581732971,-0.4471328494257276,0.821887674244226,0.36099754518885974,-0.09827269483581602,0.045410807399240194,0.405425268615239,0.0008390029303874114,2025-12-13 12:58:54
غ,0.303914963846291,0.7856021717070328,-0.15679262534299265,0.4980085271315793,0.7346714836316601,-0.45466567958560167,0.705947130683933,0.6251651470022731,0.41292861943959946,0.8074609901625422,0.3714738646194897,-0.20383658585755382,0.7704728793136754,0.16376728275892405,0.08268233679579662,0.25089688721763403,0.3841332352762796,0.3956300429693089,0.11670311681629919,0.12280230600382724,0.382621746113469,0.4052994894699602,0.9850519015331377,-0.35676312082941986,0.7339480570158221,0.33105094052715744,0.28855674466205894,0.5735451717180386,0.6306633309315347,-0.1600903258580284,0.8647958203093683,0.02062382455998646,-0.06848165011201068,0.04539147139426103,0.18856508175367148,0.16556118090553806,0.8142191417048085,0.37168901727159165,0.04865502493926477,0.9768071528782638,0.199155074342392,-0.008022436193023674,0.06176317195161418,0.730653757885117,-0.08339458973867797,0.1856809589921341,0.5692609692779836,-0.3018720309219468,0.48849687866128444,0.6397793941159866,0.19129992383788053,0.8845931665842037,0.755850185994038,0.1965708719322432,0.9859686574917682,0.8239194031070005,-0.13174250761548434,0.8181868201128508,0.7001732876146696,-0.3552683882859471,0.0035440453714117304,0.3952998620297088,-0.2669538293386947,2025-12-13 12:58:54
غ,0.41163785699375877,0.6432040999287296,-0.008850189417595855,0.5821731084631531,0.17480465593730976,-0.312026225565201,0.02794541912977566,0.8983690536824549,-0.28010677201047873,0.4252532508312987,0.06254853305706742,-0.26953042403850325,0.8386829213869489,0.9257871586892504,-0.42501575015122417,0.14263323651132576,0.17463805025917167,-0.10092495281240665,0.7110969284435106,0.6915586382706825,0.06959537588912135,0.004213200004882678,0.7104529513258381,0.16768946018713338,0.44252770179310863,0.6876380710688498,-0.10081962814404521,0.25042579144387656,0.6987184652352418,0.4360565769924136,0.968673510049283,0.9131525488132459,0.409279376021918,0.5206233809822846,0.16659693211556847,-0.25612327386670464,0.4689535646309161,0.952595660329122,-0.3792727710232202,0.4987978674058968,0.36167281563692033,-0.24821158055919457,0.7451227752780302,0.372115423046676,-0.23295968569026937,0.45074583863598294,0.10109398375614442,0.4999731854347179,0.3734808287291832,0.7045793436717187,-0.351298389837011,0.2862498445735856,0.6270463035049437,-0.45320183565438354,0.017901932830682532,0.36126410178665413,0.01768704935896459,0.370361105930044,0.6593537571037144,-0.49413225674547534,0.5831230120270823,0.5586277288735165,-0.4638729150576808,2025-12-13 12:58:54
غ,0.2534756289286584,0.2322645201599166,0.03277099443404863,0.5807078840860187,0.331730847582999,0.06421077932901942,0.6466396556323761,0.2260903916042032,0.17276810423071476,0.15613383338775322,0.5704993742156445,0.3445104639211639,0.791841116204107,0.9674080306833137,-0.4998879908136815,0.9094677481137228,0.9691908477681433,0.18373131288554645,0.6442164341749222,0.16687960218641174,0.25433208549919406,0.8058484810081116,0.8204747973319475,0.2295485624821062,0.5043982324867227,0.5042648471089635,-0.04327851460359722,0.13373041309206124,0.11183086294987299,-0.21216773506601327,0.7322885049741439,0.7953674075068938,0.2169705504299555,0.546190853584191,0.305680779676463,0.11645217829212373,0.15690935340858325,0.2164876401861232,-0.09337686035619774,0.41988696864311603,0.9310506410409636,0.3664006950547649,0.9998280973667093,0.16858729905188907,-0.33862055725027973,0.41187662779268674,0.8371597066938982,0.018796078975065855,0.7584455804905778,0.724803151115939,-0.3360864600259623,0.6390687780443612,0.3115311691963206,0.1829495164374504,0.11929851975515948,0.1408310314804132,-0.0749963633528008,0.77035650284547,0.08813202409611343,0.09610905643655099,0.06702234304300692,0.5642915798967867,-0.05163417549113347,2025-12-13 12:58:54
غ,0.4904831542030891,0.7781091570864909,-0.34208830895536,0.2394404675225813,0.720410659165941,0.04267586715813387,0.28922557369410196,0.244570151267533,0.12231334438510122,0.8324651008597932,0.5398453596954913,0.4997575059369542,0.7085781804908078,0.3011315143283949,-0.2886888833554674,0.6426284858137385,0.3467723241727545,0.28692373664410054,0.710986039194061,0.1714771242422719,-0.2230705959490562,0.8185263250142605,0.1907253992607233,0.1859158105977029,0.4994140140634282,0.5170728784341571,0.18323130836602175,0.8953034754576612,0.6668727071875483,-0.3917134327411944,0.3051878534208924,0.8510601964798961,-0.24264531592743843,0.46704843679106023,0.1950434610447762,-0.4539579624531045,0.19260939242788389,0.6550701800901482,-0.18502357721309393,0.29714106046956945,0.2813231401639408,-0.20318874980212764,0.5933115204132582,0.6904166919253398,-0.4022396772431791,0.5550179695074019,0.7751659262990241,0.1904369677038692,0.4396777451885303,0.45359226539198094,0.28042677675675853,0.6235217468934213,0.9584899423596457,-0.1362429150523764,0.2649968561216003,0.3815409484977603,-0.31877073624172847,0.9957721243074092,0.12918061095471478,0.363931536427188,0.3021709118679826,0.13293536877890932,0.4843407876548377,2025-12-13 12:58:54
ف,0.4402466178572172,0.3420856524157133,0.3921942244496115,0.7645750175408952,0.21648674183099847,0.4187221378509388,0.6398697673027756,0.4404136570746513,-0.4909799466046312,0.36199264234340456,0.14292919241007718,0.05887075924761187,0.12468610176197814,0.7548935161639415,0.47809713577695745,0.7547122153686479,0.8337090095760932,0.3300667096033236,0.7698468546505053,0.5906712451715198,0.2139229526548455,0.7098005154695498,0.9762937405688523,-0.4403594549551395,0.7543913849375993,0.2896992610939926,-0.4243598972176158,0.9198643113560444,0.6543530731170099,-0.22900584328616191,0.9180473412587257,0.42475849304543833,0.050808904105011155,0.15546660541704727,0.37232792165433093,-0.44008466243133515,0.891713771052252,0.24549245632515204,0.3791214753425036,0.008317065725120254,0.607272482284948,0.4556919238593603,0.34251035156200615,0.534681802874146,0.14727952686765544,0.26853833000037264,0.3892857438097087,-0.4767869285185594,0.9374736839990873,0.9285853049687934,-0.16266501093311458,0.06269613024254816,0.5708270761729923,-0.2182695973805393,0.34010224640870146,0.9974732521003755,0.06833822612082407,0.7578035922962547,0.5545397062143583,-0.32066681979532174,0.020223574971919844,0.22700755739614176,-0.1553485928143058,2025-12-13 12:58:54
ف,0.5608130368494969,0.0508893534086261,0.37399308462770475,0.271284775765103,0.7023597687946287,0.28594016786589804,0.6499594130705625,0.6252276987530414,0.04074415648517382,0.25083514352609215,0.666435384001104,0.3873184576060147,0.6107466036753991,0.10023586646794791,0.15909043565732117,0.883036779609674,0.49546327931405254,-0.03881433026869663,0.039376563922770225,0.4195475446822735,0.3733222387835389,0.9208262409536522,0.13850926209000203,-0.1573799998591734,0.759795205336562,0.07509813214982708,0.29163848833931183,0.8982769885851122,0.9709287943670005,0.0716944613181758,0.2418823618414243,0.4953329246854221,-0.4332086460917599,0.7432826705374568,0.6020714359445014,0.4223249312930809,0.3351079154981771,0.6272009651953365,-0.47460788308256185,0.45858939942466925,0.05184739393636173,-0.45052975933689776,0.03877602198098429,0.21578390098158273,0.003717073686408945,0.731985965088034,0.6007066339083429,-0.03778033194118913,0.27731475824430696,0.6144855063838198,-0.4799368900467922,0.3216406802508509,0.8824673329986712,0.2315291849081177,0.5257992144395041,0.7171864970519883,-0.3388650473942689,0.4865743656617818,0.3476151797201781,0.043799033941734566,0.6346967119929082,0.31119498386356237,0.04940688135831006,2025-12-13 12:58:54
ف,0.8011245131253473,0.3537699427340709,-0.16553120822165535,0.18783680827245075,0.03154262333473834,0.03565526432247934,0.5797158901808059,0.701322664013209,0.371328653281111,0.8395499239378916,0.5713191204425458,0.4965511530200125,0.42703486385748,0.3461125936472992,-0.29751513381955774,0.9230625830049756,0.7769383122152268,-0.49977619673275087,0.3400876865618656,0.14845773708609378,-0.08599692214024135,0.4448633307203357,0.6973008238928974,-0.29002098869158355,0.2734578695740457,0.501367572213355,0.19878870370882806,0.2083730985961454,0.7643687813162601,-0.4650426619668371,0.20366760614602042,0.931137422133843,-0.01937572815370303,0.7062646641252549,0.8749381745939033,0.38417406439757695,0.39696815031412536,0.135801661805535,0.1681992879132196,0.7615955001572645,0.683454705943733,-0.37291203564221564,0.12699009441341502,0.6839311682117467,-0.2674357805609815,0.3908908719224857,0.3707321641595249,-0.039241706046386216,0.7885678265178498,0.32435835776896427,-0.052169561708796386,0.2807342818607541,0.569406700719639,0.04255037860294397,0.23858147545066777,0.6014491005844571,-0.1277650871113517,0.8928321253102566,0.051646109834265985,-0.20722377638161615,0.983515292809964,0.8740018479433425,0.253862598182254,2025-12-13 12:58:54
ف,0.36985119741037364,0.4660280998803994,0.3336779326714834,0.44238841114482874,0.00681040764392582,-0.06810698502962664,0.7533544847131126,0.5199374695212187,-0.4560319147534745,0.5454647653252099,0.2467316360455054,-0.2825204697889284,0.2965255396650166,0.7441831430971326,0.16735508608819827,0.2076647961895367,0.3913787092966958,0.3861592632305535,0.6337400440865332,0.8118255191828353,-0.21998108325918897,0.10999647211469166,0.4523060213994935,0.03195120488730363,0.8591392803676693,0.5184551648640487,-0.059048196754393434,0.8202841826797211,0.5023247673579292,-0.17812865023641866,0.950702147760771,0.5765092019844742,-0.1882540481925491,0.5591287137951771,0.8145683940558673,0.36963300594655313,0.559936753472664,0.035644020470379845,0.34571617470267857,0.10089512248183685,0.6887292226991588,0.2425787487918467,0.8115504006593074,0.9615677782905101,0.004962938318844423,0.18542423224521343,0.8258589927786092,-0.3415555098789027,0.2578025166578618,0.3000899585743886,-0.19662841801759434,0.7547011451114124,0.027264863748761914,-0.2324151444112118,0.5873516451401222,0.48714503464359316,0.016304424146868723,0.8883900509117497,0.1075041903844055,-0.2081294314231743,0.8318925769381379,0.9684408757015331,0.19769844894704758,2025-12-13 12:58:54
ف,0.6816414252556235,0.8556996888201539,-0.3484818146829297,0.5426579662693971,0.5788984345111181,0.018228805664014858,0.7403780823871317,0.07425485914777341,0.3775061082350526,0.7239600786326021,0.3310696725657497,0.39767122803431876,0.4284098687907856,0.42693308650248796,0.15099041606197627,0.9835351751966518,0.46214055770771234,0.1687205426493571,0.0825041018435736,0.6682618490886859,0.0955182167120604,0.5674412739819797,0.44609037258792394,-0.39504798840711486,0.7085866440452625,0.6304504957528164,-0.38453909259191665,0.8427424225123545,0.4904728614653222,-0.28858865110462206,0.6694951073492628,0.6345690919951665,-0.17535811369264087,0.8226801636941398,0.7927318840924178,0.23901503770318855,0.9222999644521274,0.10862885621063345,0.4107670320849617,0.7845319915910993,0.3880339554776836,-0.4685482384372964,0.5205370078010981,0.6144917903266227,-0.43678007439803523,0.5682812070248158,0.5733172363856024,0.001045025185936077,0.11301513044646638,0.5516085600153924,-0.06315249807056589,0.4161527203344788,0.7634127489377632,-0.2569259665913983,0.6752003570669826,0.6793682360401948,0.032297775580231614,0.2871691049858943,0.2286532604816114,0.01986671125772832,0.5233526130618837,0.02814385256874752,-0.10377076610583347,2025-12-13 12:58:54
ف,0.1921370896176946,0.2770127161732089,-0.1017274580145473,0.3037306227282177,0.24427071945755074,0.3870121741113588,0.29428861455115896,0.7648570904576127,-0.20182619116418443,0.48672365030389186,0.5918803801889275,-0.1520633598120632,0.6958039010834336,0.2746329419558401,0.04770605629629021,0.5783245743218324,0.6547314647225647,-0.03994205043987431,0.10629504918542587,0.43811867074422894,0.4540018784984402,0.44360175212308595,0.1537810965005707,0.453894450957151,0.7478578237412705,0.9384819202372124,-0.4450844331719096,0.5922624405165544,0.7898032567716752,-0.3412672420563718,0.918683341978512,0.4829584696503463,-0.2569823570961395,0.5476133184170033,0.34011746742613647,0.26255059395936275,0.05158244619735419,0.1727879165295123,-0.49627557965255764,0.7958084268975031,0.31418547960029086,-0.2554874978301249,0.002373017502825925,0.31165390088873424,-0.349536419455719,0.22214955542560744,0.40269182266436454,0.3935018379485552,0.7354840006347578,0.06247321375740844,-0.1983645448789223,0.4358029876693146,0.37696800456227875,0.3782134535993199,0.23152075895759172,0.5747777760773273,0.36894761636654516,0.007989436002739048,0.8578255274621995,0.06588985583685725,0.8077165946344285,0.29517730401452325,-0.08768551404011427,2025-12-13 12:58:54
ف,0.4390713808037513,0.39057957987352987,0.21766491712788505,0.04337277290953079,0.5630738110875358,-0.12337559890963457,0.3996749358500714,0.06623106453664684,-0.2221369217982967,0.5676363401745971,0.5600428031603055,-0.2340602190134513,0.6790538281804577,0.6885542408357525,0.4818735483928618,0.4491731813730482,0.9647977774956105,0.070152534527393,0.2799471193828573,0.820308741689882,-0.44800904185774315,0.16431847134082878,0.6011763507082309,0.22209940429895392,0.6024768037813899,0.23978410649793136,-0.36499016712178634,0.3107900963985931,0.23712771659479748,-0.09194078206597256,0.37091666123453637,0.04409788164299866,0.030455076740760756,0.9962906632718893,0.1511712991989962,-0.08815936159142146,0.007151549887276842,0.0030008429057953867,0.07830913693246222,0.37663725414276805,0.43567266046442266,-0.26315607136571106,0.6494423490398767,0.9756491553059377,-0.2391878420325969,0.029112997504379012,0.13925878044148543,0.22444201107904804,0.1394481501867313,0.22884278361452493,-0.4603629951866349,0.5502765379005619,0.5681549246289197,-0.2740126701297242,0.5075164142331476,0.5148336602007628,0.14329587067729055,0.34674738282759743,0.5643129926540874,-0.30632905454713477,0.7507332987360157,0.4201936530924464,-0.3834585155679102,2025-12-13 12:58:54
ف,0.23025854416761604,0.5938945822205006,-0.027076032787878623,0.4982243723133929,0.28434272795791493,-0.1687597751872717,0.6762200528638252,0.6564887417553447,-0.002112523050226245,0.2792469705108428,0.4301495191589839,-0.20001737707413214,0.39059904318664274,0.8107044742450511,-0.4857443165905361,0.09500325438307122,0.4422709353027803,0.42233815952184484,0.9815639871078484,0.029240999785670407,0.4164269173967061,0.10709949753936576,0.20368664812361204,-0.2603535486522056,0.8017709708868922,0.3748542902335046,0.26735624961396554,0.7415007221501322,0.9013589438156835,-0.24214373460780803,0.14062265160751242,0.4973949380249605,0.20980918498179335,0.30389443100335567,0.010342669883096622,-0.11506108234213663,0.7888193369678496,0.851286571031129,0.3045898201022279,0.7600894708165812,0.022792377988956947,-0.2548017508965773,0.35634628866804097,0.4002698946383719,0.36054291811007166,0.641108191644434,0.1782179454553645,-0.4105821792921087,0.5624303501836448,0.16600369830246564,-0.41619208395622087,0.5016723269645708,0.9867009657794489,-0.3953530735693467,0.16286507025962604,0.1156617841287012,0.2624879515730182,0.5529078726990253,0.40584802442410506,0.1745927007659952,0.08327863632808341,0.8356173084814854,0.41079538966969964,2025-12-13 12:58:54
ف,0.6118615708225617,0.45229711985666154,0.19793658883578902,0.6327525249871851,0.04899549465810282,-0.30238728096620227,0.9024354807207636,0.8837371637519119,0.3316656079843997,0.6011780611294257,0.7157404755764042,-0.17336802221371095,0.5614395928992927,0.1700554295970259,-0.05807269108001878,0.9746421637620482,0.5055147550518695,0.3981808754532866,0.8348652130366158,0.480213654188004,-0.07768861748079914,0.3045153812528091,0.8833523559060442,0.18593500873460178,0.03759474297928311,0.33974798149888685,0.36543068299833903,0.6271443042555249,0.6708538339404815,0.4056801810914201,0.2370606987785414,0.04178794007828557,-0.4950287964601191,0.42018617409086456,0.13463996965428116,0.1814123145761931,0.28642447002297944,0.0993581628853506,0.265917974123941,0.694398890760651,0.8711765095853335,-0.4923198870087695,0.6407360036077526,0.14072091460551706,0.4559226568831929,0.7745593075634525,0.698167163684137,-0.27611347917433005,0.5494929444113198,0.1743615502398128,-0.22974392212601413,0.9837853523486333,0.571365965144799,0.33018281534461646,0.03978809804398631,0.13757490062759614,0.3531815989878907,0.06656798149306231,0.29129385645907957,-0.09022401078064646,0.7459982226171039,0.28185973717887136,-0.33998790639586496,2025-12-13 12:58:54
ف,0.2946158561960244,0.3667996062923229,-0.3905726587316407,0.6333438236965742,0.9295323776509485,0.08419127191374409,0.17977566968716685,0.8373617230700414,-0.03880956998588214,0.973153741779815,0.4089317477941685,0.401156404346534,0.437240564677164,0.7295155062943095,-0.3360158288352655,0.0910871755560968,0.11039124400103872,-0.49404539126203484,0.81163466989497,0.4016359030866853,0.2335512237063917,0.8902048526899127,0.10948215966408759,0.06869301033578834,0.6692623991930423,0.22933313540691413,0.065916917035578,0.5828868985909096,0.39919493823604124,0.0030348767506637175,0.7203608690394804,0.6708307433268333,-0.3785308720165873,0.33754673356323095,0.5228861701073437,0.44662614271941814,0.08970248928932556,0.8798433876302317,0.23974145080358378,0.23008507656047772,0.014324321754575653,0.3532393688013873,0.7427780601902925,0.2608869417285091,-0.25288761681872696,0.03980494621903585,0.661390963105288,-0.16114006997656904,0.021326859461088143,0.4095761884728736,0.2384089386069519,0.10326532759995799,0.07832347780805993,0.3435350836113107,0.9899969464021113,0.5316413960680668,0.23020807690169254,0.9461778639685808,0.33946075754048277,0.3749764264536569,0.8450937710582302,0.8098117921090097,-0.34820605670259586,2025-12-13 12:58:54
ق,0.6953276587008486,0.837675878819443,0.24272914411261448,0.0460348593374621,0.1279655267500377,-0.35818892474576924,0.9797092620992239,0.14384315788726876,-0.27273601445282947,0.7670278453354186,0.8840487711265839,-0.001792154140612845,0.9585093573419285,0.3053405191827998,0.490870668744669,0.5063564039346321,0.8768207645083343,0.04393200501569006,0.8662807163800658,0.6193870759460787,0.10522593677820569,0.2423830094041085,0.8739657975134875,-0.116565262317182,0.27076737494774483,0.9553394960403296,0.22289713370223696,0.7188677087500585,0.31094329885835903,-0.30372656172654944,0.23934398538038015,0.8168567978401642,0.4943708876920567,0.5882416951145116,0.3164544533638085,-0.05425492282200661,0.729778705090841,0.09114678854069869,0.10837004769091985,0.07089802431459713,0.8679876691940593,0.2607851552364139,0.9989343381324091,0.12428682978729089,0.18356276502742552,0.517864774844663,0.44631667718535584,-0.18625979695187456,0.386632182946546,0.3619856394446883,-0.3674195668950191,0.7193923951806472,0.9686853385482167,-0.4753648265556215,0.48805968127328114,0.4499046541722429,-0.3620277334893771,0.8004260749817896,0.6275771275636854,-0.1662110995897108,0.5212519833028376,0.817974206290563,-0.43400868113476443,2025-12-13 12:58:54
ق,0.14875071220790081,0.3938987258072755,0.04245765273427582,0.7220309142842148,0.97085534944968,0.4524173514731271,0.49359240948071004,0.24641006190161518,-0.006063023410405877,0.929883819128466,0.15021242743316798,0.35739115074873395,0.6247578496311875,0.5506800745746157,-0.328744900537715,0.6982460997322046,0.6635978214344058,0.2368052519791315,0.6040127451630616,0.7266107897296372,-0.4055045455184021,0.7114211205407711,0.44502594641865334,0.004248965751254885,0.5158777504767844,0.018050347205333495,0.4230069037323908,0.0045142855156457,0.7524612412020046,0.015336488578335028,0.9694467235407471,0.25634156272675934,-0.4740227629462719,0.6416697871379732,0.9900684105363387,-0.036759180216591636,0.4913233137763794,0.9722232416250177,0.25588831941942736,0.5817174902913592,0.8024807891832753,0.07895012138916646,0.09480753940507314,0.7365071917958367,-0.021076912886380583,0.29769379198621837,0.16519138265739042,0.4336310386151875,0.6566073360143262,0.1614443718708749,-0.2655263043128875,0.31670172829168963,0.7575418316722622,0.3292608141817239,0.06749366398993417,0.31036690605344885,0.15311785437882752,0.5795064555029038,0.49951112314770163,0.31973394369136177,0.4266490428923392,0.7632540390638934,0.1393953710463418,2025-12-13 12:58:54
ق,0.04440494181963017,0.026625098367478506,-0.49834690350271016,0.12204076827766275,0.5675017660829383,0.38519571186279167,0.9921344584568237,0.8522605306931157,-0.10069429683939446,0.3128170229548898,0.409058086375675,-0.38576647329514246,0.8171267012044117,0.32980817272519647,0.3811807033337178,0.2653744119568958,0.08320270149778675,-0.4443829881232352,0.6213738984392555,0.946478978181851,-0.2548740527728559,0.06835251025359057,0.7209991813885812,0.2968090247521292,0.36562584190029723,0.844480677979893,0.1352223769062505,0.894091644737081,0.49268626589373965,-0.005112332819122378,0.5530070924166038,0.8568473715287402,-0.22001826394992297,0.9913506916903745,0.10437315228926358,0.10066579868139458,0.05711361773290624,0.5184997082497568,-0.07620779695250357,0.21224739092297717,0.24449034514107693,-0.03513973674171644,0.7923397652466899,0.0766013725901411,0.3777502896892819,0.9166469799553215,0.4752501923352396,0.11125057944595129,0.6846629865317214,0.7146432096190237,-0.4537187165198854,0.3667998802912835,0.9387009942855831,0.4949444229275969,0.8024027632224214,0.17373878408573207,-0.31523346187987544,0.25600243807179224,0.056691756104970126,-0.04008773626089002,0.28875034548511214,0.5564224281574979,0.01419024247066214,2025-12-13 12:58:54
ق,0.8252112178634128,0.2853398696770817,0.23155484582400632,0.2780585220167876,0.48205389920047903,0.21070669719928914,0.17529397026372862,0.3009357882941267,0.07886763234408511,0.8730099647959044,0.16199075266104979,-0.03031896270037171,0.6216013584399097,0.6549403150504605,-0.3201461972629043,0.8240493971381074,0.031252155073435484,-0.14348228919055517,0.5005737423979028,0.5265640281054621,-0.4498149913158641,0.45330172525577717,0.9117379849951037,-0.09042077364658818,0.8631678991409162,0.29210065939569463,-0.32900168187155754,0.09551886431033374,0.7441845108337256,0.20910938196662,0.5909162962562924,0.6232270372272678,-0.23120080256702902,0.28144941617421615,0.12460932113118373,0.4822676530455384,0.31234290930939745,0.917206122950778,-0.3740590174182483,0.8314616270714034,0.894142613191064,0.033245090435091385,0.46350736454995267,0.29388168466063314,0.32358059292339725,0.3909390345773228,0.8874792434883582,-0.213312025640358,0.8815525042568638,0.5528158209938697,0.25042193258394696,0.11974398447028711,0.17729582192498072,0.2666913201046297,0.1703765460790999,0.39527931398724614,-0.18194303901493825,0.8268456354173938,0.4225658572890856,0.25623827125723175,0.09939520228978782,0.5195628677317472,-7.964645222591216e-05,2025-12-13 12:58:54
ق,0.26658029907836756,0.44893959110435255,-0.07836899230818395,0.34056879623711256,0.7826145545225852,0.2918181050641586,0.482730311530563,0.2860521876376986,-0.4261202998238741,0.08523232267157443,0.3689923783170679,0.3398966138277071,0.025423335596034158,0.1179418665671661,0.40396153148899927,0.06325504643244206,0.22740792998881987,-0.18927051876161172,0.25092729149607707,0.8321310241890912,0.17444975670149632,0.5775536198227347,0.4934858334923945,0.32179471696268436,0.35240188241917514,0.3550489323988667,-0.47818000093894375,0.2817488484247347,0.4255141133176853,-0.4913280574763985,0.8445589695490383,0.785966122689233,0.0916815826156594,0.1943324527032133,0.380855461785083,0.29492878350717644,0.39171816974536167,0.684507687224562,-0.42978472605865836,0.9594588626349508,0.556889965217897,-0.1787105226858524,0.19173142807197752,0.2613751363481226,0.30132318941735037,0.3995206053886827,0.6587296270499106,0.49262923136048264,0.38629687846322625,0.9246530786190961,0.17916166842170433,0.9569978050728716,0.3215048078367916,0.0040286805505438394,0.9878053881281862,0.8363690017943822,0.32438889375603264,0.6917406577974807,0.3323760015085053,-0.464808369472163,0.5644372827328025,0.5220356068478311,0.09263381425048633,2025-12-13 12:58:54
ق,0.7756910517362534,0.3687256828216092,0.0686470748779916,0.7724931186234303,0.07095607807143767,0.008383089526806553,0.89819536079458,0.12616312795524953,0.20421140433593754,0.20500503789880242,0.8965384745167477,0.39006278106193093,0.4663443536017884,0.46529390360487877,-0.40784078589640027,0.12382508354590949,0.16836840676919407,0.08553462352581898,0.9183997051813694,0.2081796217684313,-0.13156327212836672,0.8821778661505245,0.7784614702914759,0.030690749697729336,0.4012173521665203,0.991651390113778,0.09223855499968203,0.8689725554478879,0.12155455666633064,-0.4517991468765321,0.028222288645394,0.8246335180933343,0.14790800204523769,0.020227760497338765,0.7323730936690295,-0.46949027289280565,0.40653277508829255,0.19419405349969798,-0.10659436523933974,0.17611458168625593,0.8801511702474419,-0.22770087007708562,0.5273488860860175,0.28061515183810215,-0.3352954742294364,0.4985192414740196,0.38878393708482406,0.46498167682200886,0.25832323417603775,0.6469921417519835,-0.41142753328521753,0.40346181381307455,0.0022274343607556757,-0.38579633167809035,0.4765193860477769,0.32945102188699693,0.3294253760116982,0.5056750037549237,0.27558051276102347,-0.2648947990486742,0.12493080757616348,0.8231841528818631,-0.1321449899758833,2025-12-13 12:58:54
ق,0.8546602208853936,0.8459163592266762,0.4218220094616063,0.08052920575135658,0.73484344639967,0.24527091091371067,0.9598551133968937,0.4667151977381032,-0.011363814785605442,0.011506311561923721,0.9077301667576891,-0.0331100108811937,0.19820721360950866,0.5565199331021833,0.02640958375399849,0.007076470990473704,0.8138137222097328,0.27853330751703187,0.8854108297558306,0.8867706895769302,0.07172875717003202,0.6142406144106536,0.9780634551262986,0.32595896608724206,0.5106580540319207,0.20472936415463938,0.29813808894329874,0.3339095421117524,0.389892706336221,0.4501361945389255,0.09909592936853795,0.7068860174602997,-0.219372210008429,0.9729565018185371,0.9125418323906598,-0.20175273942324368,0.380173449845007,0.41586505386733275,-0.3538126381131941,0.33154406718434093,0.6208790775438433,0.010991858806054022,0.47400580481472376,0.6507330557073946,-0.4312025556494081,0.058651367907957774,0.12192667511070443,0.14455321201226023,0.768116019665983,0.7988812819428487,0.40638900175947423,0.31240036195362664,0.37649473782342224,0.17446079910255663,0.019680556785107606,0.1069659558803644,-0.3266526316115609,0.6342842673874203,0.38854769491245367,0.1714871811125548,0.8851832375562607,0.6165178498899829,-0.2842555478397377,2025-12-13 12:58:54
ق,0.7294469907698158,0.5661099312957,0.3441525152862652,0.3164420646529209,0.9409944436841547,0.42059064058520523,0.24233886583317943,0.3348704536379702,0.23395031396721055,0.8755711086928151,0.13070713222203134,0.29258324064566765,0.6696370200151757,0.3155558475098117,-0.17542033427612524,0.7514494136422571,0.8647428465502532,0.10820616264405225,0.4359783268251701,0.27231749452572807,0.44690441142032133,0.46801277754205484,0.6425539195354137,0.3988763557722864,0.8709197327997115,0.6896613527469941,-0.05344996266807345,0.9392602197267464,0.3063701967173027,0.21955436889648583,0.8363002766721466,0.07039794687230028,0.04966978631835872,0.6425107353464465,0.7976537973398844,0.15480339060844517,0.43990906133548935,0.8747605684577493,0.008358484582978276,0.49034196212827885,0.18014229509988555,0.012939013345360295,0.1488693328269003,0.788952660814711,0.20851888069086633,0.12014221731019015,0.12661137687828128,-0.15013544952643276,0.21741216757708592,0.8869534136813401,-0.09149575723137726,0.8319661232888975,0.646253034687065,-0.23606104103177517,0.8854183808321143,0.7130270233439354,-0.2911280927719605,0.3265164345241939,0.023183907816079263,-0.4906324448723234,0.8287889888692967,0.6297579084118916,-0.29688549803949016,2025-12-13 12:58:54
ق,0.5349460069879713,0.9811874141952724,0.22321656544539237,0.4028529822749821,0.7811542099052116,0.3099210447731793,0.8487806683481173,0.3224190292710891,0.1185557469615578,0.9515588976096943,0.950384317526064,0.387430574189245,0.8672353123819038,0.1102143652555676,0.13715271012821084,0.9568492967357355,0.414657786068106,0.2546616130726853,0.5559795312217306,0.08865837037982516,-0.1322017152824977,0.1224091597758078,0.44170318432600664,0.3477818516536042,0.5439448461173467,0.09546416643530009,-0.07816050278082676,0.03974985049178359,0.12373347821721992,0.16849238486569496,0.014638858185965775,0.2502304975594758,-0.002932626974643915,0.7553016766752314,0.37919684759195416,0.09082231343688152,0.781957762242089,0.748338495984793,0.4953012559509896,0.8459950472610993,0.5739630476174494,-0.06998273717625747,0.36089483119100463,0.12795869112134073,0.02896391480360383,0.25605310051910657,0.16629745675701668,0.29702977301926925,0.3703114682565336,0.9072297777562415,-0.46495997977991743,0.5097569005854823,0.4168918288234782,-0.21717612551262488,0.1887138027334737,0.6061963906467466,0.32918227212850215,0.8965378963177408,0.7169482616272187,-0.43062715934454954,0.532884950947065,0.8439741936666995,0.18152050080834403,2025-12-13 12:58:54
ق,0.25212094115573,0.8321153632290764,0.4026539641939605,0.3521248946244654,0.1389839441089631,-0.3510485558868215,0.3370844852792927,0.010792139261479816,-0.1402592318401208,0.40804855711981547,0.039492801221501894,0.02219732287659104,0.7499911607319975,0.943391550482011,-0.43791111813738315,0.9307334871470883,0.3391894070827004,-0.2781249813459865,0.7702058871232468,0.630622934264473,0.48562005305379974,0.03718894404538153,0.6731893106812914,0.41028060995212257,0.3793106453383832,0.6137642703618827,-0.013750597169107759,0.5022722772717025,0.3250304496377959,-0.1679492699256584,0.13923529254655687,0.5449107726807304,-0.3923015080863591,0.20915335815385871,0.9578406392451733,0.11969214854702881,0.49820094492217215,0.5544849347548305,-0.11238311861911265,0.7211499679094747,0.003064745837369709,0.4544116409379866,0.0705941508102581,0.7280159552162817,-0.05964894001064469,0.3763001666195481,0.6078009243346175,0.2952796395784586,0.45742066606264065,0.2930284536847301,0.19451031699929933,0.4449119852888772,0.3694593131187004,0.28940864790895804,0.4136215803870319,0.14577778878906367,0.4094153748692586,0.36939547205354883,0.6895804183187461,0.46590759299149054,0.880536629939038,0.7783985297547557,0.04045403963515193,2025-12-13 12:58:54
ك,0.754184146305732,0.787749152792935,-0.4263992331792792,0.6600669315042638,0.24070242639557604,-0.37543918141329524,0.09130074868021609,0.8995880497828057,0.20768850585466503,0.9191558416504122,0.1992377882735319,-0.13570808069117057,0.6924378740967798,0.29272560073879406,0.17931886468531588,0.5458780405785951,0.8268583108364409,0.10291373421916938,0.03352544582642225,0.9813603263940549,0.47589528521073343,0.6067322700019336,0.43721005734743235,0.12116606426017373,0.8462871361981663,0.08413678904638411,0.38936311233689525,0.21997336647356347,0.4159059368600545,0.35612965888135184,0.22511420697583484,0.7829403542555365,-0.48134427170851013,0.26053028558445923,0.9220415875924932,0.2769213857311602,0.834707099712456,0.9419486928154337,-0.27360853079028313,0.19569047059387734,0.428093898242465,-0.346861878666489,0.28359046661623544,0.35929901622687443,0.19883446875962485,0.5443879424854173,0.4111756556598164,-0.4865225720751163,0.974083496436426,0.6610363341632252,0.2074120025583197,0.21859560500528996,0.7801631682115854,-0.4991686601348352,0.4120842169085407,0.881040481010798,0.257687443483554,0.15535732332459484,0.3446696357994681,0.44229941681794505,0.11371422632346728,0.6233022088992054,0.19995269309296715,2025-12-13 12:58:54
ك,0.22034693084997026,0.6228499345423979,0.3708522163191651,0.2898158857650972,0.2909730401715839,-0.38315764237589733,0.3243188473789691,0.21277803175232834,0.10789193910178652,0.03326833912638083,0.38766484911862975,0.49573417370572215,0.8659643120153683,0.2525803301705335,0.1544231425102761,0.30472368377681625,0.9851484324625586,0.37693137719387104,0.4125913672979674,0.9651781130272195,0.3938560094448086,0.42660642018428263,0.807893723589435,-0.32256027866751424,0.6591273847364457,0.8450670259876518,0.33699755387363406,0.47489421392551523,0.3355787874204488,-0.10208226523594843,0.46021193677198824,0.238477132029709,0.2590963433078389,0.7115365238034436,0.6470496709645521,-0.05008483199369762,0.7444869445207872,0.09501229944696299,0.19944844553386387,0.9048112745577824,0.36265747594251485,0.129256437834253,0.8249205020628708,0.5343886926582905,0.4967185646704273,0.20086731837908445,0.8084098774708175,-0.34871469077415784,0.021179308763348614,0.18126516970071982,0.09590161493159732,0.7044077782946917,0.09491086058924858,0.3839326773577355,0.6579373127170124,0.06270593291457238,0.4939760536763118,0.7069642097449826,0.8401362597147277,-0.09561986921962828,0.7103918973934205,0.3666274288214456,-0.187077690624464,2025-12-13 12:58:54
ك,0.84960672470399,0.8831618774920498,0.39791669766229687,0.08270548910730435,0.3207505061129098,0.3861157960547219,0.2676748128106867,0.47382518389109407,-0.21279285845965124,0.8188145446367586,0.3267961051905298,-0.3186524127672057,0.4908286935895927,0.5870968708203693,0.46047775414868786,0.1312269516157175,0.5845768433070125,0.3807846163280012,0.4321037402462462,0.2961117866631653,-0.34691628783024797,0.504371565794909,0.7216072793887671,-0.12980614466672813,0.7837699671029013,0.47879881806486335,-0.3621623311539385,0.6195734312535914,0.29652359089450764,0.31084450492929916,0.751742471481158,0.061750405457889346,-0.3196315931717677,0.9088335255007958,0.39771549815915275,0.4671025800373769,0.500807020052975,0.4780860936665222,0.3855377201010275,0.8817274013185848,0.13260416295164212,-0.19788254008968542,0.9280571541402464,0.5264246330351798,0.30992478096833764,0.8009086364273437,0.42677358307834057,0.13871674544585055,0.16525190103761167,0.9337933114255906,-0.13207931497178138,0.7598610341005947,0.6849559215897328,0.09377618191694104,0.7812249978614587,0.3880879612262128,-0.47456171056282115,0.12474305543632513,0.4383768972438886,0.05327967902356312,0.9733867340626065,0.0078273879842079,0.317068453361836,2025-12-13 12:58:54
ك,0.16333060280798928,0.062479559637565796,-0.27421677996648175,0.16588183838405046,0.9083894352403875,0.14908989866335542,0.10205422295749111,0.2581138832716967,-0.3312931037694187,0.8392458531395499,0.06536755079033041,0.086415283187247,0.7250118098010382,0.4504885760785087,-0.05229864128883954,0.40932770503148086,0.0020429561312933497,0.4961914698775186,0.49363703914807955,0.7590302116878443,0.33483325312404744,0.5476031710486697,0.3411107365031182,-0.4775504624320047,0.8654240153791674,0.9329414201629694,0.25705535707987914,0.16146458239484418,0.45445602496151727,0.07314307661740449,0.9832315939206124,0.7406669794470354,-0.004519246798514676,0.9480094279998437,0.6834450920504058,-0.1414415642865483,0.40059104277193247,0.5559177495286697,-0.466885374702372,0.7224619867330391,0.468024060566295,-0.08827954319646014,0.11749851164316938,0.6640992439297837,0.016521143511329606,0.3087851594919342,0.9348510564832508,-0.4158006614031573,0.4018550322202691,0.3787521780101867,-0.01905484174052552,0.16033601535919273,0.5373107799150527,-0.24397354570235674,0.7352242329480189,0.1657116955800806,-0.06148979506410246,0.8662452717878125,0.9328313288414054,0.3460873811477737,0.9912300910298288,0.07318000806487757,-0.44014456498656185,2025-12-13 12:58:54
ك,0.12653507061654012,0.371388602597405,0.07337510765824684,0.7599516137816769,0.6089336138315665,-0.4046084547172204,0.9540571382934496,0.4447334046149196,0.3894956721832389,0.7099936603292508,0.4586260347420922,0.26287345057678224,0.0959816708925928,0.2156251956478631,-0.17737368309089585,0.8920469259969422,0.026650968135289665,0.1555034433801734,0.5400259691927748,0.19640876431272913,-0.47349886984864753,0.9935561675986793,0.5238973739867253,0.41190347908031766,0.42857487326869426,0.7447889975594234,-0.3775207597116903,0.4968995379109181,0.6758278649088816,0.01307318366313781,0.9297315872922363,0.9016298516344228,0.3063255051098632,0.99642404283751,0.7142115840342336,-0.41948856086693354,0.6689097968547806,0.8930354975832809,-0.3146324039564886,0.728071335409464,0.2552596921101228,-0.3507492060861802,0.1967083626006736,0.037567973964798274,0.40622769743846276,0.2557983573306084,0.5006379926834928,-0.31311106479153017,0.00955685465292233,0.8056778873127847,0.361769782948691,0.8079873340596483,0.11273429953841718,-0.45554796579887946,0.8834782568646063,0.09878200850975871,0.010865458869237843,0.5038606002640299,0.457938420990765,-0.20027839368889666,0.4640218698237323,0.9118428416600569,0.01343957459617584,2025-12-13 12:58:54
ك,0.14937488090388518,0.9322612240122504,0.4647106538858047,0.7463324915622348,0.574322491125643,-0.3737837718808539,0.18195282021532955,0.787114090842245,-0.4930728899387187,0.31675719364852484,0.136827155227081,-0.46028091403691096,0.464763592805828,0.93545450068785,-0.4073093189679783,0.1344157772465352,0.7994954448925156,0.496329618087027,0.4158614758796181,0.2472568743486946,0.3597921208847442,0.6334938410908927,0.18318190579685267,0.48091279123367037,0.36351380036096637,0.12054641080141115,-0.19917106899591674,0.2609438806763017,0.2755892780092031,0.39600573062697175,0.8478005543246915,0.45392651210665624,-0.2646857091653918,0.9424791743737692,0.6057282505640191,-0.03423276974056966,0.24682688732607816,0.5151690056342468,-0.1806673184627564,0.7613165616134079,0.3719092914259964,-0.4827130196243672,0.9460338015787472,0.8072795094770796,0.31174751610851104,0.8958334056942869,0.2678788973663109,0.2191010555845454,0.3749022862931938,0.2838946793973731,-0.41962352294662686,0.6747891868559913,0.5872752550388617,0.317240547659673,0.5225908307126281,0.46723257398038065,-0.02611097106563809,0.2176172637888799,0.28599587370017454,-0.3071838427193059,0.5165735605114606,0.3920940123997836,-0.26714219873104394,2025-12-13 12:58:54
ك,0.9719049160504375,0.7204156196642085,0.31042494429949163,0.20026232200603045,0.6458480554431744,0.4503984721567301,0.6670223845809723,0.7906650166726028,-0.29123991471796806,0.5381781218960094,0.07809852298282438,0.05363316234024118,0.7711138045060253,0.7606273828437423,-0.3173806969858811,0.3834960158336709,0.13871552363070971,-0.21488485075571073,0.7290361700418115,0.8842938763799961,0.04354573743624113,0.22292849726298558,0.3201534555462885,0.01646583188232409,0.22388743667749933,0.7648418026178201,0.4952113257264612,0.8261695380340707,0.7118270460016437,-0.43550977484075015,0.7623651214746668,0.3202055881439302,-0.48650473808354155,0.6242395708035079,0.7969115680484963,0.17021973651446165,0.8290344174400563,0.5629930295243856,-0.30788134596412975,0.6000709302935583,0.3533773315023221,-0.01577117501055947,0.8625371889638419,0.2738974532484384,0.4209765810224976,0.35336522921187363,0.9238590918745427,-0.10267616243379662,0.7330514363383699,0.35301483833485225,0.19170060845304138,0.9401271336110039,0.40719978742041263,0.43813332705056673,0.2386814491977196,0.008393273435282844,-0.28290562157407295,0.38631873209182066,0.20749742559420425,0.3333228897139001,0.7583904293835524,0.15769576971562715,0.42168963964155004,2025-12-13 12:58:54
ك,0.13004812822686507,0.5538978301397601,0.19902438451246485,0.8282144181781078,0.8974441124309392,-0.47045677251864626,0.6539515383830957,0.6186000850797064,0.17644503928986766,0.044915190252156956,0.22322043058901886,0.019853218552246754,0.9734020092459297,0.8391653965095676,-0.01591408559513552,0.9690073794258081,0.2879444547848883,-0.35734827694572335,0.9104703278833866,0.6255988477322842,-0.10884835137064885,0.6214047627313187,0.7636576253828669,-0.28026474800346013,0.8982640615723034,0.5772225118472486,0.39766820375073575,0.3412950980399322,0.6521911775956458,0.29809289565151353,0.0634238073064115,0.7009111519803167,0.4290026929176729,0.41682065369277166,0.9836520543082018,-0.1534511993004034,0.9966647326426243,0.869164349952317,0.45999597842847584,0.6923156797081882,0.15702055559321104,-0.18675157276406318,0.12954702170842902,0.847023842905437,-0.06862535059386232,0.7554364673496702,0.1643050241352617,0.4347816703567602,0.3803546825720342,0.8295327711590733,0.42998536291674416,0.46090565044843024,0.40740608395939526,0.04738774325561479,0.1373210585854523,0.6080565735841097,0.2293313865642722,0.4189997091395985,0.3343766031926657,0.1831277524786642,0.33630726915887077,0.5298789931641809,0.4450625234713137,2025-12-13 12:58:54
ك,0.45994365361625444,0.20968170841168876,-0.44916849198722275,0.6403784532766587,0.48909515783628077,0.24666584984175133,0.8362117222632551,0.8785021727429326,0.15168309590542128,0.19195832918591438,0.6178270831362034,0.39896419477303335,0.5095395071760008,0.5422802418668273,-0.4914458892854644,0.6344153642244291,0.8944268109873635,0.04348953665340316,0.7981858437516232,0.5200715407146715,-0.07226535483937857,0.42021247606933276,0.47034055629765004,0.20003726090028295,0.30822550536669613,0.14593481638402972,-0.3961036366935784,0.5908066850472621,0.279096858639439,0.06554328771736839,0.5810728954013631,0.6399766754365197,0.34863773834571643,0.1430584736219801,0.9451027931375282,-0.4995036661888407,0.2500459163483528,0.5815094614025974,-0.3240040099274176,0.23381430691482763,0.764028299975922,-0.16028402330192915,0.4741433397058785,0.6251990804766775,0.28996003799438386,0.15650039593502962,0.9406184226564666,-0.020223882356813716,0.26830642675081195,0.5121061729523948,-0.025098840901821018,0.3857098110225007,0.8530993564816709,-0.31946920515682964,0.27139227965525037,0.43579531284618567,-0.20469209493970175,0.522230953034351,0.5504693482623719,-0.24210398055710447,0.6442069421009472,0.05052568925425971,0.2970131951024103,2025-12-13 12:58:54
ك,0.32006727709697746,0.9553572800221193,0.16609032102846855,0.7284083191707029,0.5020732843483631,-0.28250026268929174,0.6181125724164062,0.45042223746399457,0.38374284367591416,0.18397104287189492,0.4959850691385429,-0.17617711905242817,0.23356709696721845,0.32031898427265093,-0.23669634234439918,0.7941565374524087,0.5057961521141232,-0.04656058375702177,0.714155358518151,0.9364518336629126,-0.3507104578530309,0.14727309362551877,0.43643832585480435,-0.46318092910115516,0.5643957624711524,0.5048734793761486,-0.4360536518328424,0.787443724521555,0.0415879817940924,0.47963501360767746,0.07221527342910239,0.49903072307908825,-0.4905536078149789,0.9052939341778604,0.46634186054306115,0.22811706113745012,0.8574242500888881,0.03875996003961013,0.23417299727046925,0.004794685944164101,0.9759723236675245,0.09487444230778241,0.9137790206429854,0.7310382193840265,-0.4804314890390222,0.316204572215507,0.6787269268460419,-0.22069971848855985,0.7488332597345115,0.45492339607625953,0.3350158919805225,0.7808211066556942,0.9630503132521788,-0.1622786613002597,0.09762730980731127,0.8361431153770642,-0.19803643528973436,0.15957362170968714,0.12257238961421779,0.012458284440642342,0.8790253130825424,0.36984076187755344,0.05850253106982739,2025-12-13 12:58:54
ل,0.4816216401184803,0.20459131839272526,-0.22070192993439586,0.11504729307327233,0.6261714714527986,-0.31170492474232125,0.5311131413585742,0.4770317174648857,-0.2925268382259044,0.9209719807554805,0.26130812217261046,0.36352338616001756,0.3929862536553004,0.6778154975472279,-0.17769812796253137,0.050435572943203444,0.5026733205616751,-0.24331178374902418,0.8856035143121915,0.8714918322221406,-0.32459041202903893,0.02450977484518957,0.13027377214507463,0.15401929859784913,0.8935721059264156,0.9865135395807002,0.44933188946849534,0.4970788510528311,0.01183228743776421,-0.38549553667695124,0.7409555151768775,0.99788650013048,0.4770594298497606,0.2270164340212527,0.5336783330474074,0.2962668345354941,0.9691710387959998,0.41518445703931484,0.12192388821209155,0.5995637809571633,0.1568826359749418,-0.12974511295944313,0.8020872242410582,0.5826557172303453,-0.38215838883669384,0.2992974113198853,0.9510049940616495,-0.22415832602176056,0.2570155888949429,0.7786168880315731,0.3707752098629883,0.7921271644650172,0.8440868167787868,0.42277913191432515,0.7150223625631466,0.8948765051482964,-0.23244332133774281,0.3429238431942795,0.2135181152786949,-0.3804158583837991,0.9401857703813312,0.40311851835312285,-0.22333172734680762,2025-12-13 12:58:54
ل,0.6846045615858353,0.17769034848478182,-0.3550332887311911,0.7618532484368721,0.36018321192101943,-0.0930498107823019,0.4994278306348723,0.4250128511069571,-0.06050412069180222,0.6132952089577608,0.8073002444115044,-0.2741552912341443,0.5559139647855557,0.7766746597039269,0.02395403499776727,0.37443908562947037,0.23177293515667308,0.3574864632099741,0.14810089771857948,0.26511480126704545,-0.3288720702112643,0.8134588105174859,0.4541932713315442,-0.0265288670620083,0.1467249973155278,0.6625144231498749,-0.2235081785617159,0.3926365032554001,0.9173756626312682,-0.17295835579319674,0.6458996096213602,0.34833245294667203,-0.3156489468357351,0.12130988178178681,0.994111751079848,-0.4401952870456346,0.27058280069442886,0.710383129836284,0.47054665308426,0.1234745623088509,0.11846375643345997,0.47402284576869114,0.9397221931938396,0.7029286201185597,-0.1693946213962927,0.6839490624817578,0.8069340854787966,-0.4909578051599043,0.4514892531621172,0.11539395220012294,-0.37603081741612787,0.05516110633112192,0.8784555481379932,-0.019394594182213454,0.5073042080661856,0.012633889154026967,-0.01270068921540346,0.3522712585452389,0.41919553903062967,-0.24053839388275589,0.751784226191961,0.3642095421463366,0.10711624434668598,2025-12-13 12:58:54
ل,0.9508389873244596,0.8474253134814395,-0.37226023029680666,0.7186507338287518,0.346240834499545,-0.4387905286160211,0.19574408791063824,0.30612194921887426,-0.17284421565927466,0.8643600977504412,0.04112368948824752,-0.4117655196111497,0.3382396574212908,0.2026716969127873,0.3286471151290371,0.057467545883132964,0.6479469481521705,0.27047797755171643,0.35415431685746723,0.024760674919386272,-0.42069032377884497,0.9028798959346205,0.15000128295159998,-0.09948813203062168,0.5921839670802419,0.3457626882112831,-0.2859705106392981,0.9595012187044567,0.565347954765108,0.040694128920020445,0.38894555933693187,0.8570145019690103,-0.333661351069662,0.5719645256078162,0.15150990602232806,-0.09323453405983206,0.12181332293984748,0.23403529351508023,0.2652026359319305,0.5177043559521918,0.27650361104700405,0.4264988102521218,0.8862123257338704,0.04869207911467288,-0.4793273382256722,0.6312789636943257,0.8787134529643426,-0.06054369827883388,0.5512842317196569,0.26271178848309407,-0.1579507319422797,0.6908044570867306,0.9915669577131927,-0.29664884083309784,0.39297665742384036,0.09587606457496456,-0.08305996368263802,0.42120779972859057,0.8490721053399232,-0.34796646880874416,0.4884559875079937,0.25888240221247905,-0.152155434797134,2025-12-13 12:58:54
ل,0.20644261218096516,0.4396903034440641,-0.1112522110794979,0.818345356605535,0.9046676955085948,0.09330827333177927,0.37814224415522624,0.6826257568983649,-0.37470110973192694,0.737563338247193,0.592459213533607,-0.4465195595284114,0.3196009180324155,0.9959394284373498,-0.45497084160597634,0.42465191516159895,0.6787395913360478,-0.26018899041872134,0.7714921862001197,0.8882075165879016,0.2535872790266217,0.8878377114115121,0.7189972607585159,-0.05140808911116124,0.004528346788732485,0.37624404163872216,-0.34429302212350277,0.15126577447100797,0.06884662615111625,0.33867511730014477,0.8034942132711231,0.3110982442831628,-0.3303371684210321,0.7840699521734412,0.5403254672391103,0.24248257969178688,0.38987273519165233,0.3548545973057905,-0.2945597457233933,0.5949196778568691,0.9706833151584997,0.3943208933380149,0.7413549534787633,0.3007061682913814,-0.1476466260520689,0.24004505299061352,0.2058308355377445,0.25605338333877914,0.6246748785854057,0.5893826627820051,-0.10416462697701545,0.37352576835875584,0.8765300579542387,-0.3193466218319586,0.8641172608474874,0.2402457891527633,0.15796721945250403,0.7473314374336807,0.4646965342316859,-0.0806882217905458,0.9929046042558174,0.7900085140737794,0.1404022431255617,2025-12-13 12:58:54
ل,0.8738808831744894,0.568734770918663,0.05104302200563149,0.2988439788307664,0.2937134419211834,0.15184177454822556,0.0732248159718436,0.20408007919006776,0.2664265391684755,0.5649960033377645,0.1883621712664577,-0.4595390342918626,0.45172822871411655,0.8975848055831629,-0.24682522218970948,0.24185779639681504,0.865007358679495,-0.25429312309797936,0.5634072772463419,0.8043416485075094,0.4407425431985448,0.5933851606550595,0.17343026714912524,-0.4548739348451324,0.5845753401900475,0.07071496250672882,-0.18857011856225303,0.7600132062295393,0.1756462124869007,0.3601012592021635,0.2696713353199919,0.6559867592043784,-0.33977557398349834,0.06956703255145635,0.9786024067001863,-0.20183721446135938,0.6577487628743917,0.3080079531218992,-0.2068200115570591,0.27069696306398494,0.5991136925976935,-0.4590205027100769,0.9242001190271648,0.3324679091316809,0.33081023078003957,0.09524073655659593,0.099522907120288,0.35832693479336786,0.7304702421879367,0.6586193315704255,0.4335782964094207,0.8070059255562876,0.38340034609658546,-0.035654038942796396,0.9732092261952112,0.10270142890730694,0.24828084516996085,0.23827615679500924,0.748327668791767,-0.2614501361054028,0.07624381839307848,0.631746685805132,-0.34577097198731455,2025-12-13 12:58:54
ل,0.24796924288713174,0.5388861183260313,0.24443476613878667,0.3832415795782864,0.12163963492760754,-0.1286600986241796,0.7530115384519309,0.3223504902867196,0.01972237293161161,0.22833054876054115,0.2608233014362942,-0.31673808556230487,0.9473565986088374,0.27794820392478414,0.1051258316725302,0.9579790577658424,0.5573437219583427,-0.28922954008578705,0.655211879885511,0.8292919143371018,-0.07533797646852025,0.4968310779928967,0.29294158361539924,-0.45942231382799226,0.21845261021422124,0.37883151289716155,-0.21322938529981128,0.7919254558563472,0.34852986692476406,0.4167670677534291,0.18466030912742026,0.2681246520446833,0.29349043998625024,0.7933666867274725,0.5217144857285101,0.4984541098247598,0.0075677565857646956,0.6792150246338464,-0.22034314729146143,0.8703722863195119,0.6684023251417172,-0.37964308160672866,0.6468943098835914,0.35507677370837687,-0.3046355774110695,0.5599649708326561,0.5059271088302457,0.055207977717220524,0.319963860895748,0.6195735852251963,-0.23874807981972523,0.5559484808889367,0.15923872689824492,-0.14955905034082195,0.48660616272223745,0.6333524024337307,-0.4843033054968956,0.8921440850068141,0.5453952297713911,-0.4593199880804337,0.8349346298520934,0.12304959101501955,-0.43065196458789745,2025-12-13 12:58:54
ل,0.1768780705327121,0.5451097540912229,-0.11564766618888833,0.2432827550208566,0.2959202715098047,-0.036799724385831234,0.409304152872367,0.44423238554116096,-0.2375393998576798,0.511486494937501,0.49582767204505684,0.4696063067294588,0.3220052425746085,0.384415301004724,-0.48211934348486374,0.3723236196242763,0.09025842153517316,0.31642756088486335,0.8461766056981394,0.8076460169050638,0.43526215187834105,0.9469505725074391,0.38139591635553194,-0.4579617995544877,0.6397568159662046,0.27433553569422064,0.03684324967952213,0.596978041916555,0.9997156279410582,-0.4023338246497844,0.36730305808982,0.21870323638929512,0.4852854747728844,0.7498241486587716,0.2871610695458968,-0.4393544673973915,0.35235988576230404,0.1396995468977189,0.42781959077287945,0.09172230323641295,0.14436288165083655,0.2765627993387033,0.448999703998325,0.040136614016550776,-0.06162695669546758,0.3962170326492769,0.511719194491724,-0.0022337669770208235,0.3868917759935777,0.8767447058078394,0.4777959069731932,0.39644462166039074,0.3053497758683589,0.002562233279242765,0.76874997466039,0.127601406882209,-0.15829433995350373,0.05889100402221048,0.6665306750631426,-0.1601295204603178,0.5829828076653839,0.5333789663927531,0.09828555568615549,2025-12-13 12:58:54
ل,0.44317568623622705,0.22897055614813333,0.19369617129722172,0.521982323741382,0.2781419371213746,-0.13560732802179287,0.2757989864455126,0.3867458313188451,0.3938048030926057,0.12859444752564497,0.9186924028060378,0.1477759454085874,0.1292699476358552,0.7092092885038649,0.2587651297705199,0.3898524871564343,0.8051239675190622,0.005406813576505298,0.3819067212637226,0.044611690024482065,-0.3888730122276689,0.5044235615915199,0.08759136060182315,0.12160918371295593,0.5872569939879663,0.640355589435102,0.2960344299840513,0.9206068125239945,0.44345923712291824,-0.042007893395093476,0.6759869236099652,0.7557079797315405,-0.47232366161291806,0.7609278226738757,0.4163520635807363,-0.235322059521744,0.4328975833942038,0.8725255092215869,0.1900136384602591,0.9400815156996548,0.07890584494633968,0.258901022516945,0.7706519144155094,0.634498042028096,-0.4611258876776092,0.6859263156734001,0.023735204229847207,0.00473462695078275,0.2528633524109045,0.7306842297009398,0.1902884577433127,0.2740993275397947,0.5359406182444861,0.20836653884465473,0.4405315007698073,0.31000204473676296,-0.2670903529464753,0.7516894502134046,0.6632352553318572,0.11232741909317212,0.5815741915512491,0.510305119548679,-0.3874106763937263,2025-12-13 12:58:54
ل,0.19293644548738476,0.043659111848844745,-0.2898314772066374,0.025417645746144468,0.08798331073555221,-0.2617775460007097,0.706619589158638,0.7974952870181913,0.4967553569209212,0.9201731946782673,0.9463779261876881,-0.16655866582693013,0.7143886270205707,0.9740408966913928,0.2960214058022337,0.5072365730325056,0.46942946358658344,-0.07177879939686971,0.9363563608326586,0.9779282719340886,-0.036805840169866544,0.4368738856547807,0.22740409632791814,0.027592733275531356,0.5578368199435602,0.5244705167884629,-0.44855322878346227,0.3613938243812912,0.034203746217355,-0.2186837358772462,0.21992233422139496,0.15847296402217037,-0.18363222334216955,0.8409220967132459,0.3979601635627902,0.3082745745190021,0.42374838516908475,0.060720822687183706,-0.12271258913795802,0.6986685351949269,0.8584440911596346,-0.06778788432008909,0.7123786435095848,0.7398193583277715,0.3924202695556138,0.8193978976720054,0.7034888400616738,0.2860085865107006,0.4292947802866166,0.30775212301294386,-0.2803160634526264,0.5345628963679702,0.7162711657611649,-0.20716313918541385,0.2693470553180267,0.01640866746450076,-0.22573209756630885,0.4824804745039397,0.8566343613050399,-0.002334784501678011,0.3434159376079209,0.4182173837542662,0.22974784595665554,2025-12-13 12:58:54
ل,0.7594041703325173,0.09998543378280866,0.46627201879769287,0.8891085481325057,0.5631357859380188,-0.04912332525111818,0.3071175258121426,0.19415570332885757,0.04293744275073863,0.2075964766004218,0.06775149458330532,-0.4666513828419717,0.453696954322261,0.7883300824393832,-0.03131630082439807,0.12263489704117059,0.3491836864945579,0.16029861111080934,0.2118654913482766,0.19065166781490783,0.4349886437635331,0.39036084089936507,0.10864915891118099,0.0767805209916258,0.3672543039192274,0.26138651442793615,0.06683985674167914,0.7288279823181468,0.4263089427738683,0.2100807426758844,0.7401650916801826,0.12776189725575993,0.4085553888714454,0.6695717850922704,0.5233919800683878,-0.05446051127027851,0.4886925081953556,0.16539843961766798,0.3212039089167391,0.9633838511257415,0.20872076798807304,0.00553593361875071,0.47095983944441744,0.4693020106345134,0.406286637663,0.18733960957259344,0.19660486322599913,-0.3517433312410436,0.9594409031894899,0.8291106945191093,0.14968707108230872,0.5787360782734858,0.2329451265956307,-0.08585096554743477,0.4003806895281381,0.9114223076248151,0.17583378927894722,0.3273558801602412,0.45099940481014866,0.16581303297594152,0.3347987636187738,0.4538512529130977,0.09894748249292007,2025-12-13 12:58:54
م,0.5955781931877371,0.719550139330296,-0.39095608844416296,0.42934688202738513,0.2058998969756577,-0.14165597791975515,0.9507727448864199,0.2086848395261558,0.4008973081238326,0.31731374394381817,0.5853730411651832,-0.2742048138547398,0.48707316434511694,0.6722470886141899,-0.10668531788922897,0.2585417325851205,0.3958366539638375,0.27406821498818346,0.13727027190187835,0.5029963585131048,0.08297287448233959,0.36420021748970877,0.5125572722988685,0.11828609498170461,0.36416914776476683,0.4470563839037366,-0.32579797939954247,0.09128827668312756,0.3228887654393666,-0.04303622766163118,0.0008206066720403138,0.12637358778436514,-0.41293012291221953,0.15242690058775,0.36893576937166217,-0.1424822705163028,0.2557606243849718,0.5386047503940609,-0.12692461813825928,0.7527831124456523,0.8303828930837073,-0.4038632484942962,0.9878759333420684,0.21124310986794026,0.026311694477305192,0.6215315088279136,0.9817338233357061,0.17649208396940796,0.7947929534122444,0.994267084086836,0.29451479400507097,0.5707762460480035,0.8473378774760499,0.08591394562470211,0.5993152629575303,0.33988300440774877,-0.050526045481665616,0.06042794130623641,0.3319237301121206,0.25559700063067725,0.882365437833313,0.01855503282379123,0.4095663592402865,2025-12-13 12:58:54
م,0.9946315900605838,0.027972593554560832,-0.049885237957815076,0.029370205143848693,0.8520185337564717,0.44411083860211653,0.3564480368966261,0.3310001181388803,0.09556924268329825,0.5622279309093394,0.8301512797759139,0.4661350690152004,0.4099480650063788,0.6933506640089636,-0.21638931465892097,0.26142028674536744,0.9200440286295617,0.41717563263682544,0.30031109129949407,0.7995796476211608,0.32450410198924384,0.15998241434975313,0.29202878086938555,0.29731668640926634,0.8565599302246288,0.1314111187237086,-0.47207211167383234,0.11280512019775968,0.04019518945607037,0.05057048109803819,0.4460549477214405,0.16122242747818383,0.47049215809156697,0.46239104622084837,0.7430508786603778,0.06825222100122441,0.9491544330969575,0.2501266447530146,-0.0411894786485012,0.2360709237621761,0.3340598511648839,0.276631227510144,0.1249824508480214,0.42905695964972723,0.08499613620482205,0.5360717576146707,0.6858592617654075,0.24935178723012685,0.4906128318841728,0.12401365235247008,-0.35429320374882867,0.8526724631575827,0.6866463567064618,0.33573428485431134,0.21132958087044929,0.12302474361444826,0.11498410834446549,0.5026498584339542,0.38233965171866713,-0.07708011441155316,0.8257460948543434,0.39781819061883106,-0.25103622352500987,2025-12-13 12:58:54
م,0.48922519904301887,0.9864865519372616,-0.2586672667313513,0.15083725437790263,0.88017343046784,0.08526997274248627,0.487036378093895,0.6966369290119381,0.44293939829964746,0.3082466989600028,0.8876765671434694,0.11266119105686145,0.012002859119484954,0.43121082352147744,-0.23533518402851694,0.018136623066963398,0.9315446022933618,0.011187443520450757,0.39345607691998685,0.3126408834263904,0.04738573215168618,0.120640967998766,0.7488816646823913,0.34418521205707586,0.4098715962330468,0.48998970452262736,0.44743435461833236,0.39657424684105125,0.12226378764814694,0.3822748367867107,0.9851739516994824,0.882683517960844,-0.10072658285920988,0.3393016306387654,0.4915071580172333,-0.20938160357001634,0.04295108778040235,0.7908051479006295,-0.22917211868992982,0.6798064340344112,0.2932509867740589,-0.4455784013678178,0.006985539334324775,0.8985048168157108,0.19214324861260268,0.18050336838693215,0.5997899600618442,0.06431902880271745,0.21280613110660718,0.03394626487225083,0.09924396036429217,0.7279847081294748,0.5021780879314087,-0.21785980088824375,0.4210282298099982,0.5583390504186178,0.1799388614342421,0.8472874129307062,0.1381473672426301,-0.4430319598591491,0.15323889787925937,0.22252028617150077,-0.21058127375232427,2025-12-13 12:58:54
م,0.8542096441330401,0.0946040757279134,-0.0023384638735451935,0.7477452941261529,0.05403591530929508,-0.2075523642106365,0.12849315856639942,0.9445743296726781,0.18533977417962455,0.7502433471815767,0.06834332306182733,-0.4498312486824443,0.9494906882361189,0.6996633263958612,-0.23410936612354616,0.723839104300248,0.30964060006109473,-0.22592202772886838,0.09759566632431438,0.35593858729432415,-0.2528116919364707,0.150215178539997,0.23654913010194445,-0.03873247744245467,0.43736471896975226,0.9547755610483628,-0.2986937926379457,0.2508374570000621,0.42564365607834753,-0.4320911715044924,0.3442136056307836,0.9144600163357356,0.4394843104085059,0.7076214103270084,0.08041475641693474,0.19727618494070853,0.7831638852840578,0.27930581204987404,-0.3693486172612408,0.052808657603420794,0.2375061110739758,-0.08200767834741385,0.23019298153030943,0.892532565884359,0.4401592950165968,0.9952352862508805,0.5008646574185809,-0.3889871941718013,0.9832642346275362,0.9101248524230925,-0.2970107906056869,0.3216333355437745,0.00890486158038295,-0.0032443742726678826,0.4040900702221304,0.16755159383462126,0.03939344802898803,0.7631971101694208,0.34523953819298314,-0.2879068810213874,0.7112167864498822,0.7091389034369678,0.01571126739407247,2025-12-13 12:58:54
م,0.7449233137641649,0.34513706216785744,0.05570575322304783,0.7329574671744691,0.38279565277604455,-0.3713409774130114,0.16989149251167757,0.504513736202656,-0.1433314971787919,0.9745748828075438,0.5680323872450557,-0.14771511367419776,0.9588481115809991,0.7460612860893883,0.07944103706886141,0.48964920396441236,0.7536096878205626,-0.14400168361193533,0.7344587895681187,0.2961138391110224,-0.3030877128540842,0.8919130203074208,0.9476576449966377,0.08362598623373974,0.5177953284750929,0.887715544644617,-0.4962979680123295,0.32628864599939944,0.6594161935483704,-0.18727723399848006,0.6875321929378071,0.604213545295028,-0.3410498452146855,0.543188339825466,0.9071683672380803,0.16221936044587737,0.18959025996401302,0.731700708574766,0.022928057618909925,0.6425798764632653,0.395384898470016,0.4303998793283369,0.4214982656275226,0.6717385839125651,-0.3757462766933367,0.9430332624125665,0.9714270319059094,-0.2521050499423063,0.7755111716820667,0.8945613831658854,-0.4311573483003902,0.8651413728980147,0.5514140930217644,0.37236981890030874,0.23581588079608107,0.7264090386364788,0.013804852467697692,0.34596167686199475,0.9955022177155765,0.4127653276639712,0.2518127439079687,0.5089947602853416,-0.49026597185457776,2025-12-13 12:58:54
م,0.0036561973670625747,0.20904886955079127,0.3429733786542972,0.7350164870112966,0.04548442041074974,0.012415282207257516,0.24972437211662823,0.15706478886221797,0.1018814548712218,0.5564958790965959,0.6943815209973118,-0.08504777019973209,0.6914427214350007,0.7235110622222826,0.2754344632082075,0.30656292334346424,0.038199864073189094,-0.3095795595151699,0.5789735958640699,0.9679560857252781,-0.0661593568076162,0.16149522769858127,0.562237299145224,0.03970402850461585,0.33316373257297327,0.34334657032066473,0.23537798441674562,0.47569998819415626,0.4183834366732486,0.3603854464253873,0.4131624359614199,0.14941164166650622,-0.489093852242397,0.8556929740321502,0.26707188160550543,0.3053731532445456,0.644416876692848,0.6947957835059958,0.21795699779692568,0.20105846430518737,0.9036346669814732,0.3654690430472869,0.1661898233812451,0.07545382136174883,0.12779609852015883,0.25991538003909787,0.9270437549222393,-0.38185694471254716,0.5299658672096882,0.6929509397760998,0.34349611702845917,0.2930540228102122,0.0580835336404919,-0.2672566861425122,0.9907071187677973,0.09877335275511778,0.12507375472388216,0.6845338273624108,0.6474698611994565,0.357868527463593,0.025983062735390305,0.6242270499668762,0.07822028489930599,2025-12-13 12:58:54
م,0.00252089118408394,0.26282640405530877,0.30073541128465753,0.5753233627752719,0.7416513318224045,0.0005057564732490194,0.18356644521955456,0.5764625814592754,-0.12977825510039898,0.5724640443014128,0.4050395299102961,-0.3420353022970909,0.3174628590629981,0.7279208753278404,-0.05222094778090458,0.8957951926578753,0.13754278075926152,-0.25912722370774977,0.3088529881507336,0.27029938037002266,0.35639121180663635,0.30449619944669093,0.9578219169550705,0.39433870391516157,0.9893971859219426,0.5565280918759371,-0.3183574748803284,0.19585130803003425,0.8001402293207773,-0.18523287464043703,0.3486004347355153,0.1366881834345085,0.2232986460572426,0.5006594312305143,0.4115920838004766,0.3370809109420544,0.5502881261401213,0.9825387991495429,-0.05014312713384583,0.7455337725693711,0.4895342410835789,0.3891773880473888,0.3186958683924521,0.9650892831633883,0.16180208663451945,0.5594386541723063,0.2550802440123464,0.20187935915153432,0.3030010234175513,0.5763660112282724,0.39441095582801966,0.10483538184236152,0.09379254980264307,-0.19464262132502919,0.7161307577331053,0.4004170303540777,-0.27333899037759746,0.10552860755662674,0.32279158641869155,0.17587756793274645,0.7596783656746143,0.6081046202146317,0.05900911703521439,2025-12-13 12:58:54
م,0.5834469282903165,0.7305021029250592,0.32430168889786126,0.08778628559606494,0.7063178809808254,-0.12367921270403981,0.9898333945079862,0.46059341859433134,-0.32710876415757606,0.6207132353171185,0.5437832886333728,0.2292296032435175,0.03602920542717658,0.7776201831297967,-0.1573683906074902,0.5139665884979693,0.13365104225405866,0.026612988461562126,0.7604501091759116,0.5231473012043273,-0.023648253759812166,0.9075897056783075,0.885395638941039,0.28230596248553297,0.15897156392274758,0.6291969926095116,-0.41217270831279873,0.9328452180950098,0.9864530879653536,-0.23037465602170593,0.2868593338243457,0.9824797430089509,0.3648408401444275,0.043122839850933015,0.84460135997611,0.47616357412256416,0.19479126081731302,0.7206040151005962,-0.40967007164068914,0.3966463148510354,0.4342355194593115,-0.27826555459036595,0.8394488156080057,0.4742346014439207,0.4940221570940303,0.5241666541282188,0.6377088490096304,0.28678159386670565,0.7714964741893211,0.8302821051783328,-0.23593027844866177,0.6728841096310654,0.8318895875206654,0.32629065932918133,0.6601341204650445,0.1738445905158963,0.027987340921205694,0.10363436675883175,0.31337577632603897,-0.4490983967896509,0.934214827968727,0.21428227853380843,0.07029596207628774,2025-12-13 12:58:54
م,0.7230527096292112,0.49834597595613495,-0.19870159160861123,0.19828691525052222,0.20819541618959547,0.40609765489419036,0.5316861413528842,0.6422279623805545,-0.09031115271553447,0.9836396122017782,0.5122727260996522,0.03193839212354577,0.5420473471127435,0.36597465012435204,0.31866287894445533,0.09649508062245127,0.12470028434601244,0.24563208895436228,0.4768619240430948,0.7339219702004678,0.1343785533449331,0.5401731121851346,0.6834822075975461,0.48599282253973075,0.6486978245941586,0.031408709307413796,-0.3069119337887404,0.9375427677798991,0.1555023867303711,-0.16361524364360702,0.7173872789912971,0.971276279363133,0.2685306883354698,0.31190791068892554,0.9843058985744123,0.10544910665927743,0.5859316893220371,0.32094680807366793,-0.1858211050887445,0.7461265914047771,0.9585936209291969,-0.355713549945488,0.7906885877600877,0.35994071571895925,0.1764455006680533,0.991774365193695,0.9596896692435488,0.1486507120629703,0.3724181095151695,0.9726366521028843,0.07320567680514356,0.2971531231710497,0.06967989142280406,0.3185591862980376,0.7996874636810569,0.8272615229342575,-0.0262263657220414,0.4765624111421495,0.6822735211222254,-0.22712710881655074,0.8393249161513607,0.4125716316778243,-0.3621725046060523,2025-12-13 12:58:54
م,0.8216966699279604,0.18785366403320236,0.1629347477661076,0.45756349367437144,0.211757275990214,0.21914233782087955,0.9603648456804226,0.5667107506958328,-0.03571611185835655,0.6085074699177825,0.995005625449607,-0.21640374766253545,0.810898826944893,0.018397540015074654,0.08266248175475666,0.07078387899325311,0.2306578752768702,-0.08621367660071133,0.07649817536352255,0.3110592847338596,-0.44771573739509674,0.3473357608712453,0.324076802064604,-0.4388394007156151,0.3832372843096794,0.2267907864269204,0.49735248503672036,0.3592800839217709,0.12230913644389052,-0.4047716940812984,0.3104828131495111,0.04428783416075155,0.07609629687733366,0.9382737359358477,0.6451599700752364,0.41135865326325194,0.33067155126245296,0.11588700153273668,-0.13990800947589943,0.47581424815139295,0.5425171086533949,-0.413793279802921,0.3179410930416491,0.8053478584661256,0.002553676600505983,0.46686039259310974,0.6082883887049972,0.15822246766988934,0.1890770036414381,0.2654501960243557,-0.12386210667832842,0.20450668599631694,0.48310622609344,0.22022420744406757,0.0535429335358415,0.42152981589856975,-0.06135758352330545,0.07571419388088985,0.34415987652416813,-0.12468166052884777,0.22990892079304703,0.6110478512974827,-0.09239204007859403,2025-12-13 12:58:54
ن,0.40746851018794694,0.5370388722779691,0.042266277593169144,0.23093847238799103,0.12101270316540236,0.21286998587620642,0.4124286078665631,0.2884543988117365,0.07631799364566483,0.7040958077476246,0.2249870440903936,-0.47525343257462493,0.9387623230911375,0.822812143090079,0.26390229198818616,0.860180763051935,0.9172363323655465,-0.4397618613668829,0.8105064266030246,0.5088229852211551,0.2755305389810192,0.4401597160439885,0.406921981990496,-0.18005353962295922,0.22285185482343473,0.9142764116116487,0.35565250351362443,0.36491593665990696,0.7698069124288037,0.4481793904065512,0.8495883553635223,0.6680668630929,0.1832506114140735,0.49695713327411106,0.8398287868950546,0.42895978795932865,0.5133197469592735,0.0874679692030893,0.2615301219573928,0.0744009732722265,0.603269520592367,-0.48988185165561804,0.732802938279196,0.6980573940868828,-0.049014438769625635,0.032142539404338755,0.9341681596252771,0.1335594914701277,0.7510762199701466,0.2691576795427919,-0.41689323449362703,0.052437596628335914,0.24319146057975727,-0.0398161714888271,0.3008763071297964,0.03263757457234062,0.3550696150008211,0.48730146014872244,0.8212653307825845,0.08265643838822123,0.6105989831859973,0.3424387066400071,-0.3661031617132493,2025-12-13 12:58:54
ن,0.07660270418620574,0.4002916034872199,0.22524496609364708,0.04851818812133746,0.9223815745748698,0.40479967290151,0.6199424547252256,0.43881874453551184,0.4914160464796373,0.41478586743645407,0.8122649465586055,-0.41413875006270773,0.5486113553064321,0.4461204655455917,0.09984633856932756,0.9568322926141426,0.948127873512157,-0.22641353031462896,0.8219316665975482,0.6534381680315204,-0.3729276321146713,0.20614358597277382,0.7374703807084683,0.14981443228705327,0.4681702587899005,0.9987850620690755,-0.0945392111593576,0.00493939881072325,0.4070594010456511,-0.12970228104694315,0.4418501539936591,0.6473774720899546,0.2555263535223897,0.18666933265429542,0.8618777848519233,0.2782757694477699,0.4004568107827996,0.04297401812613755,0.19051822827938847,0.30046550095951574,0.5256028191675418,-0.06171625328583674,0.24397385861458087,0.33645877691157233,-0.20868637758947295,0.45408481986001115,0.29058380368566405,-0.4754632128702876,0.8156535775089413,0.4461340657714433,-0.10363652036013415,0.9365408635197399,0.5507350287909755,0.35582844586529794,0.5580624604062285,0.541392728192197,0.19278393927650816,0.8877349884641883,0.607637273266124,-0.36373529217361467,0.24530921907235037,0.7453397265994495,-0.08159316513015269,2025-12-13 12:58:54
ن,0.6604138366948931,0.36434854938487327,-0.09102722859589163,0.9736909951812421,0.16601640278136764,-0.3981026397392967,0.8408541401820482,0.7170600742008084,-0.24357458245228003,0.9509584214172238,0.9458424758074544,0.35091245586894404,0.2500316539099767,0.5632204783289516,0.3802794588429962,0.6837999431261846,0.8454894897456363,0.07246179346413828,0.4999766971386961,0.7424363223134485,-0.09348012854861365,0.46050483567752676,0.42921352016723235,-0.3261296913770573,0.057666677074144856,0.0005579156363676452,-0.07718420542795945,0.7421326637012507,0.33219267529343033,-0.20530584064823476,0.6809915055639962,0.14632177967491378,-0.04359337326799961,0.2345591612084792,0.5707197139959543,-0.4899463114051861,0.36428167345324836,0.6246310495458435,0.4000090077310192,0.6818684801081126,0.6486255611680406,0.44276100950357533,0.3138390674832925,0.48959745838574187,-0.20773507806893032,0.18656445686004774,0.6783637259184332,0.3509150798416263,0.8126012506369665,0.32699759428728703,0.4114947837279632,0.35825088860046683,0.29719813573108156,-0.43096850614718063,0.36123971254447906,0.9209023674442558,0.022370670626637,0.832340303854894,0.649090032556749,-0.26367299059043603,0.7713284600608704,0.4379084087219588,-0.17271228309748343,2025-12-13 12:58:54
ن,0.5754079450872573,0.6749028622825597,-0.15958899729357534,0.7877496498936174,0.9855454618579399,0.07509309249940088,0.87984148514017,0.7193084153992462,-0.29871810842704616,0.7400326410376494,0.25092110361659137,-0.3070031385404852,0.15130114535990336,0.057083521410830285,0.2869900642373143,0.3893325622393089,0.6988475978214058,0.3362338985979667,0.9458016306931128,0.5267776729151213,-0.4597150680474579,0.10113326215285245,0.810239160880777,0.1451551910828689,0.13594996131018922,0.6542378157905205,-0.05113673941659169,0.5042099081868335,0.0762309473843108,0.33696859729198314,0.35412724577557597,0.1763050484647618,-0.13255829648467632,0.29506817128527674,0.7865184256195817,-0.24332173414292646,0.3828326955793304,0.3991803022244488,-0.3278542876531416,0.6741526357705713,0.7864519905393581,-0.12885558193702285,0.867693567667494,0.9538407631851534,-0.1721647630697586,0.8161071023886555,0.833387327342251,0.3770832285548442,0.9707384033722376,0.7287040312962731,0.013027518139797967,0.38448832761335017,0.4345987172470287,0.3236092397341863,0.06161083020313041,0.6477522976424188,0.24813506455315548,0.48318053078543655,0.03999245064050028,-0.35172124247383285,0.43094151995075836,0.555763877072887,0.20768978649308245,2025-12-13 12:58:54
ن,0.8605751356988269,0.06487795930671225,0.4513496584382618,0.47127585405937833,0.05634840215539971,0.13600609757661408,0.2798377741307544,0.7524264950852997,0.057342888632367583,0.8994097837343173,0.4429939530550482,0.2325879113077819,0.8433900438440873,0.597154036414891,-0.10520967824356331,0.7758926630914263,0.7301181701541415,-0.00551515759200627,0.10593085669744273,0.14240614945735675,-0.006395679749377381,0.8586984817773979,0.5381704980644122,-0.3431944745652774,0.3819349084729333,0.8269118655039113,0.2388365368139076,0.7530745182850398,0.9923651608481215,0.17956542570653744,0.4692659283280639,0.9244341524535818,0.49729832276108066,0.18641996602111932,0.35763487543373806,0.4709123886226344,0.6079207980376511,0.09569551631263928,-0.24504692007120044,0.8656652394663532,0.4411290344313685,0.13165995366443106,0.20025071010461737,0.12394642740666784,0.1432300359388453,0.4288969943471428,0.9996392022181381,-0.10002602971472851,0.24424087590807486,0.9201135601041248,0.2570340209551367,0.2139316020008909,0.5346586853856427,0.21325732869088943,0.76064454884331,0.8046723144840209,-0.0758156095654069,0.8096340001653393,0.3189090515264108,0.08331673465711942,0.9545694744595467,0.4898703121805321,0.19206355966276079,2025-12-13 12:58:54
ن,0.3295154098732449,0.9178518784648755,0.024924289492297746,0.27080476667426345,0.621447215951192,-0.24753117814965886,0.8490726611337865,0.3632722976041851,0.4952982590680647,0.9257814590799122,0.5651564871728983,-0.08448470376749873,0.99115389329265,0.5464303323928975,0.26143372265751186,0.9897124844940693,0.06340813144106128,-0.3090201457364242,0.5564152067555828,0.34691607742123665,-0.3450898604844862,0.938546953788729,0.9250551081318833,-0.1123081470756061,0.3790687285894839,0.5730484921733369,-0.11038280844372372,0.7715424535455305,0.1840562744973041,-0.07645799024140654,0.07952560915963691,0.378615806679928,0.19817333460434017,0.02495759749090032,0.375154588855805,-0.23332861117295367,0.6361677325593372,0.024282726391136267,0.18096203033164993,0.9024836531090936,0.2401544951036121,0.27956320830906334,0.29914887023138914,0.36269321955109335,0.29274413942771316,0.2670467965253076,0.7204458306892824,-0.1658546239734986,0.48036575923587466,0.6894264231086278,0.14055750534269895,0.5981523408082561,0.4180495921638213,0.023802123516549867,0.12395526012236013,0.4334736321770152,0.3237498299807188,0.1939408096922468,0.923601520164483,0.43755814796210524,0.6874955747909307,0.4002054258206318,0.01828026829515217,2025-12-13 12:58:54
ن,0.46052604111889983,0.05700062816851381,0.2864290511025642,0.4170026132612962,0.2842837139230445,-0.14602500312432698,0.5585736302687617,0.48768831154663894,-0.36953923784762943,0.780276235763894,0.8054305849846132,0.04609346946487969,0.7984937674625415,0.27070303566033094,0.24866032038220343,0.8215939117127926,0.3681247831255966,0.09140292500445435,0.3464496033125345,0.1812604567261138,0.07151493954927302,0.5662499692147868,0.920320943553713,0.24201245875096689,0.53550851736241,0.61770121772964,-0.08546018783808484,0.6990627798482302,0.7037517821275124,-0.4635923708749774,0.12714077244290134,0.7618595854431233,-0.03842556638349737,0.007192993398624781,0.42920139689183856,-0.07072918618318802,0.9763359218794398,0.037739488778217645,0.13186189503531032,0.25566045136989257,0.6308226843304655,-0.2537899288347403,0.7299927695667356,0.8504951191413563,0.2857722937342779,0.053406278452884814,0.22795287833413502,-0.404773726234949,0.062323730817892775,0.6090093880354852,0.26361702020495115,0.7803948658437188,0.181328685201272,0.2928342485687876,0.6889811940719319,0.9021376172647565,-0.3020581297941234,0.39019063205957494,0.6161595314468745,-0.10163855128370891,0.4173348038437251,0.21578570398366703,0.2644659223556606,2025-12-13 12:58:54
ن,0.3441091173597838,0.2843133247934526,0.24192345181401909,0.48627255679357007,0.4875274005476895,-0.36388592175980117,0.6429056637132683,0.7372038327247933,0.4549864731239721,0.6267804137068671,0.6226544533817595,-0.2744797909597627,0.46028191042078026,0.9136278740251238,-0.3943541864553006,0.9603405206592024,0.49480513410998617,0.4030062257743571,0.3615345616002925,0.7303087309701118,0.2801481924516771,0.5964776961032419,0.9084788513368389,0.4045854700622423,0.10485224017083195,0.9181524258811526,0.3626438915508391,0.2562711852455003,0.914473880820499,0.36417730890161626,0.004509096883276276,0.9875316723637266,-0.020454353498918443,0.2582688592327006,0.06807558911826705,0.3775677724122779,0.5148256395799902,0.6536633559135673,-0.4790047216662163,0.7221655618474211,0.9542013387999462,-0.20888202389069344,0.6222977598525952,0.6018033331198938,-0.30814849248011555,0.6187735707456679,0.24338226563847754,0.43820342713289717,0.7286830657216447,0.8708326278768065,-0.029385406060697727,0.4807234977673963,0.19802990094896122,0.0921418746319913,0.19450639176583528,0.02904449023550948,-0.4626590911733619,0.8573289339937022,0.7820826664638385,0.3368120306112572,0.92554256578644,0.9507608801885553,0.270999525041706,2025-12-13 12:58:54
ن,0.9610786245112332,0.14115554774947148,0.2527435690412563,0.9672126463453741,0.7500404090671022,-0.3313304151760772,0.6645935389044116,0.8153617579773822,0.4748797473812474,0.9977282263018945,0.9596865601344556,0.137878730695278,0.46331180900617297,0.8859905486115738,-0.1150143789561816,0.2575949793368951,0.8140627003325253,-0.15123124444249492,0.5561485290743496,0.9839051895684297,-0.47208773091424616,0.1367218629091983,0.31793129715382595,-0.49850182632076767,0.07194200400183892,0.5290183294740488,-0.14027560259959504,0.7838819768312006,0.9098881914390483,-0.43528737830989217,0.637412042901819,0.6180985086651065,0.31236985599769973,0.06109668535076429,0.6721280838948357,-0.11148617105372272,0.8143579823987777,0.6291685440824631,0.2426502301210679,0.23108119355122447,0.09163621815450496,0.24856091665761237,0.12015790149235483,0.6260342834422944,0.2789197470218432,0.8724161186805441,0.8531193220425737,0.08837565592909014,0.7328349774748019,0.16708567286539266,-0.00473275587944888,0.3025649512777433,0.6388038114026087,0.45774377813078204,0.04918338774320108,0.28965312327624393,0.3789155307569062,0.52498023945311,0.08472296192984219,-0.039270735301699555,0.7172018452833708,0.6441629357654628,0.21720899507089952,2025-12-13 12:58:54
ن,0.2974675374863647,0.21194455105077492,-0.09550102005291372,0.9413045806946178,0.6449849485382965,0.4800519580490905,0.7076871097326798,0.2364205241923658,0.3659679821095716,0.7064911298406766,0.10657082346054014,-0.47472200919659424,0.3825839420636299,0.7731702368073027,0.1736884407688577,0.09652212392973247,0.8526140216586857,-0.36675709776589194,0.3077400790683742,0.6352242731523529,0.4294081831821782,0.9472023689003622,0.32391685419041083,0.22976330195812322,0.13812961814791536,0.6273132841351869,0.3892616653789266,0.5933446210221454,0.8369460487579351,0.2424853313343709,0.42769673291882804,0.5398330154422316,-0.2742505960456437,0.3410393470639195,0.16347539002953326,0.1353581069770884,0.9923196488567365,0.5488243128901832,0.11088028515200399,0.6058051187091323,0.5185115519826718,-0.4668245538701763,0.8166851835724291,0.966076853912731,0.49967002095256996,0.4122548034822263,0.7586850834603299,-0.2607769540331033,0.8013372236178364,0.6111366669370539,0.27476887740019085,0.9616028475146049,0.5089151273460093,-0.33858712708198957,0.5864706738168043,0.12177977727443157,0.20543558272002438,0.4064002717352688,0.9663693429886683,0.16350406783084903,0.8686032220394327,0.9186736915979976,0.19805015212368304,2025-12-13 12:58:54
هـ,0.9438277675909195,0.2018088257784847,-0.0359756628314879,0.27927895215349174,0.6524940086032827,0.013547881104278292,0.6658455584747393,0.6349679658021996,0.33331632274197365,0.3719355579495539,0.6867281513752619,0.1570654844161521,0.6561800730254209,0.3007787677981888,0.10688786347447465,0.4711302225397572,0.7674743378915202,-0.39026540029295276,0.510090826999346,0.7272271882399102,-0.28149316641133204,0.43682951001128933,0.5665991703661752,-0.07485827827387881,0.9720893513597519,0.3000712138411913,-0.11235204795258968,0.8289360234038641,0.9157200305894622,0.0041117586365162495,0.4722232476556796,0.4390370900279299,-0.29098243310351213,0.10293804952809682,0.626947734067339,-0.11984125769999276,0.5749424240980759,0.3428885990347277,0.4872993311129845,0.44923276029036596,0.794915713343291,0.03213229833957121,0.38949099117897845,0.2576607186406128,0.2796872828662017,0.9536108206041896,0.37955685839315345,-0.19227428805226865,0.8754154809534571,0.3030548933389626,-0.38089114820008607,0.3318093198450073,0.3222160055732237,-0.015578802666740832,0.259639794752924,0.18276382172144556,-0.2796437662993996,0.5468780927431425,0.9745178013447989,-0.07484643109448308,0.4421840602700684,0.6305749777172744,0.4053771569568585,2025-12-13 12:58:54
هـ,0.6653339698500992,0.0038501009952329746,0.29728779150178775,0.3123769582346253,0.7312351744569598,0.1359218201157104,0.9547470609582952,0.9786990380051759,0.25313145020749306,0.738882958581763,0.6746094998038801,0.014733221004968988,0.2525588794502365,0.22940856651620567,-0.3443744471167415,0.14302911877026003,0.021665739886139623,0.11656544122244994,0.8859636376232737,0.6490827313413073,-0.4294181808209958,0.6605107204070201,0.24949041699097307,-0.4187803113199785,0.39997339280913824,0.6747780783174008,0.3847271250719855,0.5291783222973709,0.07020081238445242,0.3817266588223266,0.28793625048368754,0.90104255160158,0.3364363398247846,0.29002843181692717,0.13595878225056068,-0.04262331859730062,0.8864495747397332,0.8577584723381874,0.15428691176386788,0.5540852871128784,0.8851824063614333,-0.05775943351803614,0.12421244070179238,0.9149556468299477,0.3129929754566716,0.13258402403708103,0.8598024632119712,-0.24320611074026266,0.04580036588409675,0.09442809618909653,-0.3868066090676884,0.7282116116650388,0.006617118397024169,0.009031829154639515,0.9218959271998312,0.7478284609031648,-0.44269443475412207,0.8537412445901669,0.8885951219147695,-0.0009028860972767339,0.17334722569662542,0.7392411067381184,-0.3194309346092058,2025-12-13 12:58:54
هـ,0.09827606985412252,0.06354837279883307,-0.10929751016763933,0.5550576776892625,0.011982329628040134,-0.48614081785889884,0.7381275317287379,0.8525444900753033,0.348400831576287,0.03046953631877225,0.3764089222070337,-0.1386811908735225,0.6374053363812073,0.1700606591725765,-0.4424323163293723,0.5934779184485856,0.6140680560849652,-0.23540268321796343,0.3350802674502553,0.09428964125228045,-0.031156547320855932,0.8091466423062446,0.7665681978124455,-0.1467591897086855,0.7799646174358646,0.22739891094022546,0.18088932324452756,0.9813731374059339,0.822946072956043,0.2135904359152463,0.49083115397441046,0.10264211939993184,0.49079450830549154,0.4178649939398461,0.4724452355311989,0.3822237698811334,0.9961285743598305,0.7463099134756935,0.07034818179645663,0.9365959281446234,0.10528680608793772,-0.259538931608276,0.5222432641858363,0.676579756658522,-0.33016585967366874,0.5770720262606318,0.825252958552239,-0.1892870710434228,0.5884978483822205,0.7252142680689316,0.4686431871103516,0.3448367136966408,0.25972109097396423,0.34903610937077,0.5737319639847837,0.43979604432136443,0.33005262637660593,0.5632066944293094,0.6563982379846138,-0.36785855351853614,0.6951664269742285,0.11909450912774078,0.2913645537280716,2025-12-13 12:58:54
هـ,0.9227509654880828,0.6665822215908431,-0.3511447639579608,0.9857230515459731,0.6188903835486357,0.13357652545246457,0.06314982539447433,0.9821289620841543,-0.07213466366870103,0.7103249024914453,0.12666517160302881,0.43386666680083075,0.05451999969159893,0.40981324277563547,-0.2245771028512329,0.7644174650419603,0.40461411841827066,0.12340909201336514,0.510471515619232,0.12606122669498887,0.048524400335287265,0.12182551497466054,0.6260747173803489,-0.4277975761732733,0.6237661911951629,0.4457336038866039,0.2859224947849771,0.4755543798020223,0.051558529786507656,-0.166097768316807,0.3016942864568728,0.24790138245854265,-0.25601571788747157,0.6757018887996762,0.14861045673343098,0.2944078827676996,0.7275244086486731,0.6253990381139524,0.3407613691316159,0.4901097049357055,0.9007205307900447,0.057490005326144344,0.36688970398198895,0.8579466769270478,-0.004381345414413151,0.4417958077530202,0.9665899855278977,-0.15960634241273808,0.5336794237675989,0.864757757548992,0.20043752458653752,0.7139778904855454,0.7330891946057762,-0.40373730662013585,0.8349466925380359,0.8923638790210958,-0.16426287310625787,0.22778028849929866,0.06265166553374257,-0.3856778633080824,0.48903510948223894,0.6660714036978866,0.03559520202606181,2025-12-13 12:58:54
هـ,0.4635422391965919,0.3274221186178218,-0.3893207087637105,0.5583975992774437,0.24972833922257198,-0.019842148014293515,0.576397321209712,0.7258143791986885,0.10522722237705229,0.49604559900371137,0.8126643760974607,-0.034959834762856024,0.773827081093243,0.8575332069698194,-0.1475178282389069,0.9489581399073485,0.14058517686092054,0.1397823875292019,0.5139531295937628,0.7229043492757881,-0.2276357048140043,0.358449039292034,0.36413013810165806,-0.2875688900420169,0.41371755925213416,0.30684297224786705,-0.29285621397073913,0.5420478118687264,0.3311230157973275,-0.1414190657154779,0.7853934082849942,0.4699048645671793,-0.045042702805822565,0.5973329170539439,0.15567555456240734,-0.015223760977448597,0.6417981306190912,0.5568263278816779,-0.2551434474315001,0.1794942919158452,0.7980177651302984,-0.24632912560759057,0.19433531750329247,0.292893687333847,-0.1685302742750452,0.3668395747399569,0.2394387375963054,-0.2319805239599395,0.7724949390383807,0.7910774164077851,0.33263575954936786,0.5020443986505511,0.8349521023203303,-0.2982073871854434,0.5996516103718147,0.9641490531285896,0.13830595858303762,0.9928630270568446,0.15411994073324486,0.4906978945635664,0.13491247108937654,0.38776336763766805,-0.1450748835764658,2025-12-13 12:58:54
هـ,0.08851473203899685,0.6663112074541799,-0.19292379290259543,0.23210759026794092,0.7453882708296912,-0.11006672667858663,0.53033930706254,0.8414065148856702,0.14597743987825074,0.19775542932856727,0.10336198117982731,-0.4104898128724167,0.20036526422572276,0.45754560453748827,-0.021818885892694095,0.8440325798159632,0.44049197943717133,0.19387735450152443,0.6800279417510355,0.6453423458906971,-0.00033371689822880857,0.08046928316785273,0.25099769724427934,-0.23128632002735505,0.975058196121096,0.8443916144692645,-0.31575336845143953,0.3744338433922433,0.8117920247203592,-0.32427920484539974,0.7136021250366769,0.2183712927294722,-0.306522633316331,0.7701619009195662,0.12271948132723476,0.03139952250866218,0.6299816885572276,0.19541342558807095,0.17149970760064037,0.11041836786033321,0.0418929378503502,0.3593838662053188,0.1256913037535642,0.06292292676858968,-0.005974995804011729,0.05121049512827103,0.991483835039357,-0.3743071756062726,0.20559060185263534,0.3185066707899752,0.3034466327367632,0.545687492148462,0.35210666804733837,0.03422593388155193,0.08427504985952028,0.5126779211329825,0.050872537064922674,0.030581641894545708,0.00614245698286342,-0.011770131254603577,0.041623261403683,0.8683871260690683,-0.21692525487511005,2025-12-13 12:58:54
هـ,0.06872569463932399,0.3592419225878736,0.40433682448156527,0.35048043813172747,0.8354933556884251,-0.05422450250014943,0.4113273069111798,0.3990028746008507,0.26918336883289906,0.995046285591538,0.7359275261278165,-0.03619292253187345,0.6343306909795817,0.8735106174511751,-0.10402141996296621,0.6646647562065191,0.3456712460554451,0.24854958212386158,0.166401856435357,0.5991772811377177,-0.2985958101992433,0.054399996979038745,0.569736600934354,0.06626263771840946,0.2980133102348247,0.22840864981090747,-0.3483315081375973,0.9885891098584213,0.9196287485793588,0.25437578486640067,0.996655208324161,0.8549559182119335,-0.4497412259924487,0.14769690214547704,0.14720104820061874,-0.12057227908733581,0.13236556030113678,0.2153766907936927,0.1504613654728506,0.055039222674064914,0.003324465100868146,0.1885464727491335,0.6632135717288069,0.4103196902367072,0.020115087052348435,0.8661522519416502,0.39889711373094694,0.30495486973006625,0.7257616446295738,0.8663624109043865,0.11536200157530385,0.25775857573394456,0.7035939899629381,0.16644085415208965,0.7958504959650854,0.30064180751440106,0.3165878616737655,0.6033872815168053,0.47827914848389175,-0.154835131568416,0.5795223961544669,0.34854695740706565,-0.25168489316766907,2025-12-13 12:58:54
هـ,0.4028410482229783,0.7702762353533366,0.19277868059002135,0.867601311623018,0.9468014517289367,0.45595790208689646,0.08972201547834768,0.9633842448657272,0.18703049745403322,0.32811310120168935,0.3299474228706347,0.28198914228476946,0.2740422038800253,0.942708457549145,0.07727206029284084,0.17223286178050834,0.30535326101009774,-0.41616735489056156,0.2031527509321569,0.708360678142735,-0.32362900601517297,0.7033121888706306,0.282556535791345,-0.25890009485186694,0.5045312139700473,0.22864604547183154,0.2624085118034978,0.10265398428881278,0.4314865384778842,-0.4692760683255518,0.8174687023880659,0.48251265165002355,-0.22549870522466808,0.4743060019774563,0.3211455274502758,0.4885478685711787,0.03101923461687839,0.5262153150280238,-0.325762486868292,0.5195971191889427,0.5271263642442668,0.3481716556854604,0.9062758993123344,0.7235710177919079,0.17151848540811754,0.6834559990148258,0.10639486257811426,-0.05341601577635835,0.010763394637248846,0.10627379515236868,0.06683187396273449,0.5125649097590187,0.7052381478270902,0.3745213223444236,0.9635662668177397,0.7120362049923626,0.3742964262193178,0.12938054208005267,0.25857251014981664,0.2646504172511992,0.47838609845071045,0.0067871639203084255,0.20920558381874765,2025-12-13 12:58:54
هـ,0.13314262179499892,0.7980269077217955,0.47253716609950436,0.24561125976184917,0.7362032660996014,0.4426066622427196,0.4831572774039631,0.5270954002019504,0.18931554230690473,0.9003180458905514,0.12815798873810313,0.005044068849287431,0.9729566271392831,0.7776086476562617,0.0538926950922336,0.10802456258453608,0.6006725154781372,0.19703583191012686,0.8669435954615894,0.011636121951214884,-0.16458232766315029,0.6959295036221055,0.8300111600544317,0.2776488819336427,0.7194058497167464,0.16345132096421644,-0.04572565424409958,0.09954722365660718,0.8599606415415625,0.44120292179938436,0.32000476242730314,0.11397379729992085,-0.3403399202573535,0.762601292609238,0.9539690818250535,-0.3748064142847425,0.1597829066492411,0.9614287565784968,0.10497620931570628,0.9246065597355311,0.5172744726634568,0.008442240073612828,0.11730451380852747,0.43698573124174833,-0.15306000587405566,0.6936930140516077,0.23826620243446528,-0.46832927776120503,0.3760046970281521,0.21935727252632675,0.041469810115455474,0.7240758381698513,0.6771038881364503,0.18847618474675232,0.912164209729618,0.5468846889278516,0.07730698908728817,0.31052299556450735,0.9754414498783495,-0.3361057724049247,0.9519259883143392,0.9209351419122795,-0.3406767751531552,2025-12-13 12:58:54
هـ,0.9076394604493049,0.7781430104381858,-0.0769573760171901,0.43909025519838607,0.4324171627891208,-0.39206674878504166,0.9421174490787442,0.3191622148431019,0.2866194793851028,0.4824667897293543,0.5256309554160966,0.42071425465078593,0.2858358081333191,0.4430036885335009,0.38009122779540094,0.9783445621501449,0.22167674888828803,-0.3295010775137933,0.3955812513253285,0.0003638766650307934,0.017738875603593773,0.04231407827087652,0.7143005975837661,0.3691828317025143,0.5715112179173891,0.8872118474927635,0.009918002181693364,0.3655031271460215,0.050231996507623444,-0.4271516670399388,0.05919682119413794,0.5125977085064736,0.4976277080724293,0.24137202724268836,0.03151265221446686,-0.10166080536103572,0.6063900677030662,0.1841821111042934,0.46582077982520775,0.9044363031475972,0.015500141790186772,0.34956301974789195,0.8200480708044132,0.1502084849804456,0.06445554799407949,0.3247071536732158,0.5376505233217301,0.47166405059010275,0.9347429002900377,0.053543171316253635,0.1487581288028209,0.9117554454825214,0.8699675112294276,0.4046944773251062,0.40372074079153364,0.16256516333362614,0.1706139039776554,0.9701233330953527,0.8497390887768673,0.438307999432038,0.4058426197295951,0.3521554446265237,0.48868243707188097,2025-12-13 12:58:54
و,0.5983863164633559,0.9407048344751744,0.14271053704220482,0.5530930726287985,0.3150585376404592,-0.028562341622385246,0.9101495582893082,0.9833241345758326,-0.24286944999250681,0.009024028618060176,0.31147458763489866,0.012361468774033546,0.009672110077941998,0.677740474980243,0.11052917450957178,0.7408835746408612,0.7502752388875635,-0.46687185278466903,0.1769750240601773,0.4665694240372149,0.053004755566035566,0.4837098529704613,0.07585125654932146,0.14378615188661448,0.2809819277840354,0.595990428274294,0.34691399265577283,0.2726700440294971,0.30178822832852004,-0.07629070157618545,0.3413191871713692,0.6537410325212027,-0.16957015509068918,0.8213349048516122,0.14462667859281908,0.24146496396903205,0.9430679393246131,0.9084783731193626,-0.4398058725981301,0.5960717379450625,0.4351581823112086,0.09307878643137812,0.7836771508252628,0.15229706407986254,-0.256136333177825,0.8399494584039132,0.8312094187779554,0.14976354286755056,0.5634868475078737,0.8183162152293433,0.09151489391413448,0.9464903810926667,0.28108386618322123,0.2167233466568259,0.35106170515191903,0.5123673535443047,0.10610070995293364,0.5898040727289112,0.028655361175100924,0.21105077113729942,0.9612750904584602,0.7823713465546709,0.2227323508840241,2025-12-13 12:58:54
و,0.3277219665168758,0.5177717611525013,-0.1610472073471113,0.17391963626957085,0.5937707520476342,0.42329056197740966,0.45706224030662335,0.5634554791573299,-0.274621882148388,0.06965891251264444,0.20136039907151626,0.06996527133483654,0.47000338047358825,0.8025027982830759,0.27391552152451704,0.572778923127888,0.9820506988088652,0.2047926779735496,0.3431819139532909,0.08468659601340889,0.16385642915509835,0.2096905978009923,0.6481608541523015,0.42025820963927674,0.36391052087467646,0.5258038316523124,0.24193144802602773,0.9534322470701824,0.33263677573242467,0.2238008920449528,0.055105227843491145,0.15931721383777253,-0.43836000664068464,0.016652921998138615,0.9608078560058931,-0.4406230708746436,0.21155133926143654,0.049611356086238345,-0.359814644441552,0.2931254666992136,0.783067753832582,0.021814671964415222,0.9241001610134636,0.0001068470452960657,-0.4264344997590407,0.8399244394484447,0.821252684487247,0.4720518556894002,0.6842099346915728,0.8664619930570426,-0.17909428073984934,0.46834645720696566,0.7652904358278962,-0.4153536043056061,0.07533140684871475,0.532531967506081,-0.3896978546929385,0.03865701131238153,0.3632501540779435,-0.40049638695077605,0.10753995159019825,0.37264310269112233,-0.23774519943609085,2025-12-13 12:58:54
و,0.7051925968904125,0.432550806769334,-0.4379915790470238,0.3423315296557867,0.641886215168632,0.4142813959294288,0.4212210173162133,0.8789158189750128,0.07563412741779629,0.1841601189684302,0.9823755931579444,0.2727662915646294,0.039041277339262326,0.776229596499195,-0.006355361116749725,0.9458579043395052,0.5645620184609399,-0.49238560634658646,0.04992223988681366,0.2785865567540845,0.06757422412701575,0.8766368845906806,0.061533132296739845,-0.1065779513652636,0.36876660019556473,0.9447311322312921,0.1312387588818753,0.4412469208483226,0.52026308079837,0.18547973527088146,0.46401254187411745,0.5516387624366491,0.2448574105942698,0.4008857036726058,0.14872069316310954,-0.3796556292341363,0.3676041125920977,0.6188980679004505,0.40294224819296076,0.8391457828623282,0.2503240368284063,0.31943047682624215,0.24336422737093488,0.2124245890697034,-0.1874667130595482,0.16573103935237676,0.8073919751511146,-0.37836085988290113,0.11198270729755011,0.24657201694644848,0.32463831395917786,0.6240341986862866,0.7079040649993313,0.263181430137277,0.9872528415490093,0.5886974305048304,-0.33679455954232496,0.5644752737550122,0.16072395228245429,0.13458876150683752,0.34021741184050025,0.7240153177588313,0.3493990246015538,2025-12-13 12:58:54
و,0.18787932122948026,0.10945336195851185,-0.03911988267570499,0.3796932394782796,0.6818687629149275,0.14581498272513982,0.7454169691322254,0.2838080381592808,0.17044931901274896,0.3097430793948349,0.8134706548675158,-0.08108345234802838,0.7525078822276297,0.34199808056048064,0.3814967075177502,0.9434920300244288,0.3224063320661362,0.004508075183572657,0.2167989673308015,0.707061429130899,0.027103928148254908,0.1060810153482662,0.0010401627997331797,-0.1050485358672989,0.2286394907129503,0.882373183136737,-0.20628683414179416,0.8401664221516544,0.2552173132534544,0.23680582535567163,0.664789638760763,0.29647734803037984,-0.42937286667409036,0.16247722239446916,0.6782321437523854,-0.4807458311903662,0.7645362944180862,0.11139772046762841,0.4595938315669994,0.338538288753935,0.55549523652832,-0.3054440090681134,0.03208264576933384,0.6391320112814914,0.16608874134300078,0.10656597183904082,0.3532138825841531,-0.22976451760416927,0.8783162035088327,0.7976378274804201,-0.41106558756713785,0.06777457617686111,0.962287395256214,0.21597290355376042,0.9768140681074488,0.47148815637697705,0.21401434877964143,0.03122659913651049,0.18008582826572384,0.41540607389753104,0.25921508186217457,0.7402384256380734,-0.06744346516446631,2025-12-13 12:58:54
و,0.03128869385264321,0.3293530103563649,0.336680218293241,0.8078029386649798,0.6990875623403267,-0.09252113868814749,0.18224297714280357,0.06072619048530681,0.0868490437356575,0.7747684619742807,0.10813111362305006,0.34990187156168384,0.22923921351618226,0.01701436993021599,-0.42721916861382836,0.5998230952152468,0.7012779220288488,0.22372081140371736,0.3349323847196468,0.9715598186661494,0.24988573221475607,0.3433049577305932,0.5739826460571612,-0.2494753061024535,0.3641539071117078,0.7350781190142366,0.08744617494477258,0.21844500589397597,0.029824513858140334,-0.23363472922940365,0.43871296246039626,0.7381670284782356,-0.2517035439948553,0.9864258133938478,0.40389200690736515,-0.004091811931660971,0.7437237313986528,0.8259918784332195,-0.2568621253523712,0.28566954285331225,0.40435381521537517,-0.06109751911474892,0.4811425382754654,0.3720106840345615,0.12906442848705324,0.6036883337492783,0.889487496512531,-0.3706577633414362,0.8924660459534356,0.6798813943604821,0.3105558985419379,0.5805370047928521,0.9634830276211995,0.18086679772332703,0.9929950533457198,0.3815870206759844,-0.02921084981016464,0.16804146117207597,0.8888147695861327,-0.4443202587582954,0.2800838031328945,0.34591009708647946,-0.07215979970710551,2025-12-13 12:58:54
و,0.6952340106187845,0.5625994427722022,0.3665609310811354,0.6078674170539807,0.9990475423900401,-0.3039285919722342,0.0019565072673095596,0.7111283424477641,0.19727002691903228,0.49686749564074084,0.7260988251775529,-0.24874588843889256,0.29394955565881653,0.8407375096889623,-0.18457916911784444,0.6155229812094416,0.4675341328294127,0.2232527553434983,0.48236913569195305,0.7890423993345473,0.48624673524529916,0.21716395031708546,0.10368849501406652,-0.3374836085669124,0.07952257112242944,0.8454152534853068,0.4978059449389558,0.1849826134199125,0.9174597680318245,0.24561013983857605,0.9490612435430257,0.9796891226555591,-0.270443428150852,0.4489359639560896,0.47152982434598834,-0.3005371364627418,0.9200213362608072,0.9549882904013609,-0.3456577930353705,0.5397254772934025,0.7482184957755365,-0.08733046492637575,0.5164568078592161,0.061611784796155256,0.12849461057657197,0.4252315918788393,0.4356646994345783,0.47720936719215756,0.8931358672990103,0.9782062850060764,-0.3622852288491303,0.9141063243345735,0.3872003332620625,0.026035500722290217,0.7235349722489536,0.5716223001765621,0.48492466412832,0.3415777473772832,0.9421978149308602,-0.0014849164880651466,0.739924726416274,0.9163283599758342,0.304194597398427,2025-12-13 12:58:54
و,0.7509912816491033,0.8949556121653541,0.22935364927936708,0.5377368703241868,0.4951513531446411,0.41810930811213043,0.6844821949173113,0.46491899799740966,-0.11781476406734459,0.5033500266670764,0.054600294948386585,-0.45156687286961694,0.7889513753508239,0.6822317747209973,0.48983020729889326,0.12977861269493463,0.054102197046889566,-0.09485779621172363,0.8807479504042793,0.7679853865434576,-0.03204999760656457,0.0067435192395997046,0.5921013399735195,-0.3000630753923319,0.8799929806216636,0.934640626945957,-0.07586133417877972,0.9394967999590691,0.33599388024322774,0.48360414362736504,0.9765535242119708,0.5679285524324712,0.1269569067328561,0.5483764103481088,0.7450180354194815,-0.06739234633210756,0.2852870358485773,0.8617625102888959,-0.30814704946552496,0.05501011869698702,0.7044086875716772,0.11862980777974264,0.4347248217826766,0.7030445020022766,-0.36852261674734055,0.2416501950692922,0.45623525046275315,0.06778396219128668,0.18025630258133407,0.6377618254166402,0.2790408767331408,0.21775871360501076,0.31318437289403966,0.499334124767851,0.9832841514168967,0.06295319156883739,0.3407575691374066,0.17995057211586163,0.3253825169800538,0.2551623870574703,0.8037286812870832,0.30856541598875475,-0.47970474965719523,2025-12-13 12:58:54
و,0.8402285294539612,0.3284465082836766,0.31327376281681074,0.23063946970467963,0.23027723932361155,0.35016024980140037,0.8413214804081184,0.47331026982727786,-0.42629587590180795,0.7069660084728204,0.6082713341599373,-0.07388035427590733,0.06955503632347126,0.4927083036630311,-0.24041816899153112,0.85969567221667,0.7757066596144134,0.1726697070500972,0.6412394440877595,0.5862291627746843,-0.4126888456576946,0.5613815599101563,0.8020469931780293,-0.36879956268508096,0.70066453116561,0.730322270603307,-0.3456172811160141,0.7723632677509096,0.060073704460454014,0.34136600703723297,0.45221923327352653,0.539174988149547,0.15218372131681512,0.31553500034906456,0.525417288179039,-0.2299149926799302,0.44153634535077335,0.9623693278110391,0.3621799466510699,0.45791792977481327,0.8164770895219233,-0.2768230891410175,0.8102805244507938,0.9261792953149406,-0.0014158457964200677,0.9597037566632705,0.9975632616031691,0.09765092252796248,0.9080405659360383,0.6261177065838622,-0.2677805679486549,0.1332041714605745,0.7578646037366215,0.47115160412364476,0.08657310620040548,0.49409421544145726,-0.290866432577785,0.3099152775941745,0.9825029929375226,-0.46571968712638456,0.7643502241864508,0.6527619673156733,0.47089866455881935,2025-12-13 12:58:54
و,0.726302328163026,0.13853886354711165,-0.22219745758819498,0.3508095779918342,0.4671013652245578,0.3426359300682049,0.716416966311583,0.45568292242229214,0.17240100594536434,0.2323202323978788,0.5764706137043527,-0.24763057293241653,0.838810347467991,0.09406649626077712,0.04198146041673623,0.8179801981304013,0.1027389972457593,0.06462699096384916,0.24910601657818277,0.5755780208461948,0.3417264763641381,0.16860217606990724,0.8917622782288778,-0.3407379431065437,0.3220675754618063,0.7351112785777857,-0.302978362063837,0.42208744710799717,0.6838490398549946,0.3491405856044072,0.9052330377467072,0.4190649078296501,-0.08557333924026744,0.7420813652593543,0.5529084743329894,0.34886723246444207,0.7440521526501878,0.6715629670694014,0.40293753259356,0.0775405757146499,0.2666887794162991,-0.24871476044786023,0.39315796995368146,0.4751945414792492,0.3266188093197846,0.29699049324667115,0.1796960181509888,0.09625607915663503,0.7819049643625033,0.1665753348640251,0.2659291440075965,0.841384693067955,0.47305099067854317,-0.3899415779501654,0.5220487099203505,0.9394619431691816,-0.14403830265310447,0.9130309535109804,0.8540501435549048,-0.13486757446644193,0.005464598941895549,0.5768300489574761,-0.3714073459615068,2025-12-13 12:58:54
و,0.9801145555301087,0.7553865014718485,0.12870064858183028,0.9453888602307766,0.03659058691059425,-0.3949015073795631,0.04909007253224407,0.30309762732328827,-0.3576577033827196,0.529055895483027,0.0017208242857164047,0.13102602799990737,0.8129610807938753,0.14803873793649003,-0.25288749369689745,0.37612557290561077,0.9733349900036327,-0.22674548414330198,0.17377611316659158,0.04928214640896322,-0.3554142640508734,0.7166298238597884,0.9878447975942353,0.30254240074619665,0.8769079910641827,0.12546405994775256,0.18913188373281398,0.06164940074042746,0.5358275163550773,0.021081001403661648,0.00023748549832025567,0.20020986042473587,-0.284070500975907,0.5145312109932876,0.6610549815665948,-0.4858674946836873,0.29152725675541,0.9212067891300854,0.48867411182842957,0.231657804123788,0.3792783041614266,-0.23383352984223982,0.07984027627040124,0.7139801048281716,-0.17295557811630935,0.9882431498007118,0.47990693560872355,0.055112691313080386,0.1744875708942215,0.8912762625495055,0.05588002932009006,0.8657888943542048,0.1933721725050076,-0.2827083448163038,0.36855461946631973,0.2580406298770208,0.34121708302548104,0.39022960011794505,0.8264924045324672,0.17693948950594174,0.051302528714332385,0.2964134626127922,-0.20202030702090745,2025-12-13 12:58:54
ي,0.49350564588417534,0.9548134338959444,-0.44142629173846015,0.39366322379505436,0.34718771819814265,0.3676269400823241,0.8530885147763722,0.9473925289182299,-0.1894737851649595,0.6901333714617613,0.6538818790596306,0.13011421360306652,0.04792527997204843,0.647240081062827,-0.17989011109205155,0.9274417295944087,0.20688447333061122,-0.25127506196517435,0.17838954434280485,0.15192178874308693,-0.08415792833305014,0.9433647990921398,0.4300720185475937,-0.2747574752292343,0.8560279436539083,0.09468945266376105,-0.426413171074983,0.6124249747775604,0.46674918256157183,0.4457309678332616,0.6175122445010879,0.2881760319907264,0.3695236908460954,0.5071495135053955,0.6953015419371927,0.37675765847707576,0.6129940402761096,0.2702137813856631,0.2537199114908051,0.6892688667767732,0.8185431945301812,-0.459464689065353,0.22637510169874564,0.9073714245880258,-0.21704983970110203,0.7591505153180583,0.3000766288587309,0.22225120529665354,0.5026328316897981,0.32874151816979424,-0.42950713481933744,0.7975603823980564,0.09183362644720983,-0.2807352000148965,0.7828711579834084,0.9810442723512628,0.4419967120015489,0.16714222257803613,0.5906298797310633,0.0066804365727357595,0.9380486063937519,0.35574224443198854,0.3461309177639589,2025-12-13 12:58:54
ي,0.6968631569965543,0.3093143204164791,0.177822431625266,0.5506252920885537,0.314505266175674,-0.02369485582475761,0.243302438397193,0.671590116173009,0.3937942274595546,0.005782610521213316,0.9717543620766621,-0.011960642869868088,0.1404019861528113,0.12869077106986548,-0.40349440872590503,0.8250970400957668,0.4158140074653326,0.4723828380640256,0.1363969252815479,0.8451439769132293,-0.16037250777921908,0.8698034494852408,0.1536422370995265,-0.2067201026595742,0.7384688032900678,0.09758539519278131,0.15405830076461713,0.20000347001427543,0.36618950607020073,-0.0852861600940994,0.8814360967340776,0.45894806434967106,-0.3750525624538912,0.20403962852800783,0.668556749983789,-0.33541598914213155,0.8121902746841885,0.08248046100475337,-0.0514290497040889,0.6913607700459761,0.5216810693902715,0.053041036421770826,0.0410993010473073,0.5518776895229665,0.025233466438745134,0.13486735273799133,0.12967846734901045,-0.35386047291171274,0.8438568131007556,0.3240115582886862,0.36149019750793143,0.8339947601213156,0.22745733054724826,-0.32386807926336825,0.07837513314788314,0.47601806891097975,-0.43969266820416164,0.2159009215000779,0.29650383340817277,-0.048835274395655714,0.1287853953874858,0.22945983136219572,-0.11361891221330489,2025-12-13 12:58:54
ي,0.4849180335389952,0.8910230677857145,0.10935671476954878,0.9831292869404156,0.18464169912994988,0.3377410774303292,0.7763040045982951,0.4602788886618877,0.013178838667182835,0.7905801543986287,0.47332718075956026,0.3744899862941663,0.6051109484970201,0.5640270415234463,-0.13380559453941876,0.11765352701395482,0.5705223204147486,0.06663382103343007,0.5613032861841041,0.8248326598421996,0.09185033884352378,0.4195205955838178,0.08741745708189919,-0.4071974155735909,0.92356999052344,0.8149724192933188,-0.14042996756449344,0.5824291407021568,0.17784744072056569,0.2963357904842342,0.4645792471961008,0.06298923506519083,-0.26814514108117393,0.9277841619523758,0.5845219360068461,0.13167350300444325,0.11832613858293328,0.9316040825976177,-0.005543654033043133,0.26961863234704486,0.20452513201616418,0.2560494338364736,0.22771205557284957,0.9418115485392977,0.21160860709843055,0.4050599024423194,0.1021422861443948,-0.46008306098083207,0.8668824956171812,0.6671541143038745,0.2592227101073814,0.5692054545076549,0.611246220277625,0.35195853040878977,0.42805155526910743,0.7949359561151016,-0.31437484892248946,0.4270251596820246,0.15418390676496319,0.4085256192847533,0.9683271441279384,0.931705057965159,-0.24997171657164274,2025-12-13 12:58:54
ي,0.5165653605491296,0.34769298715787444,-0.2572507387466505,0.4887909487147968,0.5018164366569376,0.08009234290644829,0.41395018240477666,0.4736384835982034,-0.35043325404693393,0.4101466806827049,0.43521488832332134,0.27157562967932525,0.8654000360243237,0.10474184429894584,0.4317517089932531,0.6332487796541809,0.9811396197357735,0.4054004825862405,0.5258513034388731,0.1846966223133225,0.04243626230063213,0.7850288049701082,0.7218860916499148,0.3312744102475974,0.14169564395192025,0.10126112424446365,-0.04197490671142168,0.1040373679126253,0.5176082826479014,0.17951983360924562,0.5869243027746224,0.547190224290378,0.389883774070114,0.7197759183543984,0.8918171936422282,-0.21230670030231624,0.8689871084983997,0.11076004465717038,-0.16336404700942198,0.2711991206076685,0.3786573182871582,0.08527647792247461,0.4653243591010614,0.8640786193053427,0.15725260200245572,0.20019140140925062,0.7122813113236292,0.20063086113029616,0.265456111692394,0.8201650501431806,0.26605927590527056,0.25792213019336985,0.36260921467349694,0.2556220713698978,0.6358889204740806,0.8317771525231907,-0.4176317170574847,0.2550065251316883,0.13440100255943765,0.012737416465633089,0.6453905252347564,0.5623952763819492,-0.01811792423208347,2025-12-13 12:58:54
ي,0.6098456378623227,0.9530390008514775,-0.36480204505204306,0.47580115865679684,0.8998751092813579,-0.20833298920505516,0.1871489899006893,0.18207262913680566,0.44472583728338433,0.7279235558987708,0.6765379194131851,0.47071783139328593,0.10717238754663205,0.9148596786512309,0.3721400525335484,0.752680800766113,0.41125574560747713,0.06657116779163541,0.8272422961942307,0.7781279073739559,0.2499263798456336,0.21057424997940077,0.5900957494724003,0.31827339856107384,0.3599408694977907,0.2738690834286194,0.4958717242822722,0.5681841931046547,0.24119317902366766,0.3789992885186597,0.4627573210210475,0.42591140136323935,0.2895821215796087,0.22067374334930845,0.7474730743375496,-0.2581426653469465,0.6712161511609945,0.1616732484197425,0.43759274088319433,0.0802001505416321,0.49292074320185897,-0.4879896756413815,0.009605531073664464,0.7635153659333405,0.41714467013638323,0.8887466953826241,0.5652103564074282,0.32870682139452756,0.9759074765683332,0.1577732219354927,-0.21695225665256201,0.6905572722925719,0.37808032989659124,-0.48587334684436967,0.4696224030989392,0.6111487331665184,0.4393177591139773,0.28656133020175245,0.1385212212710738,-0.06639844216964819,0.9477970042206892,0.36092847457868027,0.14823171700391613,2025-12-13 12:58:54
ي,0.8958296057157589,0.579767208673808,-0.19775636148261933,0.6720546565136817,0.1371838007670595,-0.10979229402884161,0.11645099160089867,0.07427642646966803,-0.4836074359526893,0.6999332111535179,0.633858466490906,-0.29783005497948223,0.3717203886773296,0.6820565494853773,0.022073522011004876,0.24389662074025298,0.6740514569911965,0.19085181951524643,0.4230676786948926,0.4247453947843024,-0.1936044674661126,0.04384197130113232,0.9387936481903231,-0.3046718728442863,0.6741467033296281,0.2419584711736401,0.1017785439695027,0.16857423303780295,0.8589663327304893,-0.16844849110995663,0.2887384778514509,0.9638070493043598,-0.04674015119077979,0.028533247017868968,0.4411029843383737,-0.03825508023007784,0.21501947940238475,0.5406946741595987,0.13784107535191392,0.041501930863174885,0.7678579415062035,-0.38873266785384597,0.8756635402068916,0.5039807596835478,0.30611734264769386,0.16894518690728622,0.38068052610823333,0.395721774028686,0.7625991513116703,0.07794769247997058,-0.3153289854519682,0.3722813957015415,0.17253131141329758,-0.04547184797463788,0.8691804314748741,0.6155750453642457,-0.31409346664133075,0.06772545884694248,0.9593694504220557,0.37158753424211644,0.11089595489023318,0.1218030616632999,0.3926282142776153,2025-12-13 12:58:54
ي,0.13114225099994747,0.3069026115545328,0.2556973040344662,0.950586008862581,0.2573370489375796,0.3273654940290165,0.867772863093798,0.9722181555243699,0.2439883760870969,0.07539211633257215,0.677029628533397,0.05903718648673184,0.6451897904021829,0.20190438424192358,-0.049597615123528116,0.2901680039732504,0.4648366644924167,0.055952232653504574,0.2169697437711281,0.5658824550583886,0.33595788678228855,0.4948361411440604,0.43229644215769614,-0.33615184647399,0.4408993471023942,0.7106894112141372,-0.357446950261914,0.6254314268834074,0.4211291697976013,-0.31752953491685754,0.7212403240599374,0.8544478987991283,0.34696399495580565,0.49153985283209556,0.7071550648824174,-0.09438394685112617,0.8281337513820299,0.5353441942003923,-0.28641205099776135,0.054456095126597104,0.6903711487537079,0.15597155974165644,0.6886536612190404,0.7458983235949221,0.3639374033918472,0.6192490538554368,0.6307404167074776,0.07855697953564111,0.8212763594577539,0.7963689683035695,0.4187629894986863,0.36325202412988244,0.6846404211133642,-0.01701474725948615,0.8866918563012746,0.9135259960896313,-0.3289857073184991,0.8037489250078254,0.8345289083641125,0.16750205495006054,0.8002856953918395,0.9223318021435638,0.293375398360031,2025-12-13 12:58:54
ي,0.8790243813353853,0.596073490921377,0.3627432656662696,0.8127340354061003,0.929772555766283,0.052103788463989775,0.2877671610582213,0.7526034514843853,0.22770679131078675,0.3131430136295068,0.8883580842845242,-0.2910406422553117,0.4669995417841717,0.49941783363164705,0.1077697141218733,0.1281025643889402,0.18242774299915332,-0.07672109599725108,0.621274378447835,0.027564641648263333,0.26984322313984876,0.4072357647650158,0.34226346265712804,-0.47442944003631404,0.16959333205386973,0.6717050874581926,-0.4610124665492721,0.789836442434008,0.2814639823340249,-0.36010592276873465,0.5572924409831066,0.6434686046978626,-0.08479638324681049,0.11598051233797757,0.345793370360842,0.27483357283335563,0.3448071992369178,0.283260399700078,0.3171746331228923,0.989723260104933,0.013103370747357235,-0.10245724205205209,0.4744508564485912,0.8180001040980084,-0.3234238948099539,0.30208290350870526,0.7580032609106362,-0.04342652366860633,0.01993731108884378,0.046252049311112264,0.34009823398503014,0.3825991890142122,0.2954333384130907,0.022608940222460516,0.5330416548206599,0.8506762865863156,0.38208946469542737,0.46593538193763195,0.7731276352058344,0.040857977134883594,0.5626240177613266,0.5436918684466516,0.3789968395207396,2025-12-13 12:58:54
ي,0.63499860502344,0.8206860862997355,-0.4340604943802493,0.5375001160527778,0.3461146333573989,0.40676855159100633,0.6420631965190787,0.6772971735783611,-0.24352913880161642,0.848139015188839,0.4765789416033319,0.3047336846907269,0.4723432573513059,0.979291880136727,0.34273095772560436,0.582314440052096,0.4640247752673884,-0.3773446991455748,0.5705290735892203,0.9664948740162066,-0.15459557513020172,0.017764803592882905,0.5069870253971801,-0.4326950167614042,0.8877879196664411,0.1807130533362813,0.017509599404701093,0.6699141451936182,0.8318424617153252,0.48832815698497,0.4946660607078204,0.879536193287421,-0.09852689351983213,0.932169106417689,0.9712786275150738,0.05522974472329112,0.15435189135935834,0.8095721799423193,0.3353875253961398,0.6203574091685553,0.316133129331979,-0.2920479577176156,0.7431127581604751,0.5959695603948756,-0.2547790160886282,0.9092106728166267,0.10568810261832984,-0.3549071542972392,0.22238622084434145,0.15951127900957185,-0.3155578002235718,0.7808877993689499,0.9440009161653242,0.10243817891068108,0.4565403753482219,0.3015947950757637,0.05695608318543688,0.45575799393975347,0.6462208350442386,0.20505224624383123,0.84620032017836,0.8200041953043662,-0.2302432027249105,2025-12-13 12:58:54
ي,0.9735661151746374,0.33846983932032937,0.4272857858580901,0.9504509355444584,0.2659895071499544,-0.010679518304142932,0.6034604380407688,0.11683956328012768,-0.2502505579784192,0.730651896327857,0.04759896706571731,-0.029260279745417228,0.8191950559792276,0.3349509633541542,0.49953454364860916,0.5640618594497633,0.37048470457943217,-0.1289006943203196,0.538676093342387,0.367832096002615,-0.11662366340014307,0.16718629952818997,0.4813500500706692,-0.09325862214177483,0.9430153214196917,0.4164216330774947,0.4332224631567453,0.5624322654705339,0.6691755008880342,0.1376070820859937,0.24575365026968754,0.3478184440000791,-0.3794013483888917,0.8193778754137723,0.14159665450488612,-0.25467085224233443,0.0928487014036764,0.10100835521817575,0.32770614602840376,0.8491714717409431,0.20533574818222278,-0.4983376908648598,0.4844549254689743,0.9405585154894134,0.49182253376808616,0.6145613918312303,0.040644316298677485,-0.4921262668417299,0.7933920348641315,0.8971191930651675,0.17878972658503967,0.7282391646928226,0.04406611156274376,0.49626928467147413,0.840287825165751,0.22203932331060394,-0.4613025285725173,0.8320671786714401,0.016248633600022044,0.4885768910702769,0.9545637445468355,0.3444981901451859,-0.40170864081173907,2025-12-13 12:58:54
أحبك,0.8949305571748237,0.6246230807923439,-0.3980286644707869,0.35349581383254924,0.6882673474063444,-0.14540506804204767,0.46818233005868604,0.29383736992191345,-0.18793519608953757,0.10109676245757004,0.0025240645736368528,-0.09077010064886137,0.1589844803771523,0.631808232797357,0.4372044011300408,0.9997899894999964,0.468978029514168,0.23924516946307528,0.25059881305272924,0.5199875558164003,0.12584155482575465,0.8829658382780844,0.7905247302328975,-0.30682202739642794,0.158535502011669,0.5156636730916123,0.39761392171117194,0.8485072445276738,0.23025072524095236,0.09496273098384533,0.9359160679715958,0.9651156839106602,0.09132926524335361,0.802595562220375,0.3958317161542886,0.41558404745043387,0.769794178345124,0.44826514206468415,0.10147998788725754,0.43644501320019347,0.4573911244051305,-0.4644617523681177,0.36976197442256176,0.18441610227710303,0.3373839457006613,0.6062588388297202,0.841402025759643,-0.15001034453570572,0.5958752764683407,0.4867128939278329,0.09306403750851677,0.744138057128888,0.6565154827750316,-0.4269333755490726,0.6354227576764521,0.24065548919889057,-0.10628019659118271,0.903867487078028,0.20804809979627037,-0.4987185382989382,0.7438418269328139,0.01882584615224303,-0.4640368077545839,2025-12-13 12:58:54
أحبك,0.6860822750214448,0.8555655130270448,-0.03935370444414965,0.9463314866304455,0.6693143445662082,-0.4386199633401664,0.5631557528306229,0.6287585898231042,0.4049715649621717,0.0161405696088196,0.33909393001633803,-0.47207352621867327,0.00123647169568053,0.06680038424141033,0.40248569512490884,0.6849788535631549,0.28032094145659947,-0.3329572553987893,0.3481369716664101,0.48940377151982906,0.24581822123461072,0.01285671251621745,0.8052238216763262,0.004941497748045198,0.07856813242002125,0.9890105584669254,0.4886524614492098,0.55115303666666,0.49921968973887043,0.15905122296229224,0.8895094290654143,0.029328931035404127,-0.32746425084498776,0.5526624452452361,0.11421325231708856,-0.17379630219043218,0.9431930033920531,0.19894788139282016,0.3082841828209384,0.29241882339163894,0.8815964946585084,-0.2445382194808139,0.26426244670125254,0.6269347958854982,-0.11723997104812078,0.1939175983141589,0.9914109595820019,0.2263596254945872,0.13396203951719254,0.5607379216397206,0.35345574127678236,0.9953802473280555,0.7798363496209102,-0.34505239127571574,0.10959238962011986,0.4192067392172226,0.39829390185742775,0.274404493841095,0.3265816571476845,0.3659364255837755,0.8043186040043567,0.5281487121768951,0.06593597804515039,2025-12-13 12:58:54
أحبك,0.6955217362786511,0.20048956363636095,-0.49104962069142977,0.5040909687168914,0.9624017181724578,0.4097729372544684,0.5404974126877127,0.5432693966222645,0.06437022951888038,0.01606663757767124,0.8555786851674089,0.38086750134690783,0.9326753033214732,0.7723518994841682,-0.03701428328639955,0.5373617026920596,0.45937590292531916,-0.3244729842770795,0.7420493633126336,0.17795035851442553,0.33529766503015623,0.3884268249427112,0.9266259537561299,0.46017526722251445,0.6974723922689526,0.11530995657481291,-0.33673112335149524,0.8611773856170378,0.07452501128381006,-0.13999988033759347,0.8439524723030656,0.030116911782442468,-0.3755767413042935,0.281050855416333,0.5130810343335318,0.4227754587971455,0.6550847925892301,0.33007006976831643,0.49875624878236235,0.09601978602283867,0.8822782302286752,0.12172468687947335,0.739107597163894,0.39396312060009564,-0.24985737440896683,0.46856498252336454,0.21371819356663735,-0.1348326220798014,0.5765209469946232,0.46069148438664376,-0.4604682732495663,0.5777907131632635,0.8563376034128469,0.06338669958751397,0.5097000662736797,0.1996639551874766,-0.24178461138900753,0.926930793974682,0.7147063480000128,0.19150690571046314,0.01031659204473323,0.20831010241192227,-0.23699587725372684,2025-12-13 12:58:54
أحبك,0.659679130579428,0.31847450522935405,0.14840852700622076,0.2724912749358862,0.6887334443401805,0.428897499571107,0.7664921252463363,0.44379093307148076,-0.3783242790052703,0.588076274213775,0.7845428939831858,-0.31837218737434314,0.463251542703106,0.6484415827664957,0.40135823079901545,0.006936263360433403,0.8641826726231187,0.28549579007916226,0.28163935676035934,0.7662361483396668,-0.0864409465250442,0.7223686994278428,0.9466013507191577,0.17360754898725517,0.03550343027185554,0.7666151873439335,0.23777233772034312,0.3429370286568091,0.20924753560022358,0.013452794021697523,0.6249545400304747,0.06289247839556822,-0.1559954730783233,0.8426214078647251,0.8766718574209049,0.48911700575720174,0.12302497061602713,0.4763477093429944,-0.05010012719643664,0.16630759913673487,0.17147021656418826,0.2536384726859483,0.2321343597989135,0.5169772205080465,-0.2732799896434557,0.19699549095099345,0.15414651022282688,0.29720879693831104,0.9359988042460247,0.7476154774211863,-0.428040261327054,0.6209327639040525,0.48063498255127746,-0.24914039349212447,0.09157031006079963,0.7984207299581653,-0.007849928697184039,0.2493830541415012,0.8621212767934235,0.09207333938657392,0.938947330641654,0.5692187350921194,0.2615478603435917,2025-12-13 12:58:54
أحبك,0.6157779492730158,0.5959316518984812,-0.1492861243747784,0.3580132172525555,0.8140953942006665,-0.2774021058103078,0.9005864369626346,0.74891603032136,-0.15204645010790385,0.7977844948401663,0.08686369526426463,0.037211744326316465,0.3980112833303111,0.9056987524788686,-0.1748615082129764,0.9747281869086606,0.3085518150202021,-0.37328735496349663,0.5326553822826332,0.6081706816244556,-0.21195823508775924,0.30622194641804057,0.5509996499674248,0.3183976099366542,0.8707639684834736,0.9327633587208791,-0.4555374874640522,0.8948616267790456,0.2634226867126709,-0.3358184696676102,0.31219126158370936,0.5160747253100919,0.38931850261510237,0.3436346261618328,0.5537801118892683,0.16080979364003967,0.6399587274438571,0.8382720473941111,-0.3119000912616827,0.5943067934790163,0.8785330189530606,-0.4927726107940217,0.3391867406500939,0.17458273645629252,-0.3044113339940121,0.6318417234802581,0.3117940023401836,-0.15370877504293623,0.541842417530704,0.03071797500702711,0.41366100892840196,0.022664015535524995,0.02960376070296389,0.18070975512495624,0.8287176255921427,0.868485038592092,-0.29953655721106975,0.6985054689866922,0.5548948587248241,-0.0863508702371858,0.6733318047583863,0.20359424110163138,-0.499123626174343,2025-12-13 12:58:54
أحبك,0.030746950867955203,0.8384448847275813,-0.19071780702102203,0.9758301611417238,0.6006867341265274,-0.15421977072457682,0.8449321894177616,0.7587441926512325,0.20742079418534465,0.30784572503934926,0.5578053750045124,0.3125353925701887,0.7448085999873006,0.9007192966287023,0.23582147781578777,0.4980401656069777,0.020316721445371444,-0.41318019401810413,0.9282170930584385,0.7403254281995579,0.3599515287295587,0.2238487613572565,0.6228383735638847,0.14229740160497872,0.9472710123301177,0.6007483023150926,0.14706196557806672,0.7209108155416449,0.4403165142300286,0.009349125719446683,0.6953153403121248,0.46835031660075654,0.2634664837603169,0.46316718112501576,0.10902766035579126,-0.3056337293873521,0.8029622871903677,0.42770675940434355,0.10372934229482234,0.18356414578730706,0.3778273612264086,0.222057014332408,0.6704781071272767,0.016130972802664734,-0.09301740624289456,0.13176915164927017,0.7958143106114275,0.4102810382777804,0.27636045529517494,0.9151936364553173,-0.09011581578229055,0.732792345375154,0.5955405286683291,-0.41298884809448944,0.8314525223036136,0.9605582590052634,-0.31437781943975085,0.7537962325437968,0.4907490700779802,-0.023375982332759504,0.9789486745298771,0.07181160972965495,-0.04087834810364854,2025-12-13 12:58:54
أحبك,0.22069882356406112,0.5369188985337434,-0.33128999593155783,0.19549397380495004,0.610466955145034,0.47986765218273675,0.752674833057096,0.32224661456783354,0.10224261468612816,0.23806883449146754,0.8779861019498597,-0.3449850249350279,0.39152542312322824,0.09119823044538244,0.45199355747830827,0.17993877911933875,0.595591145805331,0.05185416700884116,0.573452691971035,0.2238506323296109,-0.3500628837410359,0.7870689050921956,0.11303436476774098,0.26730596935514184,0.6910835132679088,0.7032183669187742,0.20290947815631755,0.2823232251815092,0.1882243337084828,0.10462718774859214,0.26994263215357694,0.3466607220283653,0.070674049894483,0.8145980729815435,0.7718565495316398,0.15226169265149747,0.07137039323411909,0.0018763643380407258,-0.34206759225728667,0.29708270671887904,0.7796745358913495,-0.30399485555838623,0.3759552228443983,0.822463361626445,0.14743923802019132,0.23180280697931244,0.5630949930975104,0.08481456813163135,0.04303413574236292,0.11589583065131315,0.023830771628495118,0.2707489887216177,0.03097668967755729,-0.4419378568738447,0.22469118159670132,0.7439836755465176,-0.24047601057280343,0.5502910279317909,0.7706916308210358,-0.33621211381696225,0.07334824372608262,0.07774042996491737,0.4291452998568812,2025-12-13 12:58:54
أحبك,0.025103325752441896,0.487997857383895,0.2726762476759431,0.23816218876738637,0.43292034521356415,-0.31018551606584455,0.4158974045531686,0.17575942064449335,-0.4054721010129708,0.7016095995913502,0.751435619270935,-0.16439077743560804,0.7775737294594035,0.06050700126523956,-0.4520143232429382,0.23151130743651205,0.834573513175361,-0.4523754118921567,0.6499428485696565,0.36242075984565714,-0.3259103646492876,0.1832688701067553,0.09675629086375159,0.05053918267289825,0.2026984337308252,0.16749732414628438,0.4167683331108474,0.3432239120612086,0.09866885971605721,0.12872734561728216,0.5489562265977596,0.8951910331374567,-0.013935374707526815,0.045188574796112935,0.1879951699928717,0.40500117697749916,0.05232857077675879,0.4380674485907442,-0.16917069397475815,0.5681657604406649,0.7701706400599552,-0.3352514145070543,0.9242336238930456,0.22780714378214295,-0.0834657608828141,0.34046923952061625,0.9212744604322273,-0.03646212829426576,0.29107331176936924,0.4159239661472677,-0.20491112967028202,0.7699909372487893,0.3378891130575997,-0.06109373345757052,0.4905246613514497,0.9595984689167399,-0.04060386567573082,0.7785378960637833,0.2424857031016513,-0.42598830300322366,0.619170893218431,0.65113396939478,-0.13233863578243765,2025-12-13 12:58:54
أحبك,0.06597023477344188,0.2660099098253701,-0.3129693440974053,0.9496083666643574,0.7853541656545898,-0.251559430883202,0.35239758816838074,0.9071599821591956,-0.1264105650573567,0.07385883045953112,0.0007461317038949256,0.28418760150670874,0.1850397153635155,0.13695247977889646,-0.0002551853858345776,0.2544642030155305,0.17876438632175917,-0.33791048450053074,0.7900810528270289,0.7222257709680028,0.03729479840174044,0.6736245056803819,0.4984904393022478,0.3383132887107183,0.42264864686086356,0.06420408056208149,-0.22572897148914706,0.5526064268635792,0.6690078963977398,0.2073852152857809,0.5477798179368241,0.20778856167864346,-0.3983915592728673,0.2265925788740284,0.6958706199436988,-0.2228708764646511,0.11835541371181857,0.18204248178320137,0.012782276282158223,0.3646117614081401,0.5259059274923149,0.28337166305553274,0.32577613663007887,0.5580717953135309,-0.28063783461100156,0.10573860814119218,0.5376205926390638,-0.09186155489973513,0.2281901833121821,0.9813797742090092,0.08708494552582069,0.8311184509368785,0.8033868689464669,-0.3179818775944091,0.5047109736261002,0.9863973407308432,-0.04593694858408637,0.32068444433739784,0.6960025822250447,0.39079237217283225,0.7392231363627749,0.8241160943230958,-0.03307479062552765,2025-12-13 12:58:54
أحبك,0.0009628741723776146,0.8580967050657008,0.4257554001177226,0.3595283433747485,0.8191602990718858,0.355759052236864,0.21155178327815494,0.7048244162277889,-0.11542104583800505,0.3402965727521008,0.5842180254399811,0.08619842083495788,0.3083674885260599,0.9715227312798146,-0.4617246853312462,0.13383302356974558,0.02342659468079722,-0.36666067522070944,0.659423495903702,0.3147277182012398,-0.40675022492993207,0.4021272277545678,0.7165258458434912,0.11653271363238693,0.4693627412509186,0.2566148463674893,0.12253460618377343,0.9155611017099103,0.6603365688552175,-0.1613193566358958,0.42124017625559196,0.34266843846083384,0.0697907940583915,0.6553104837611038,0.4394146921793851,0.4042378961129005,0.7781960310378375,0.6691361296868346,-0.48025845506440057,0.01666798225563726,0.40760537360604054,0.47148087433410324,0.45518158855714197,0.02227770693906017,0.21935593508294782,0.5480507379335642,0.8543088400512494,-0.05256134582347394,0.09934859572750165,0.8552533847649891,0.4269139314035998,0.23313115267553763,0.25445113287591803,0.46287980616051905,0.3906756608890418,0.045075790276931205,-0.4500859569490363,0.129296549842979,0.6677445724690552,-0.1717250271063565,0.6708869181162853,0.7956926399607898,0.37274878974730363,2025-12-13 12:58:54
حقاً_أحبك,0.5491937631969264,0.9626564131854612,0.4063104963277805,0.21166558413468994,0.260325864081857,0.305993015637662,0.6999851452241209,0.8085832373831635,0.47661422930148045,0.9654742661171618,0.616971795467418,0.24204847464322543,0.4796459700946245,0.9335542229993988,-0.3321606200063244,0.8851763085125496,0.3632946352450205,-0.16290417962384773,0.7550482410598112,0.9900594386565079,-0.3146888110426428,0.6104132895332007,0.481529592204486,-0.272212518257411,0.33009697514973635,0.0042408316266865365,-0.40652648451722206,0.24332216601345624,0.07940750894902437,0.28960628511194864,0.09032016182398495,0.28135356101914677,-0.29953258521415993,0.2587590265965465,0.6040287833164155,0.3066272746037352,0.2319979794619187,0.810456962640909,0.44390822048356127,0.7722211330692708,0.29292818890659233,-0.04681065991009381,0.11342797430048257,0.3629064913861836,-0.45648342260930996,0.9821544592684545,0.8194351449398809,-0.18965106790450326,0.09336908651608633,0.41618424349736927,0.14579610732226223,0.8264945407156125,0.7752666198621108,0.06506259521998936,0.48234591136888605,0.991538924760003,-0.03227132480936801,0.15634654030343498,0.05389922080990728,0.25115038708961634,0.8947353924971395,0.9207997407380293,-0.3539892884549366,2025-12-13 12:58:54
حقاً_أحبك,0.6809225179852818,0.6705722487021855,-0.08137156304829962,0.47189658391395506,0.5131086444449492,0.29109856453434346,0.8418047988253569,0.5905046721167426,0.11439007598093909,0.07148260221639935,0.23989153032702892,-0.09740320209881159,0.9402335039889838,0.3794529499885768,0.2650363243946755,0.5869822169971716,0.5008802179132623,-0.4222379407015495,0.35996574920941604,0.10185820789922151,-0.0011227436824001735,0.34210468605180944,0.19898726116856746,0.47829154250841366,0.5034301977153612,0.3002352830110928,-0.28781440547468273,0.3628229802158166,0.25318368426274185,-0.21935889902929007,0.431863452109451,0.9220651803485865,0.04539021828991607,0.2344865662728668,0.43276313214045703,-0.11632645718080736,0.9571304406539453,0.7935486559894911,-0.29697680320664455,0.3131138123919406,0.319859096582379,-0.480294334980758,0.9733664232839486,0.004890816638694173,-0.08883699062907269,0.1357744284733885,0.7824719064768322,-0.041454353022513546,0.26327838518328905,0.010265726127522634,0.4386596660633174,0.21833670272996775,0.575010748538623,-0.11274362952117833,0.048044474225746314,0.18544611639779995,-0.006506735091974636,0.6432239644778609,0.5312088303834807,0.2421488508587356,0.6138473384790477,0.1702182769539098,-0.16827115178724428,2025-12-13 12:58:54
حقاً_أحبك,0.7140496832745239,0.9506372319725983,0.1087034973095432,0.16513393272006338,0.32630036122626216,-0.44953494904155444,0.8537516763945159,0.6043420664377691,0.16428317141696236,0.43460261204314343,0.1599688630975018,-0.29388612660584434,0.22229162746216813,0.09092049300489424,0.24077132167074222,0.6991355187084213,0.8950469707548366,0.0004274157300032666,0.8464809381106151,0.8194817703149172,0.26529369321221363,0.23596563882926946,0.8655182867093617,-0.4841083936421613,0.0260610853627955,0.19115067733266555,0.10933865366399709,0.12531555254485183,0.907937383935222,-0.486679301155868,0.755333439107151,0.20124390739064435,0.22706864655527126,0.018428682233409766,0.7899198038018018,-0.008566681938875997,0.5811229168739089,0.45365789788518773,0.20141409655917397,0.11175707051627526,0.6965092255284111,-0.20299976163929256,0.7593657063283823,0.261735076003039,0.13095327809412172,0.9405463979768853,0.8693529187646974,0.24384529423855983,0.524812616958779,0.9006894780931807,0.4481321500727332,0.44482306108150005,0.012245780798621264,0.008995913923336207,0.6242960192270065,0.4010396517624766,-0.24986353875621303,0.6508165045853784,0.1796373853134956,0.11533156369988373,0.2597303614415122,0.8246631222133421,0.21220354946431152,2025-12-13 12:58:54
حقاً_أحبك,0.3351482688232742,0.8848562059866383,-0.03908502819742299,0.08672091046147246,0.6175345679589911,-0.15324365553420372,0.1523453722395277,0.8921859124255967,-0.392623985755732,0.7446717693918405,0.5161081341818312,-0.21993210495651705,0.6041275856177335,0.7379247887768424,0.20946472384119563,0.7223263836258197,0.5519302027380756,0.08610312228686456,0.5643990777923787,0.9350218124043004,0.392515546933617,0.12452807673800992,0.8907706584339243,-0.28137221433652826,0.6456537869260778,0.6739925383301807,0.43319018643390406,0.305191657394577,0.8011774757400033,-0.08989780040208617,0.35628736248035453,0.47534722397289886,-0.13920198363825542,0.14878826753550045,0.04812734101375726,-0.10597182370645974,0.7456038910425861,0.3320405209800399,0.15618861458746325,0.02806118526565482,0.8876388907737285,0.2156280836669584,0.1972403728546649,0.2507097753470594,0.36675078935929295,0.627707217389379,0.6948086465858296,0.4621404634639098,0.8484285595828701,0.2611072646952035,-0.28746060196455325,0.9885755833892774,0.730898057161125,-0.39081368808571826,0.6593794752875838,0.17913170682285628,-0.06252621369038114,0.9925573403607113,0.6470018985553805,0.1962345309306699,0.1568098170015706,0.27864527419973095,0.35174055667773596,2025-12-13 12:58:54
حقاً_أحبك,0.1867984995801798,0.6067696713444458,-0.2801264992839875,0.9677673501973112,0.5291178162437726,-0.05162838188253971,0.3564327234436999,0.7466610706541336,-0.07582476876739985,0.6642262671265732,0.40512523153768853,-0.15937917311557015,0.7701950836932476,0.008370492842908916,0.4194740129636616,0.5307649074714647,0.4401819563958467,0.24974263881128234,0.0336204234894113,0.42639198830070024,0.3434640190207877,0.12901035652259574,0.5827918500723738,0.06795924095995998,0.32056966190517455,0.3264009267382456,-0.12870732386289108,0.8186784076428212,0.4008242349619373,0.38622207459558944,0.5250560580748387,0.21302916894827872,0.4977561602343298,0.9902094967006858,0.4778134208618383,0.08900242909072731,0.8595475834753543,0.30232471094060387,0.3319196886679162,0.2679215747395277,0.1813508484637918,-0.16756076227834615,0.9831365406816704,0.13336535069647548,0.43955295746097034,0.06228109601745202,0.6441042611973655,0.20515352232165374,0.5371308753249707,0.8989947960085242,-0.02064481326258072,0.22297869779604806,0.009836719392376181,0.40922087402707663,0.23909748928078645,0.22738933771889414,-0.38227467603913434,0.08170251715619403,0.8149987956576773,-0.1353042070441569,0.3255909611254434,0.5180788672716224,0.47586531649379993,2025-12-13 12:58:54
حقاً_أحبك,0.6391844047312049,0.28362490518552463,0.4820501879070268,0.15921666769677345,0.8338575910171571,-0.316909872016788,0.06603163743701179,0.7866910963949141,-0.05789603398740473,0.8482625074233819,0.38224417284545353,-0.18076632048687535,0.6761010467338194,0.5882119623889462,-0.0115596483469661,0.8611254087844115,0.23256839136581386,0.09704645432765424,0.9165004953817728,0.7924748740516427,-0.3388642338609307,0.22238963127045253,0.007324657959654091,0.22964924558485655,0.7082678727545023,0.6955223644886838,-0.09984663780903269,0.41223612423577494,0.9538796197100398,-0.4131646658475565,0.8618602290141324,0.14916612848543842,0.14892224963015888,0.3896744700592576,0.4898106059388043,0.3136069057521871,0.0471493012957076,0.7504361435346866,-0.22718482521239247,0.03684701525435108,0.7795582579768774,-0.3349376153857523,0.10942299741246797,0.8542937579677613,0.005941608666205633,0.21248656979690927,0.21186853061309718,0.2344799511276484,0.337657382211604,0.9132329365793406,-0.4898427347321642,0.9501084771200445,0.4364204675912563,-0.2584618814412285,0.9634409214906954,0.3480352040035013,0.43791992928393164,0.5895672190588446,0.4248397032021015,0.24399807271987228,0.21015576414046133,0.6620922108826501,-0.3612099998082763,2025-12-13 12:58:54
حقاً_أحبك,0.8449837671531474,0.6073059654534623,-0.020626965974894884,0.009773321938514434,0.22666807048167958,-0.346028512934223,0.31957690263250205,0.8151064865004638,-0.45168714747200944,0.5137995200069716,0.29313430090612236,-0.2003218866267411,0.5911997324589665,0.6458263232967851,-0.3181134110961156,0.6915870217901261,0.6498165117506309,-0.4628785000212797,0.12643864416596973,0.06540243099159793,0.4096410510163282,0.1623577464472925,0.3047325596417111,-0.08670632403770007,0.06426722083369962,0.43219178607249964,0.41075285003461925,0.6824894772087985,0.9485960241319931,-0.1777171759943874,0.09897541348297156,0.8503272258177744,0.011650826201095366,0.01191491102105835,0.06403957536628468,-0.4382159660587691,0.265928124013622,0.21055934437730262,0.3910398775407943,0.784573070023955,0.07161452101483456,0.41950880319306183,0.6600455062450667,0.5494730656577743,0.2716867328316217,0.797825285391405,0.18699091378188037,0.002953396955034049,0.3699564241552963,0.31873442503368477,0.07401883376181961,0.836900766087182,0.6934693454106297,-0.03320732285376993,0.8181600687015697,0.32600360862436617,0.22523379940502686,0.8250242939171877,0.02627960617826497,-0.4993429442119628,0.050525840186912196,0.9197916668644663,0.08570208409054758,2025-12-13 12:58:54
حقاً_أحبك,0.8523126912425208,0.09026091341943632,-0.20517369924811335,0.9203176253843416,0.6838465965329157,0.16194183043671062,0.7348624690445892,0.2007205354513404,0.3888944004757374,0.9108901102800677,0.1642768382234011,-0.06975686615989651,0.7932222504218428,0.7323257957489714,0.21411246903418735,0.9636959127771321,0.8250044354820686,-0.49502015826766455,0.9229378480327652,0.47455332601962485,-0.0014347171812524318,0.17439680622231424,0.9981041558117403,-0.3322538969087412,0.12380949691286913,0.419545249540048,0.021138362947668465,0.940828387792585,0.5620880150255888,0.19264246107924532,0.9298194706739894,0.2932489897407028,0.30014678977592224,0.6203769193156045,0.16349691794190468,-0.45965928831652414,0.8641208490644008,0.22729720409169318,-0.3321739768630648,0.8328533514867625,0.004954560129268537,-0.4549518348381959,0.9208483780516891,0.20629234004172747,0.4044695427151491,0.9767732163151689,0.18312660191755759,-0.4624809315825975,0.8273391447349177,0.6160185847016604,0.22686143052569663,0.9680222253377383,0.8618342119243335,0.12848344873967588,0.677845385081182,0.7852090841637333,0.3990166264460152,0.5509282370424015,0.8963852561089695,0.44031701679501456,0.17298958601061198,0.9588344250487016,-0.49632403683942383,2025-12-13 12:58:54
حقاً_أحبك,0.9514210933095834,0.5286802953604256,0.4037462974559719,0.6802929639319124,0.3133384717512586,0.35167200827186273,0.34739047466202255,0.5879237000166605,0.19160773514424345,0.2733969012622759,0.7088311066679236,0.4957257884810089,0.5866385769641227,0.3087246838626836,0.15148639115229656,0.009999340323217698,0.04457570410173162,0.3588132805112412,0.2420807895083763,0.5418545725236418,0.17332394629352255,0.8387458917730866,0.7624999398085653,0.026134313315969493,0.8076813062854172,0.5265530850508997,0.11084188853455201,0.9574654852581472,0.8962862256091514,-0.2304293962806151,0.35897439833196054,0.8954650385500001,0.11023501060495444,0.4043289787521295,0.7735142386436652,0.3161737766611782,0.12481073257927466,0.841205686488021,-0.4174076759768406,0.7406868854871617,0.6776739445195692,0.1905164487286657,0.5427633610549134,0.42764509057053013,0.4536260918122528,0.8769024397818893,0.9387544053849554,-0.14146819693375345,0.9948927929913931,0.8995662672341959,-0.16057888162422185,0.9304512454800065,0.3799210695474087,0.06631490973340537,0.6075803493682774,0.01061854003266638,-0.46115906814526375,0.5965984787289725,0.6151291227906719,-0.40634429309812226,0.5900178146455276,0.11250519592873132,-0.2739528939957503,2025-12-13 12:58:54
حقاً_أحبك,0.30127667484387866,0.09181679992839209,-0.014920147624751023,0.06433176393438589,0.3081933051195258,0.2895700213459247,0.5916946039271326,0.3037514456806808,-0.47186137750096036,0.097789694597189,0.7822674786740328,-0.16852108877381267,0.24857776060391867,0.7551315280927982,0.1634881662502209,0.8239041223389084,0.04297797245967383,-0.40434048743897366,0.14411771229844517,0.7016937238851833,-0.1719965226928163,0.75787415730352,0.5519688647080283,0.3126375685341676,0.6729886627196788,0.36672244837661117,0.13489976448369723,0.5537257648827263,0.40839661003115657,-0.002985195390463047,0.32109825352510213,0.6847107910537731,-0.4414398949367774,0.010832735160013707,0.523778428203375,-0.1258483461305614,0.5955166320906577,0.748557190114113,-0.49511078223260085,0.39123758110819806,0.5912133998974978,0.04084897519847985,0.11187899987214744,0.42009648615591133,-0.23114741582889253,0.17604622179704454,0.35998894394109704,-0.07792706446410791,0.30931903086567114,0.9381427503929727,-0.32773115190305147,0.06371550611907018,0.7715225372884978,-0.08736501949216635,0.3284584507780385,0.5268039758698134,-0.060135613268803234,0.3440792612714918,0.664686139190541,0.3492559463882783,0.610017903697681,0.4417604303629472,0.04038165884423284,2025-12-13 12:58:54
أراك_لاحقاً,0.486024083558939,0.7594571102251598,0.4150839142737057,0.26950722341759303,0.756305384051021,-0.4460758117181337,0.4104948856813905,0.7007403405750365,0.0629206610854609,0.3090600830557041,0.9358144860277289,0.22122349182425616,0.45897728389663484,0.31246892440693974,-0.08061377752320964,0.13004668797044583,0.2505586031703423,0.4054138619347988,0.31869935865874055,0.14266606986578656,-0.39488233869058775,0.52991658304038,0.12387207488049612,-0.07685572850691413,0.7409409215996059,0.529911139235919,0.17338140467883612,0.8349953076368244,0.41264227512689955,0.141272996652828,0.4362449558423743,0.0060793636598984735,0.32076415123653657,0.7833092862052984,0.27576983664746924,-0.2984555063462835,0.13284352846317204,0.996592613577851,-0.2615699069288342,0.04347210813204039,0.8795488907142128,-0.14802545483693075,0.6236928845632095,0.7610119360027306,0.38882793116494685,0.4906121458767755,0.2869052860194168,-0.2187053862761682,0.6586030519741801,0.1977565094184116,0.36635339814573176,0.11068829222101872,0.06721834151885742,0.40655286230078447,0.5255412873673435,0.7892076057411858,-0.2515463813751543,0.6642962073170914,0.30563229332852404,0.3995207148491735,0.8137491061810157,0.45820868701011574,0.022682124469750153,2025-12-13 12:58:54
أراك_لاحقاً,0.9461733851655588,0.26821260345188236,-0.4584445926201077,0.1610724549771514,0.3361072409643153,0.17226699878396168,0.8905986358563558,0.947016892337644,0.10281861040337692,0.22009466926571852,0.1998675569498608,0.3739536738458141,0.4745402406781918,0.1936976877158001,0.16526281516904473,0.9388460741893554,0.603853452319256,-0.07375822760917927,0.6746733293252446,0.7915153059332597,0.0717122120936926,0.7427748748533701,0.37696581133349083,-0.335857993618227,0.2713937203050062,0.88674013201799,0.04192107418697144,0.35688647669133255,0.6903247457231869,-0.33568927688154027,0.13992463553480639,0.6104719886149644,0.09688090114974235,0.6006976162080657,0.12872220726627248,-0.08498866034573171,0.836407341868187,0.6654889582576923,-0.11663494209565084,0.3560400564759628,0.9247506716197683,0.231597652129931,0.7811418087898478,0.7397357424254927,0.48143102966669693,0.2912822030211055,0.26353148358496004,0.4870050521638014,0.9364389329105891,0.21449145581055518,-0.3147528625860764,0.969755378775476,0.8565716514324947,-0.26572389934755125,0.9684442640235232,0.2927415763448348,-0.35064476121512944,0.7285428740334055,0.03559738512825694,-0.22939077908222816,0.09123230230185408,0.3462310809261382,0.22875072786133777,2025-12-13 12:58:54
أراك_لاحقاً,0.41486453142454527,0.5000495311509146,0.49149516599323484,0.8820223086397897,0.1518093994778973,0.37289569081784324,0.9490184364986453,0.9069105367724366,0.4361208664043582,0.5175154951227829,0.773427495532035,0.17475235383600884,0.8638744405245046,0.5345749676697358,0.17110001564791621,0.009023583076247732,0.8055336785379633,-0.08843452803951757,0.3634129071362543,0.3317347035894955,-0.22898511995420756,0.06948330068872854,0.43607850886512955,-0.05906110946174137,0.45929717534164183,0.5878434334133213,0.23375674009593728,0.1775601340817422,0.2484752393581584,0.49774112890237676,0.6737211306128256,0.31379425762920554,0.4586973846673873,0.20243392688581274,0.8535750693116465,0.2870533489797542,0.7389078190851528,0.433745982542901,-0.27802140056068925,0.2658298659220195,0.6140403144327182,0.06345240720389733,0.06505191913817532,0.9960235902936618,-0.1731326343811983,0.1883202504051399,0.4471394793891311,-0.38474634743875824,0.2273821910389614,0.6254625902398012,0.3485833101075624,0.4944420267038594,0.39854721834093065,-0.31945061705899125,0.8920541122158501,0.6222296922505128,-0.1653186495050475,0.5008777098924959,0.959533957003123,-0.1581579380233027,0.7857723675321465,0.3945424095135054,0.16139941736074537,2025-12-13 12:58:54
أراك_لاحقاً,0.6436003791094199,0.8975402697826247,0.29468652300703824,0.17401233701168994,0.05108110458256254,0.2669003867165791,0.10300773505255478,0.9224240858923392,0.07509744865617562,0.4041401004044649,0.0013696310720933136,-0.13394661700273336,0.806534202765052,0.3043900194116461,0.24007957207648956,0.34284237464090705,0.45055168715850324,0.33889108656471056,0.6915168546463152,0.12940959412045583,-0.3598554494681879,0.45889465955707653,0.13398199060922378,0.22374039703075244,0.5493441212470244,0.47834401339106536,0.14577414338702777,0.6874509396290733,0.7265028908141624,-0.32818636030508597,0.5435881674413608,0.03983089820555019,0.2991401237382232,0.4655567644984272,0.48868007112477607,0.052526719064939664,0.43715047963001397,0.23042707390674466,-0.36810660584175925,0.7186223071028233,0.41200633065185677,-0.20550469052079046,0.2717429141655947,0.31420581412240245,0.12722584038814755,0.392040282323713,0.8057629116676063,0.2543751479978483,0.04076852880923176,0.8690758541345196,-0.40529952430670246,0.8802334385014412,0.6346140174890575,-0.11790331568749013,0.9926663555344237,0.5083657794905929,0.45569927704037017,0.7736047756319748,0.22656039156206054,-0.4727439328098729,0.06091348577598921,0.317304768970464,0.1628359890729132,2025-12-13 12:58:54
أراك_لاحقاً,0.04264783235737735,0.06080519883135105,0.0056289191354170764,0.13734733450237036,0.29237996334294447,0.04152222697496355,0.7569106972629414,0.8990135165148515,-0.2384487464910916,0.4054602620516392,0.5117499505215048,-0.3874189097768195,0.5640862573572526,0.1729049878697264,0.022002973857748076,0.08551840379224274,0.45952063786508723,-0.19122909477154282,0.1555339363763495,0.14895776715781994,0.060360638368865294,0.9476540143199391,0.7150246883660426,0.1697109933336174,0.4254181837648894,0.4381958523401629,-0.20491311503154597,0.5644743387343527,0.4566704972671145,0.43345342629817063,0.41274256700531264,0.30495073598032496,-0.42894234000703413,0.5449994619824489,0.6165476446032917,-0.09861643098005468,0.38260483166517467,0.439307037245004,0.29849021084572536,0.6236189062876546,0.26678528072209895,0.4479815968165617,0.35408639958054633,0.664766466301746,0.16139319466252167,0.21554870928589698,0.7713798154894801,-0.4785486998287489,0.05375341768142361,0.06707834055177342,-0.3499770235970635,0.4138008133085296,0.19961158069686524,-0.2905932648159081,0.8752374615718144,0.3890898701579433,0.2508936341332825,0.8677343721121392,0.15501636248823514,-0.04761868556643645,0.4110829440983753,0.47701069941242,-0.15679150708596667,2025-12-13 12:58:54
أراك_لاحقاً,0.216818805889479,0.10507367462573958,0.4507854838541391,0.03449693610896576,0.8423521358203049,0.27198555379419376,0.531062244248925,0.15536287615298394,-0.038783625234123154,0.48580646432891317,0.9749574253566867,0.41694089282818614,0.4833212132567598,0.13605867713237907,0.0419106493877196,0.38154348518091374,0.6620888371610529,-0.005522045284275023,0.3590967996764062,0.7329185391297782,-0.25046310086943924,0.05168625097838764,0.011074850443852147,-0.2387479055778814,0.4136520385792578,0.9974648229820263,-0.15804351331376454,0.38499331564114403,0.8956804337923944,-0.1740778175764056,0.34617527710112905,0.33982323698110883,0.13271946682189395,0.7599544451563583,0.19508878717776712,-0.19286658308971505,0.9631360366550573,0.4680795704760804,-0.4501818271908855,0.5508829693701928,0.10167230880143019,0.23326943645499,0.7038098220180575,0.4758499433245167,0.04671593681968789,0.6368613580896901,0.8525131961903987,-0.1679342507943763,0.762069464067206,0.21718994416935478,-0.12071624449846574,0.08247139872707032,0.11666435699555167,-0.2704066049719266,0.14285565800121047,0.33239938616479425,-0.4938533023458954,0.6447257292485029,0.7171073216487003,-0.17523448698526156,0.785066432372954,0.9151767832939327,0.3787607505128716,2025-12-13 12:58:54
أراك_لاحقاً,0.35470550905632914,0.32780960846750407,-0.16015471150444271,0.48235924861240276,0.35891606553362354,-0.04830998134168685,0.5419123024445501,0.887636574092495,0.13332651710961896,0.759364203213141,0.35440454093397655,0.12004540910999406,0.1700350730140089,0.8477052380846558,-0.20635344506927145,0.6038760406861986,0.17226314884732152,-0.39665550748375555,0.5164296045938973,0.15276414435858976,0.30905249679904756,0.13822148031878512,0.6012072392637208,-0.419800064223369,0.10900035476987424,0.6059361795276915,-0.19933417433369494,0.15541852160882508,0.29082094817940474,0.05681013016662573,0.25993401185158116,0.12590641233772693,0.007083627584756225,0.8248138503355682,0.141591849703117,-0.42849129046912504,0.6523828754898133,0.822352399058022,0.3099734870522669,0.06426978316180232,0.005451630291417153,-0.4702636824318943,0.3558203536479069,0.3711548308732786,-0.02549824864769612,0.4911821732636722,0.9314754587489413,-0.21266772948265966,0.4357586164251279,0.44872796227882483,0.2184973369443045,0.8187251302687591,0.10203548900704706,-0.08501346227325945,0.10934128317768521,0.15656672027245655,-0.4655334215738516,0.550694899496078,0.5675287254901005,-0.1160663935041657,0.11137453369650785,0.5496874155742806,0.3699515633120387,2025-12-13 12:58:54
أراك_لاحقاً,0.6841386942532969,0.8947152007190994,0.4262889375119058,0.47325385163483846,0.6871843505625943,-0.17454880760610347,0.17925998213543026,0.077057549515961,-0.3186679117243634,0.9969869333284278,0.846151634272307,0.3728769856336853,0.549560047063008,0.7867364794587558,0.44054624593307945,0.6326354134910802,0.39171734550032145,-0.06171777128895961,0.8817654986395643,0.955952485841996,-0.03265231704434357,0.8211156595968403,0.7377377257192288,-0.242127637919894,0.12766078639921252,0.36017361641707335,-0.025763571982719058,0.8248972449667357,0.6351333512154579,-0.24363619160009908,0.6351486237255044,0.9127136848270838,0.030855168653972642,0.511456555131182,0.8115761856946995,0.22865019193985736,0.16443004990613863,0.4592199852381048,-0.11325274166842114,0.17683630215396628,0.2193297874787684,0.35915166772639817,0.3623034278095081,0.6920283760427306,-0.024734306110255733,0.9900269220294705,0.8685834054996238,0.4268740116925107,0.18441994137061224,0.0504637312970474,-0.3209996618610813,0.809430510949566,0.762063838131525,0.23263747049869732,0.3362680315807983,0.4767783228008752,-0.18340935074741183,0.2579419178464004,0.2772461016483896,0.2874033201879552,0.1235239975270025,0.12714876001206699,-0.2369648743127979,2025-12-13 12:58:54
أراك_لاحقاً,0.45724106262200026,0.38682584443275303,-0.2419454806973388,0.2712586459730181,0.8422223067077433,-0.37063580130124296,0.0951298962664362,0.34285191584393204,-0.23843474850476654,0.3756244507582125,0.8979665652582762,0.22293165545765126,0.6568897003377321,0.49158630015617655,0.2137401385014568,0.3908356623794099,0.024039836490966526,-0.4214710285942269,0.3847284492141846,0.5767038301726841,-0.07123678593387495,0.24843352530197638,0.31279952008443523,0.16753054887743202,0.7467785320793583,0.393125963586642,0.20559591970168556,0.5827835671149061,0.4269838679467036,-0.15392507152726687,0.35126045271659,0.9308340953288432,-0.14082975763463157,0.9666939025795837,0.4372008429263483,-0.0516699585106184,0.10902462567878002,0.259939516275833,0.41026532610108135,0.513754483878168,0.1383194311647501,-0.08726363648313507,0.03716965064123212,0.6091856638249188,0.49791910445722487,0.6235745442754324,0.3137592565721695,-0.03934414648714657,0.18356328362702568,0.6299191146167196,-0.3606602788014257,0.3736527030102761,0.9740067137332602,0.4920789074015147,0.23186594297593754,0.6301416250550522,0.37373607242381335,0.34210815084932855,0.6457339364201069,-0.23045665136640314,0.7787492664566562,0.9419785708099847,0.4771790024141138,2025-12-13 12:58:54
أراك_لاحقاً,0.6785068713027749,0.31005669545831027,0.40305601064733976,0.9420852428075251,0.8229314044981186,-0.1351005547862525,0.0053439088745930174,0.578322705740649,0.1570208350022556,0.8904040499791107,0.3613521946567416,-0.3734581043294579,0.30026331448193044,0.8930364950339497,-0.43529121289900696,0.6128151895466781,0.07914704373388959,-0.321697330815679,0.6644036833915291,0.4431357934303475,-0.30691045281256724,0.47774310776657425,0.24171508370097305,0.1908741925707349,0.500556078953394,0.5323059657775477,-0.13266754768747246,0.0034962486415517358,0.012670987266089506,-0.3422000612486249,0.9345171297054501,0.7412410065666124,-0.2199397177402167,0.21937344561262928,0.9120442043391829,-0.30556239880373925,0.5945321271660188,0.19955443640556159,0.4085281186565112,0.43579144274901804,0.0037645080343184922,-0.3931757683241853,0.6044511266305067,0.7257328489828467,0.35879889324823255,0.23440841023976833,0.8014291457678377,-0.4596062222943442,0.8228543212877675,0.2203307505542358,-0.44129786685432404,0.3471259366211453,0.6311331969728065,-0.09146542174593664,0.7143290533601847,0.8441272647111403,-0.17458986672485222,0.5228240497998311,0.38265326914001396,0.44441667853112365,0.2841920114611115,0.42709434504617794,-0.41351120914278305,2025-12-13 12:58:54
أضحكتني,0.8847595654898873,0.527525600527867,0.3664672967935336,0.07122828070522513,0.6945459125155574,-0.36776082773311625,0.8421969288490168,0.029448113208394244,-0.4219662159141595,0.23642306250342715,0.591133583283075,-0.38826887291836143,0.4804796037787753,0.43812036386314923,0.24853782515580225,0.25201477263903216,0.6880703332403889,0.4618252157303381,0.9540581282702397,0.4342051374064613,0.340849174687861,0.8478259260204186,0.30267475745778893,0.2106307233979644,0.5449473155809652,0.30169515595503626,-0.09354873114416928,0.4430246064420693,0.6463608643868362,0.41221585015756623,0.7762910377418986,0.3376490005728454,0.3715424421703266,0.6893779693527871,0.664060124194009,0.07501106959241166,0.23912931402148674,0.019943562185336217,-0.023159726614383036,0.8123885755615815,0.914649600835956,0.3671840336548884,0.9029509818538869,0.9068099414823168,0.12114888234203314,0.6114600802946754,0.3428189745802743,0.10687573428551167,0.8030168706895211,0.06521724416612562,0.3603391959021601,0.0018098015021054126,0.4007549524857209,0.40227252116659296,0.7497234966383587,0.16866056725500111,-0.22011908054566676,0.9743151477941107,0.8247793299087424,0.039542467869368436,0.6620354038673043,0.740775695477405,0.05198068690407076,2025-12-13 12:58:54
أضحكتني,0.6118219490084621,0.21932986420271083,0.18793855283077898,0.3622180106120655,0.6279788488638715,-0.16090173941504526,0.18354229395345667,0.8822960660541863,0.2456827942137697,0.9433397997491848,0.6630180169534647,0.48690268055561026,0.392784151308072,0.24604615111592987,-0.34243790450231604,0.6771266053392057,0.49386106769257476,-0.4760555669265535,0.9128016111027348,0.7888023352493114,-0.10735724992292084,0.31289374277483206,0.5860867093070615,0.05180460850058821,0.8890515632135757,0.9369332982319075,0.34153753157172295,0.10446330844937968,0.263798893978053,-0.12829198770307093,0.5554822253260645,0.7703726203653344,0.16442992221984465,0.8834606368573211,0.6797779215125607,0.3301621233155565,0.18177561326882485,0.7149264473681709,0.2750506982922941,0.716473231640117,0.04269170871295458,-0.31045322461428737,0.23282965884417095,0.06412648995672521,-0.08048447685477966,0.765167745111154,0.014247978515203763,0.01793511990170804,0.45140513974490737,0.8521313494806385,-0.39405856079740076,0.5236102997665742,0.1327238587411005,0.04880497911016446,0.32178277639662356,0.13733667628760104,0.02110304182611289,0.7536583109665084,0.9833813207370349,0.033831536541048646,0.11900408372062354,0.6962282738208028,-0.18092513084901518,2025-12-13 12:58:54
أضحكتني,0.34433564632255453,0.6652619117062758,0.06070669097542203,0.8206289316528773,0.7232824608274936,-0.3313555837395703,0.1174001712737115,0.5947323813384771,-0.37631678308322747,0.6715397333329703,0.5444558498360568,0.3545418011505783,0.8455684307002301,0.19511570370275144,0.46054953059494186,0.5561667683712597,0.8615899530407292,-0.3174685212931586,0.7377422399587268,0.5903271565579994,-0.03889415096566362,0.6519920572485773,0.540040892908681,0.48451750563518037,0.32878699437314196,0.1773688025198622,-0.40796632656707044,0.7174705531056846,0.752043677472697,-0.35160806312833826,0.07539951738140616,0.9658755138773721,0.46898829991547375,0.5545677673915222,0.8064327414412081,-0.46776249976885886,0.4946628713102611,0.22422604246800648,-0.3058452368375263,0.7349119064540351,0.9594914580650619,0.24613313677811055,0.3182084700091329,0.5499042508879085,0.21195800622209893,0.4703883692752029,0.35563899256612785,0.4906385670507255,0.5542029533626834,0.4177612946577949,0.15203883969533016,0.1015073582303665,0.8891267843645159,-0.34483262818355165,0.26365350323921666,0.35525086576579146,-0.21755557452169572,0.44548885237515157,0.26721184771083384,0.4851362372380388,0.0853530603616407,0.8788420544334997,-0.49753731618652197,2025-12-13 12:58:54
أضحكتني,0.21689862037648122,0.8515967713329602,-0.4904354794772232,0.18330494958645416,0.2577857947385107,-0.36031495656972234,0.7748886916406801,0.0786511314691064,0.03974557002131052,0.6477496836799167,0.2225305742562499,0.30325051078053644,0.5270798965446429,0.18667269752918747,0.01738334525876173,0.05993763074345426,0.18837865138789567,0.26864089704591143,0.03039822163162431,0.32065766768340265,0.1746210792001055,0.5035617223401274,0.16953382380410742,-0.44689422231777776,0.04738397718707521,0.9995372873472539,0.3005362154378688,0.3666765599062012,0.9360316619794693,0.28407816584120793,0.8368399705086417,0.4346303978734529,0.11129218012800024,0.7269955593182904,0.17626895931395703,0.3366977220292149,0.09298585191336872,0.6602202167873573,0.19015708356890992,0.7707244752696499,0.05215163472941109,0.22916512961315583,0.3059547580222546,0.12079991505055154,-0.13288139432283574,0.3236792886166817,0.27412057647928967,0.4988028371128228,0.6474246065116689,0.24907005938975624,0.011481865600880825,0.3889861837118367,0.33202406753849434,0.39272886566129594,0.9958848767154868,0.9424950112639564,0.2098023949921004,0.45794884960355986,0.08127590824928743,-0.12239232768476804,0.6940870277690151,0.8765141697581559,0.46670158356875924,2025-12-13 12:58:54
أضحكتني,0.020798942380712226,0.28782152558254925,0.3242108141914035,0.5121947472513068,0.7901111094420502,-0.08724104741477623,0.8335785951457347,0.8607882196166328,-0.37682204143338016,0.9756164723880214,0.5328298083174184,-0.09072376308921082,0.14863237683155928,0.314655988181085,-0.2818249383833801,0.5545434965494416,0.5498363605466288,0.2408078785318417,0.49635888694039265,0.37889966742049075,-0.20596603161590388,0.8781744252644389,0.20893789242918603,-0.03240652425995305,0.7796591685876609,0.7450450473858761,-0.3448521752495408,0.9772497381901174,0.343401116489119,-0.1072300201997457,0.4119036126105189,0.9207726551746696,0.3506607250473742,0.621565535656565,0.3964412241491594,0.009341270724596562,0.907134583461856,0.1630667192890901,-0.13818397736685895,0.06628042834074066,0.1818612808230956,0.3080003474981823,0.3651508911750322,0.7233801476477003,-0.3802294719064053,0.3709397270871376,0.12810683767144437,-0.12914806605567675,0.27432886942521817,0.29807566775509353,-0.4290467095350833,0.07702595094301545,0.17095792027030166,0.20504422531538513,0.20178490517823255,0.4542428706565643,0.08548505771265602,0.34621473475556375,0.5124735821262665,-0.30716726605910394,0.4512664336978859,0.03195690629477277,-0.44607551817552804,2025-12-13 12:58:54
أضحكتني,0.2678842239894277,0.8988809041932727,-0.09361811640429374,0.8304613084315753,0.3947738350518557,-0.12119145642263829,0.6722351608348398,0.5103338215552807,0.18478405976770995,0.9410751287120517,0.5790835865345779,-0.06931826933743457,0.4031087561626294,0.1355650456420998,-0.07233238099091155,0.7344555199946603,0.39998469430636274,-0.22708130686061034,0.9815612339315385,0.5658443050982055,0.3019963762679637,0.8600765235050265,0.6583191807523511,-0.4615710637444047,0.39774351624214854,0.5361588546908761,-0.45174794208288416,0.6054655681805707,0.30939898450694703,0.29020120259954296,0.40319026041079975,0.7690581752694274,0.4434429510061041,0.04224818032303346,0.5802880371198138,0.2646298667961635,0.027059867542592597,0.5011249745739829,-0.039483239649205526,0.9662752536132672,0.8629558159501172,0.012173470727814828,0.4765094680654931,0.5583768719047694,-0.2188718103985059,0.43368364393174885,0.5758614932601488,-0.10524176761253246,0.177426008126378,0.64921564517353,0.40356936317401904,0.09301115783297809,0.7022094518245922,-0.44658193058719864,0.46077505761445725,0.10649750938876323,0.3641128559970369,0.2281007541969049,0.13302405883667878,-0.3768466835984573,0.15417897348409682,0.8833807949491033,-0.2312083376633567,2025-12-13 12:58:54
أضحكتني,0.7878818788906542,0.14110563082541494,0.3887946484795458,0.8154640154107825,0.21074102159614216,0.43661565195892305,0.6398142931363529,0.4766879212296423,0.29980244014034696,0.3012892102886421,0.9411718790060718,0.3382107597767141,0.31953131084317776,0.5139171761972072,-0.4281527856874118,0.6354337250874023,0.9249865318068905,0.39976060815341263,0.9216108443777349,0.966399077703995,-0.2288831408842098,0.9111534456196531,0.46057317100471384,0.31629117494815595,0.43125777958052547,0.47751812768090696,0.4964524601179924,0.44603277106148687,0.30230735755706584,-0.10133850817553625,0.5015128410216566,0.7153150832828523,0.4625018780355078,0.904801413248153,0.6909955439673908,0.4776269134607086,0.2595555976857301,0.2543614703970012,-0.0063366296250413345,0.2539792374569896,0.7866859879884157,0.15915436116098014,0.7370832215109359,0.4996946437811367,0.1894176910343054,0.5951218294274658,0.8843418411302146,0.019303195011010743,0.2261950313098562,0.2939995350536727,0.2450941589000346,0.2877717477229721,0.5369627545262025,-0.1082866846683268,0.6551547742128235,0.590978767631233,-0.07070096136011261,0.8520418947884075,0.02044002760600161,-0.4951205163665674,0.1318826632453305,0.8627548342964371,-0.4595147800421605,2025-12-13 12:58:54
أضحكتني,0.054841814538664324,0.8922772206392342,0.4762438248899533,0.7579627938798944,0.22746329404068655,-0.22169674151963514,0.5110618740074092,0.9328314534296835,0.3983673087885493,0.8152915267827487,0.9566543223307105,-0.0938274500173717,0.9739751486184041,0.5582372195330562,0.49101381071638595,0.1552506276906036,0.9514578893187855,-0.23150248678757135,0.6578987323309612,0.04699106271933284,0.39688628048635044,0.23008365318043944,0.700313969118689,-0.3166135443898266,0.07430984219307979,0.25683274618424723,0.3234869292775696,0.31071194054969986,0.7477123647174702,-0.14774121455929823,0.4772295696935285,0.4364447363405001,0.18687852535662786,0.7719593729931516,0.455755379342929,0.024945373395179327,0.14093309007656174,0.9624105660886317,-0.26384223927044825,0.9736532494014485,0.8174106251846576,0.01236918682953092,0.04757737271507212,0.410464178550182,0.14657683799957555,0.3312164031387148,0.49203232255543294,0.21674339505780682,0.5345923800894167,0.004765208755466932,0.05846343888577521,0.055548019176331453,0.4360709480360222,0.4113938739065168,0.7511471610801405,0.49858719067551294,0.10022545443637587,0.02951575170187526,0.11484125588522576,-0.405518302725251,0.490875562039204,0.17802242955537062,-0.23498503709593987,2025-12-13 12:58:54
أضحكتني,0.6131219718009093,0.7233673991062836,0.1059488936313,0.6626099347873785,0.5052433130788537,-0.07796254826311177,0.09260587505599516,0.9311153181489361,-0.35961276210799786,0.12211584757514016,0.6600097463971583,0.22631461292819932,0.5714299086280359,0.4781641559028281,0.3650854740120485,0.024289969947260626,0.19019911653817623,-0.3222313600074612,0.24511694439601728,0.34002984929899305,0.08175781958441553,0.3949310294453382,0.8843437535358754,0.2133490691353115,0.29130814788719217,0.5626056096100369,0.346577977836687,0.27450114520875424,0.9401736840842376,0.2593324682238529,0.7865930825947324,0.4121806732287272,-0.48982484212308164,0.5545479961648948,0.08304569364520997,0.4941402675826212,0.36491680339809773,0.30743439219305224,-0.08716747855498674,0.020283260369602818,0.9974542304015016,-0.19291783188793443,0.6907019645604493,0.17231566253294006,-0.3479183885675474,0.3245795056261299,0.21051582042317263,0.34914988347906106,0.13867299576194414,0.34387542374145785,-0.22269235187660463,0.1456541685997499,0.06505688261306775,0.053334565939793244,0.20151170186829048,0.2608291356011926,-0.2632542500347802,0.27143838795779895,0.7530825195823996,-0.27851816004103835,0.038086697987266604,0.9565634338395606,-0.2001678450799661,2025-12-13 12:58:54
أضحكتني,0.6274272239139508,0.8096610326131977,0.207839365055133,0.8149949581996819,0.27606220607970655,-0.4825257152534719,0.3678297086947191,0.5940326606448579,0.4247766536837452,0.08992073228036779,0.4295037672251486,0.38906640844695073,0.01655754682905175,0.10649421873151921,-0.22638345614118582,0.7502325207628566,0.9683613651383224,-0.30055868930199536,0.7555469260982872,0.20551321870401673,-0.27629158963786526,0.7469667770845669,0.7083839321015072,0.48434112762377424,0.6838815764500928,0.12720106570282808,-0.2108005894417968,0.9815724747313108,0.1880862343899894,-0.4277526229735229,0.3088621602209689,0.2055509795577649,0.35278628632815057,0.5801942690941267,0.3778918788660124,0.18314207807389415,0.05285243698702591,0.7170328829513938,-0.3546737354560068,0.48361925925198457,0.5540625063126593,-0.10544006019006591,0.44000463205024865,0.18137267788642408,-0.11504514054648052,0.7165476884698238,0.9917943797218185,-0.41871192804108726,0.39634321013120943,0.6498360028442419,0.4410521093343196,0.3833470100141064,0.35504690823216334,0.3339977288364484,0.5913641494427913,0.04592159378592753,-0.2657718617334832,0.9504246226920484,0.24793410984534747,0.011476223861668577,0.7212231976771041,0.32764905367966124,0.03867008323699872,2025-12-13 12:58:54
سؤال,0.6780034602612942,0.0619989773580063,0.06981812766221973,0.03332469060737131,0.2991057867263336,-0.3891412477702427,0.6364485764545689,0.6359958371238866,-0.4000893909732841,0.7902611270791967,0.9678546670049532,-0.4050265292762649,0.6755695951987356,0.3097128932866273,-0.48289455951934435,0.7363588909723143,0.5770187093866032,0.37850738224414027,0.26252061433897367,0.8897505285363092,-0.19173029338399294,0.5282419505089648,0.22802087362993073,0.36333521368670574,0.5765187662640682,0.9380410684932254,-0.10247221449841115,0.573643730104039,0.17617774253604535,-0.06845971196635714,0.20770704440073895,0.14861854317740553,-0.44595842282263,0.8165205895498003,0.8334785876245687,-0.19762168624966603,0.29997743679520783,0.9140159234334883,-0.26748671538042434,0.23821746012258627,0.7016238379547954,0.32039131482681105,0.45809204079258903,0.6651155185964588,-0.08718601101585344,0.7996825693710984,0.09300629384738224,0.005493267270188507,0.22661069971740078,0.4525512772812411,-0.2810829346706334,0.45927715593259266,0.4701634755263967,0.44238869607040787,0.018284741752122247,0.7326436501634357,-0.3881467752780796,0.6848975573279618,0.344490691947974,-0.339208909988142,0.44034939668285467,0.03345444998914504,0.26012652918741275,2025-12-13 12:58:54
سؤال,0.47791442858019084,0.5322042104473567,-0.040826511234554275,0.031629089900718665,0.3547750217327311,0.10732176453104081,0.4050896680176581,0.5842648956076074,0.2686939994901184,0.21608913922600048,0.9664079437816676,0.21102264270248172,0.7589374234505087,0.5076438757936562,-0.11632360899343297,0.8423460661604112,0.8214442854511779,0.498959915755668,0.13084978252572088,0.5502324990487254,-0.023596774994606773,0.7455593376893265,0.6061701243229619,-0.018269599774867196,0.10889161069705344,0.04591760094243835,-0.2630202527967068,0.02898003878291655,0.9853044976353827,-0.39190734267562244,0.6057511753042905,0.5022027975233844,-0.08228328213025471,0.618822682010515,0.9344951945984489,-0.4096046448266849,0.16054712860952036,0.9414234802954428,0.06657032461001089,0.25227493936098955,0.09294617297967733,-0.28944924502330416,0.23655350891265792,0.2950557416533002,-0.36870559465908337,0.5805603665563581,0.34383293638429535,0.37411128494914647,0.1010978974472656,0.2276290504073979,-0.33349751960778606,0.5979489910848296,0.8853560745771708,0.3511337620075937,0.15898483245390882,0.855158887587795,0.18403751265528723,0.748777965434435,0.3185867183511426,-0.13892639895912184,0.6777498583255267,0.09347385744535508,-0.0021921083220408644,2025-12-13 12:58:54
سؤال,0.3631837583695945,0.23807995574445262,0.07356066453577736,0.7589030502062714,0.3966590963689367,0.08410474453090133,0.132052413870545,0.9580853964789845,0.2041963217218007,0.7878804388438173,0.13129961758753883,-0.23239431658751486,0.8819134740126775,0.21590000698530165,-0.39513888578996414,0.8070104246326337,0.5746512147705066,0.1709799348103116,0.5750741158513922,0.2124241412533554,0.2130298552515837,0.6854515495413195,0.6344184453751391,0.39611766357460576,0.50463856141958,0.4683538395242335,0.4711757836949343,0.056054371501432,0.8087221000561843,0.36608054025577175,0.3503086705412264,0.2394845106603365,0.47061721560188463,0.9224446117525671,0.21134805316392757,0.2857963096054732,0.9551459387651607,0.041898772373469284,0.10984564071746616,0.3158570289841184,0.6485131917373007,-0.20272942796432314,0.021770614930915255,0.5777861596605977,-0.184810610833972,0.4598775235584197,0.0987015857641369,0.3418465183158792,0.18196873294741922,0.6637323378177516,-0.3389868378364783,0.5435781809707966,0.9347304951970309,-0.19834662144473214,0.2863090108303272,0.3130853024693755,0.4977711094674243,0.2616923370397193,0.45457487748585523,0.49126637349050395,0.4007812808512756,0.8449212674889205,0.3553585300190223,2025-12-13 12:58:54
سؤال,0.7433176405944419,0.330869618316346,-0.3398508878749189,0.827116868736235,0.7295199324474411,0.4172708176392731,0.318084771721723,0.873939098687379,0.3030714064255161,0.8094450947840884,0.22314707867297967,0.43783673082917096,0.06515730362624395,0.3742750423706238,-0.4767817366949936,0.1822819328470624,0.31267361363091484,-0.28854026886203465,0.5743969932889832,0.13588047883984178,-0.3460930739967989,0.46782202298973297,0.7411938128655033,0.23994986514034355,0.10002063710229925,0.691161661491165,0.391524873854898,0.40757989772599235,0.41734641844415976,-0.24362966553855703,0.7067136348442853,0.7393736398859085,0.2110337797637052,0.4915300005957627,0.9659728777356023,0.03184539974147027,0.4837553617504071,0.18518767578639783,0.16940780137078393,0.3360376829297398,0.3474736118604208,0.4463156545522098,0.7354508472801334,0.46578899832267295,-0.25270059274155143,0.5958132557227365,0.9927901353522587,-0.33515676736625466,0.11107104110325461,0.9864648340613009,-0.44517103869758523,0.4103546442908289,0.07157819415201738,-0.07635010183704838,0.5025623972756679,0.3166863462234404,0.2414234326146223,0.5487880424744266,0.39354487932581517,-0.19474816085367808,0.6926088427132571,0.3461840476772452,0.3933828346050582,2025-12-13 12:58:54
سؤال,0.20569116953229227,0.5641849424967511,0.41774494093640413,0.9783840969817084,0.8186728864156136,0.016068359318326175,0.03399779858256369,0.026756237111322023,-0.42261187723992255,0.08196183091383524,0.9179294166633671,0.05028907587963094,0.4863417031080718,0.6612195055387515,-0.35703187240321854,0.3188683019857578,0.9137796762932157,-0.10482467810994855,0.5733692785663603,0.050107122346190414,-0.027591068513775796,0.19092296111189822,0.6302824320375146,0.014850274037232714,0.26575625398906755,0.4534239954040039,0.30286682513778596,0.8781870722360113,0.34903416720435076,-0.49807891281587846,0.7924763770025081,0.12317844325138372,-0.2047544379913666,0.014045951147500735,0.40408015932520147,0.36231470754121764,0.04154871088559797,0.6587779821965094,-0.4057782635487778,0.9093197087329572,0.052504378814451025,0.05937040850783737,0.6343893164794177,0.1860144090378092,0.3644393138697605,0.7785542542223404,0.09265036041949448,0.42070967545722393,0.49678737641544535,0.6835297553627633,-0.24982619181032018,0.0332839477066611,0.728773295027916,-0.28830969677889706,0.20135585002277645,0.21646247264291496,-0.2744020367846908,0.3939924498331753,0.9791871735497764,-0.12195037773487527,0.2657153391739814,0.3802914782127408,-0.17212782407452032,2025-12-13 12:58:54
سؤال,0.7282629619183857,0.6142365832434866,-0.33185318497411165,0.003986164704027573,0.08073401283601112,0.08005609760672794,0.5713936402605595,0.48241902709602236,-0.28757381653212255,0.6025477043418763,0.5177861360623549,0.4365327408097148,0.1854027098217914,0.682440993425164,-0.4397741272959169,0.5774051420042344,0.627449506779186,0.1958329378091308,0.508142277311195,0.7011513499008288,-0.3614537795534577,0.6350432657996975,0.40222583658706246,-0.498861408197234,0.6401353232829515,0.3994056262930151,0.05591327485745534,0.18212341123240183,0.7378358290015489,0.4858215468341106,0.5208939571217294,0.19174773914985033,0.2119310540770042,0.26774704338584254,0.192720823208277,0.26417791935146306,0.9498008925563418,0.3233655168506606,-0.2925536460964129,0.3533588620467407,0.8293456116050746,-0.131660859781634,0.3362013208739545,0.4830208560683087,-0.20464136357780882,0.8522757171379637,0.09909401208748547,-0.1982050058986662,0.7541797848783511,0.8123181516036116,0.1552422150913585,0.7180850749806524,0.094151095903665,-0.21414809956529723,0.2628018116611386,0.1433771064114392,-0.23751020520587485,0.33592892280175435,0.18923944248394986,0.14469226714291628,0.50957332168629,0.7053296279250628,-0.39191193937818347,2025-12-13 12:58:54
سؤال,0.3688142440782616,0.27367226417195867,-0.07047640626582408,0.7519539886692324,0.7666824020305515,0.2587711707668737,0.19967014317126408,0.6761010314719886,0.13256436737081434,0.7225219703518289,0.15799936396704273,0.3294195235932589,0.8406087969444459,0.62383906432151,0.22108353412953397,0.07898804879286125,0.17653531678271783,-0.46448599620706577,0.6322386616973354,0.7454506189606368,0.3911894006029899,0.45550989215794657,0.2543467350008717,-0.46152315917603925,0.32231196630214753,0.7828025738556792,-0.08645128641961508,0.5405037221315534,0.7723378160462563,-0.1298102806510878,0.02510449003877202,0.7130967764161938,0.18370170969968702,0.15086829122083145,0.4301270758483282,-0.04388774202566392,0.8936611905513796,0.31726499283308895,0.1572981622278854,0.07640080968656937,0.7697098718755551,0.09404559988233863,0.7311435515562426,0.4127867047074911,-0.126647643046209,0.8209329131998869,0.8679168706899139,0.024178621770061137,0.9137318561939087,0.4818930488790697,-0.3735253233079331,0.6683800600757218,0.5387571727840331,-0.3613200205969638,0.11361740032935486,0.8510476472998881,0.14361939671531077,0.4821472830591622,0.7767194797940202,-0.34458540347677946,0.08386342675559144,0.895323275806656,0.045297783564149374,2025-12-13 12:58:54
سؤال,0.23935096900047848,0.047355825578166644,-0.3733091235911452,0.35713422761682523,0.22380928435927838,0.18086867155065844,0.1645513849524669,0.7782264893720292,0.3589382365853059,0.5367737730534913,0.5771040093214859,-0.32797795749802894,0.986475377187299,0.8624654009488859,0.21774795565144567,0.7031102800779758,0.3943679565671194,0.1283626839303924,0.2693870009266487,0.6497786520307252,0.014928410978910178,0.38546758585167007,0.6333608688858134,-0.22204819789116048,0.7521679081599051,0.1594506013013649,0.062063690830264084,0.8150607995851676,0.6835448185180047,0.30386189045449197,0.5695269241855174,0.997350476797076,-0.28272769514154794,0.9931727149368899,0.14489413969288634,-0.2530035111614537,0.22768047081857667,0.887823222705325,-0.4271883873034783,0.21995105670772774,0.6376742197064142,-0.12516637888347903,0.47776702259663995,0.011508333130503812,0.017779597301203265,0.2095372675155288,0.7339677207554146,-0.28778212447358187,0.31207776766298,0.3566932744032577,-0.2961084684962253,0.6483567211751334,0.690712161370652,0.372759203665191,0.36034212014140654,0.5924194119287003,0.20030542233430837,0.7258127638622827,0.017517200138955524,0.009057902529576833,0.006144764499420141,0.15685509571928302,0.09667940425196186,2025-12-13 12:58:54
سؤال,0.7304314520953736,0.5137198158899818,-0.3782077414435152,0.5543390943205722,0.32576099789322777,0.26660796649271823,0.8730088169801047,0.7507072967841207,0.19574047206860656,0.07834154015338601,0.37713789941169507,0.030856185670457892,0.7276644550093032,0.7779405266497459,0.46504411048311445,0.06637099520590639,0.47091402813091954,-0.3371550104721708,0.7215330322089429,0.022247964540603404,0.3617014120174712,0.05417853973004516,0.5941505831474042,-0.09816839145721112,0.6903227273347219,0.2579961877878495,-0.34174119063635156,0.8815559277292694,0.541382817636123,0.1383656114350028,0.9944707313377043,0.5732802576970787,0.22669736680107877,0.6116491477663503,0.5408487275844855,0.48697210730582796,0.9694832230112426,0.9539092324228629,-0.20400290356505457,0.29800008029559877,0.5602947837006862,0.11349140776951083,0.48612590012244616,0.8244697059596625,-0.09483709980358934,0.5639991873572093,0.42222018040719234,0.3892566823055289,0.8510034817005967,0.55802594201933,0.18306751426538503,0.7593343954673382,0.12149299657553891,-0.1308108845427567,0.25134656454748705,0.2909448844105459,-0.21955941829306702,0.3525486590652761,0.05937437587959793,0.03130343107362221,0.05713664785345296,0.7589221603936541,-0.07364884594421606,2025-12-13 12:58:54
سؤال,0.33683910638043046,0.6813256504519453,-0.3114752562711397,0.9120236018769396,0.7541725691607779,0.059681897707009046,0.877808553946986,0.09057038544325224,-0.2431057813540427,0.5167196941183436,0.6841401191060047,0.26037243764793805,0.06822820595698043,0.2775510711586976,0.2778244039482065,0.9685567203836777,0.7328704383238651,0.4946254545006922,0.5251181618244432,0.6978810929017016,0.18743073384228304,0.7336199503251271,0.2655047324229993,-0.32649669622300037,0.6288630408122303,0.7108267141149045,-0.04203188463337726,0.6462721303726238,0.008870020594422656,0.49099311508871213,0.22200535382630082,0.5304892818110052,-0.17667129866208764,0.150789720907881,0.9273054203062564,-0.4726328361834313,0.9028388105817747,0.9512450760514369,-0.03088168630038446,0.6376051014572323,0.030296599569630267,-0.32905405520958475,0.09723801621896977,0.8936721385334035,-0.35397935639884404,0.09643728542305441,0.7673082464324159,0.3460131590673633,0.4216970329885972,0.04875529074085505,0.3813851146465381,0.8231509775793107,0.8520159891648017,0.2444602863218912,0.16540212649521557,0.5500607132797275,-0.3189329135860398,0.24409785448770482,0.7987111715212497,-0.29258868464182164,0.43611260530628315,0.9750501674614639,-0.3772186519868893,2025-12-13 12:58:54
اقتباس,0.3524813450555324,0.9585397762166223,-0.08405010712420824,0.9600063926535538,0.09058012322920506,0.16212483388891585,0.8283125618105294,0.5639505483965748,-0.46350777818761635,0.4503337114082743,0.6298687020649365,-0.14130540779324952,0.0020896876598274217,0.8757591454267244,-0.28592468180162567,0.7176973032110474,0.39757556217008905,0.2971130459375799,0.5870361764503641,0.288708268709296,-0.4508245960064142,0.45043203349076866,0.6393206949268363,0.20123080770407809,0.057665257668049974,0.2816552652457146,-0.37477425939888376,0.2881756397667039,0.4852370771797453,0.1489597019639195,0.48304062702251327,0.2675655493243789,0.17859389930234804,0.7144991412073926,0.14522284392289897,-0.06796649676788058,0.15302692014056873,0.20635239731948019,-0.1593248338538764,0.7341639247803449,0.6825785313472853,-0.19442532374567167,0.3568276456061531,0.1334300861161848,0.04240406671690489,0.4764525903148117,0.11470478181061061,-0.349286281594684,0.8848450224992406,0.3232368203343853,0.14670034847750058,0.945159905663318,0.8739686009205461,-0.021098787968723887,0.9026053774516847,0.30048670927155374,0.18100005189650492,0.881146002315326,0.28900494392689036,0.03696226841455974,0.527952048548859,0.9911451290843263,0.055236442353766124,2025-12-13 12:58:54
اقتباس,0.1910339275404681,0.8866763482572393,0.38117547007675057,0.0017471849415769958,0.9065134250806032,-0.1442603736405984,0.1165852986943875,0.6741402856014608,-0.45347549371234586,0.164205245318911,0.27000587154406486,0.1777143217979884,0.3724422272924739,0.11889599180527843,0.3818620082797728,0.911849603832841,0.3767917856849923,0.05226298633743609,0.3420700543985632,0.35373207016610864,0.2322045151200638,0.9029840409674905,0.5185199586839488,0.20161979456336498,0.7690808631085135,0.972493803153373,-0.2941494259092273,0.7172907296189525,0.22077183910681852,0.36252193019743983,0.875831704032485,0.1874228546613177,-0.45337004720589935,0.22861563122366613,0.26532396869464836,0.18856658133020532,0.6798464833332588,0.4991094050171312,-0.1309762911834319,0.12751824570048542,0.5003245897224943,-0.34156850382085646,0.0577345253379179,0.1312241858661124,0.17186541181423654,0.9441861747480371,0.11835904531240393,0.2330871529495263,0.02891004538370401,0.23732023441216044,-0.3054253592617038,0.036874701465787196,0.2711886334405498,-0.09408334162814203,0.15359743000256298,0.45301435911412247,0.04044119460774653,0.22107195950343272,0.44499860526274637,-0.2405937484038856,0.8343930494071053,0.36640957970883503,-0.1382242055256785,2025-12-13 12:58:54
اقتباس,0.6424968314347633,0.7560707588323329,-0.31985973239315724,0.5218198866997885,0.023962660192630048,-0.15979003118221724,0.8693004996302254,0.19968778949992894,-0.14612311196877703,0.48670092956735755,0.5546871201281264,0.4804272338517457,0.3288316591615197,0.6770413124531686,0.4256927138554366,0.2825126741568924,0.5560798111388638,-0.45122830178609574,0.17263972701439856,0.7749040011888577,-0.31759094108132235,0.20042224290227484,0.42898502336597155,-0.3185456670974439,0.4743362534100999,0.4225258308542823,-0.2014232065804853,0.5184850519572326,0.011196558598589479,0.37438248230310867,0.31896144701216345,0.5240971226202493,-0.45307243257645313,0.4482269861957723,0.5464165149392017,0.2777376094397218,0.9453557778949904,0.31479765890117517,-0.3118948563818902,0.047894650374614156,0.4988395374273894,-0.437076725949029,0.5075176237694276,0.3088555647991592,0.2123936770593028,0.714132917970471,0.7195532139199814,-0.18814931282886116,0.6535815883381352,0.6779352930910458,-0.14631828340375574,0.4519970210292208,0.11859300841237452,0.06564982923211393,0.22116817633949137,0.3493922714112767,-0.458814711157854,0.02005073845269556,0.7108578406289805,-0.10609017857083813,0.389724533509868,0.9125229759806219,0.1913248390340624,2025-12-13 12:58:54
اقتباس,0.263084712038525,0.6041108374177757,0.3235493149630848,0.47955776055113,0.44720910634508304,-0.4223249075450134,0.46920476359853647,0.4358077269521695,-0.29491837110167596,0.7930586103349658,0.7039245132584596,0.49504940195214053,0.20587476045518693,0.9042333369245555,-0.1707165591333054,0.03125582965367457,0.5685794943488699,0.3691457755819788,0.8530428758621065,0.5602991250214295,-0.45990977642833464,0.8508051656737317,0.1344409312134598,0.018405501430109106,0.12366152873945191,0.3706106213120497,-0.48123537480622314,0.5184255294203217,0.8030035507878949,-0.3832726622060706,0.17057668486622446,0.08963005645634647,-0.30513207372385975,0.8617065701210663,0.9865818903898804,-0.29579598709809574,0.26543694109318916,0.2627808093999783,-0.20557963966812776,0.22720708384070698,0.8437576876740719,0.34470683638655286,0.26819591783974595,0.5978937980813521,0.24031213274962016,0.6931864820782271,0.08278296618828251,-0.17994693341693224,0.9047517844003629,0.7591158838780521,0.10335718517251435,0.33368932032373255,0.5492923502955893,-0.24068809308901384,0.221472446621912,0.18100371819967986,-0.4548383305898622,0.7877880891162108,0.19376444994408004,-0.24377747183751952,0.21360549752789482,0.5050368853489116,0.23052717774118392,2025-12-13 12:58:54
اقتباس,0.5186112976969125,0.08452083456338377,0.2165656238467204,0.1700430240581854,0.4479590479421771,0.19829689622827007,0.036023194749693066,0.5968049256137353,-0.3006742919692602,0.4136142728782851,0.14580082727429167,-0.052630485110449654,0.03137416610564714,0.4478545051357504,-0.4681049102709779,0.8585302650186943,0.4959744789884758,-0.45665149026799257,0.5281775681060042,0.6606264499010299,0.31731910203577984,0.2230842635072695,0.6003146764598255,0.38531633438717905,0.6405517461974107,0.5016363119569285,-0.13910471954773584,0.7314837092242313,0.5689126152343436,-0.18970915393022947,0.7076832542315997,0.8819539235451908,0.0495910746407503,0.18768354867325,0.8786111487139514,-0.3855790045757975,0.0799202011000445,0.7301339329385235,-0.3858864628573453,0.9646349179889264,0.8800282573042449,0.46299206774971813,0.1898054531198241,0.9444386749876916,0.4135500385138935,0.751733614517434,0.8567001761410499,0.3030460017869693,0.12040128644762593,0.17698216113741017,-0.2746892859593023,0.5651742804891817,0.7045833017532216,0.4932264630284068,0.13430461477096933,0.804375996358268,0.42369114530307894,0.859911875078073,0.6512637264960727,0.311281891804313,0.44751627402167105,0.012158556624277894,-0.23575670310491414,2025-12-13 12:58:54
اقتباس,0.8201099406966554,0.980312475340842,-0.3258163817831955,0.8086247668380774,0.15944665857865192,0.23806316533682637,0.3421513181712964,0.4499681062717178,0.20985511806786294,0.21368319907498678,0.623687157065113,0.4844250783406423,0.15100488784601984,0.028770230821898002,-0.40877148911308847,0.40048508518372516,0.7063784587835675,-0.1565575325249322,0.11406247321397556,0.3115077336949369,-0.23529963181409497,0.02463095657416059,0.6243319464179644,0.34550917336622666,0.9038797816975263,0.22436385068183173,-0.24553973229686665,0.9210076119848197,0.29485958661588496,0.39274271092271495,0.5301706630147149,0.05632366901582175,0.24986890312149623,0.6619287947719364,0.21056253297030703,-0.24973781852932464,0.18864486635457356,0.34460337416422115,-0.46753784248246755,0.68745580148083,0.3446725240383147,-0.1984869740219719,0.6397863861940734,0.879571549355697,0.06051562962545942,0.13995660302088353,0.32714996801224316,-0.4314644168604569,0.057626122821482606,0.07339941995918908,-0.3194911543268715,0.043519552968539044,0.29493711945835255,-0.17807679938065557,0.023910943777575522,0.06741995584921723,-0.3810323782227195,0.65396680540631,0.6293523786428248,-0.446013223789141,0.7498027161196403,0.8486226410805267,-0.4828572439540241,2025-12-13 12:58:54
اقتباس,0.8297574823376013,0.9865960552369325,0.2677836978079229,0.4847679121725147,0.6746542438695337,0.04278989857652271,0.906723325850429,0.3592569422131321,0.03535487967498041,0.7641888959111451,0.014574286561073402,-0.2152913388707457,0.4454869097637616,0.22282041213836634,-0.07927897268783946,0.24049426774160898,0.8643633735420704,-0.11597794183795762,0.36179043284611245,0.9086440927906417,-0.18936760575061173,0.8728726133265093,0.0025566059516403117,-0.025338600601386374,0.07829991377338308,0.9901850994209381,-0.03167599791953113,0.1356185026176311,0.46754735723001495,-0.4370382129141025,0.12520368563831064,0.553981937672838,-0.06705284770494102,0.19677041064960532,0.7949279461105566,0.1681980366209611,0.2485910168606641,0.777171948154553,-0.09785553565743443,0.7828623249810693,0.3561765729060721,-0.420249164018345,0.15863816342616344,0.6704906733074889,0.2538841888470882,0.9381034070166862,0.838294324679522,0.4918690114322086,0.6003213531155134,0.6103747114886516,0.10290677129236536,0.4388997091439273,0.3600115878630772,0.25528883475701547,0.9273502312793548,0.2281846584609647,0.0007026605809486997,0.4052292112948016,0.7338563948519438,0.33187903401961705,0.8997799354266542,0.534429812332529,-0.23575530024581492,2025-12-13 12:58:54
اقتباس,0.4747336227820558,0.278074068845092,0.45010416675829346,0.482715851528856,0.2283585834468549,0.23388277694954596,0.5983154748716722,0.8425556256419983,0.45163471902082086,0.9151064992358928,0.27811396161635205,0.1899027024894372,0.8565726522692275,0.0869369334698955,0.19736256186185464,0.09196535859619948,0.3198392750976705,-0.3322527544265318,0.8404600913417257,0.6556708902623123,-0.29018524615893404,0.9741136762471545,0.20236301806574664,-0.19019253217441234,0.5661535977145196,0.5247729310316728,0.3963351880659901,0.488833237285645,0.4036217980638659,-0.1980675035584597,0.8148177882825646,0.10953281051106534,0.018231507947154113,0.6335009749652174,0.721720331744868,-0.04104322220817391,0.3282999722716965,0.6188101975569987,-0.06682082675755241,0.09981155050242574,0.3361480303723735,0.3647884770716796,0.9736185504235113,0.8037357090422893,-0.08917653728030872,0.4145032929718738,0.19936039089626356,0.4539564761345849,0.8876604185962798,0.3101632939379727,-0.32380671519126447,0.8085583827536157,0.8958476381221582,-0.4022575105204468,0.488949204987135,0.268761235480086,-0.1900572877398613,0.17172983334474157,0.31528943381450547,-0.12705485664385419,0.019382766165623844,0.37490359296686604,-0.2766614246713144,2025-12-13 12:58:54
اقتباس,0.7927380546156291,0.10296460192280754,-0.35062895798107296,0.5290838412663649,0.11439746207554036,0.36350177435519415,0.3418318513620048,0.7806320552910114,0.4100351872902449,0.2529129071495072,0.8508614332707221,-0.4357917292655763,0.4317583334216323,0.9983089620537,0.24483013840899948,0.3271851732571608,0.6652203160714493,0.011315704954939276,0.9363660252956229,0.09538195216334822,-0.09598511033562507,0.2585312213740255,0.5925449900970248,-0.27245069069548034,0.3167745268533566,0.0269320289097561,0.21646630115101773,0.1573028226314115,0.35526583599089534,0.18606930363559937,0.2889736563254478,0.5196500068943049,0.4992607016825348,0.4864274361166756,0.3120101272536371,-0.07430570694581162,0.7232240112863093,0.9189563156303444,0.008573716786848484,0.6733914484071715,0.49176169996492436,-0.033424571347607235,0.7440904659538602,0.5696189831834065,0.47434234573958056,0.6660862609002276,0.7029970020706315,0.21084606279722884,0.2690104055604988,0.23993455573862044,-0.20416679121129577,0.9263841216507281,0.14729913158868724,0.24737809137578914,0.3952772518710843,0.19953957514617893,0.03353660681825055,0.3038506033250603,0.1162407628751525,-0.016870154768106826,0.44588534998845974,0.8049818064503872,0.1807934204314664,2025-12-13 12:58:54
اقتباس,0.34788209081587085,0.9968889198648013,-0.25231608063033595,0.5227277162067161,0.6805331401852627,-0.013568978887336769,0.42729318343791856,0.6059381044050007,-0.2806891589402972,0.9755943949911804,0.391731444969032,0.2840382421708558,0.4180517844206477,0.7759797010340731,-0.22855260887620232,0.8965310943195036,0.9561711108370645,-0.14635495554214084,0.7384298241053573,0.11336585511966535,0.2338417721170981,0.3237768110517598,0.996284554857943,0.34998666726099115,0.3488971980846214,0.06994225814107824,0.43158570277048347,0.3380968042943887,0.3413875826802898,-0.25066976216768,0.12924241618797794,0.07518378146326377,-0.04937502803322724,0.5973408106920512,0.21975832037676257,-0.35544537318523517,0.6818694551603648,0.22175020824722014,-0.18643554147542518,0.06758813892251248,0.6518623926864683,0.08039945823834149,0.6881128315395154,0.8866820162028209,0.35629458884336496,0.7130980905444262,0.44940968241015045,0.16946461637653742,0.9563171454929029,0.17602841409168501,-0.421616580122246,0.07544751683519402,0.14205099137833876,0.2497282168465813,0.432890402049553,0.9172567672220081,0.364035012280419,0.4211151012611666,0.033030414429552124,-0.44666634334099964,0.7440438924377336,0.42767255034992757,-0.014195878292326047,2025-12-13 12:58:54
هذا_رهيب,0.16345453471715465,0.9649515036129283,0.13887197990212707,0.9135303313585713,0.6508048722696138,-0.4324963205892426,0.6381216012865271,0.18028638224492677,-0.0951842369177257,0.004106918893534539,0.6411012670626256,-0.13362601016564246,0.5615510431065784,0.09008815197184583,0.024944982475075594,0.3332294948059419,0.7256775894030798,-0.3093603030427624,0.7310102739058677,0.679071689880073,0.2200646617325852,0.7962748822443487,0.739070329575237,0.2401776988861245,0.22611184600106615,0.84351810357529,0.09901096299702539,0.6711772783511536,0.9606726241923342,-0.05705236997659924,0.4837785750696465,0.09908520259679965,-0.3006964915758453,0.9379321719468611,0.9763083712748144,0.19655141250731845,0.635211833690935,0.02360427550050781,-0.07239794213204143,0.4610458849326672,0.7589468099764756,-0.39685794687204634,0.1529818095144011,0.9697705523614006,0.3239333151596405,0.44912506058546486,0.09463020450009096,-0.13290776652327374,0.15979817813724384,0.2323195814527429,-0.28163087339267434,0.8573535059914058,0.22162167942207867,-0.11122594727078827,0.4923000310324023,0.4716722462288273,-0.012174279713128011,0.9984788482133793,0.3529859620751521,0.18958893879974648,0.4078496745464193,0.4311897791069098,0.39759197272379676,2025-12-13 12:58:54
هذا_رهيب,0.2473395462875877,0.9194623961425401,0.05265857845643651,0.15839493781413205,0.556064070538588,0.4682183577392116,0.5262345711407237,0.23069060288655396,-0.2743981096911424,0.727392967656101,0.981033723272629,0.0408653235237707,0.37624272001178194,0.8659680341496896,-0.2184014074653321,0.9340410348249443,0.6349429321019766,-0.024605224855018815,0.8814442400174336,0.08118578045540359,0.05029396332549707,0.45455372107309444,0.02432641821349968,0.4594806158559035,0.2900197212649194,0.724545829090888,0.03962010701327856,0.7375414563072115,0.15963762256435277,-0.005465549627874711,0.9209645423812638,0.8344769067959366,0.011616544946104201,0.9387657081495282,0.996327391189409,-0.23260929475405823,0.5239132871125448,0.0398698239664923,-0.33181264189478465,0.8379052946621488,0.7414764778611815,-0.4708770062520067,0.42322862131688177,0.43531756513887787,0.2405893210569806,0.3589328716884461,0.772221382093566,-0.1914416104223411,0.6306794485741976,0.012355424092512668,-0.2860802663386054,0.987392315004128,0.898882351616998,-0.4216609084852784,0.02568445441537537,0.2454363853000351,-0.34322122990127835,0.6784042928709234,0.010195521111220573,0.008317159990598122,0.7399039583736521,0.563859877628678,0.18276298797463042,2025-12-13 12:58:54
هذا_رهيب,0.39582364688776117,0.8660005114491846,0.2643674170246444,0.37036704535214615,0.04715896090549143,-0.1814476209725835,0.23408694816853093,0.9730200834881898,0.31783097442590524,0.9581033846854095,0.3724917741202025,0.26132555594749496,0.9455598207010016,0.27787438098799333,0.37145415969245266,0.8893095905787214,0.07135089343204448,-0.31682019567990205,0.49304584928522965,0.9509432063364153,-0.06115680656799738,0.9831230605843628,0.9496414652883091,0.20875898303783547,0.699984309844076,0.984306730358804,-0.025067507756160623,0.25721534388086276,0.5123412822325535,0.10623476674501786,0.9952866699809191,0.6162174605910901,-0.08144224379004139,0.5782578391732756,0.10131187034835365,-0.036618220602616325,0.43862531105672775,0.48762679172015133,0.4134940285250558,0.38161593196353794,0.9554677172511928,-0.04294170373023909,0.46767150526398227,0.32015796353549586,-0.4101207462086366,0.8625617543246606,0.6927820755006256,0.018761895712338883,0.9314094179013201,0.09241539755047679,-0.21991143719413064,0.21706447425562791,0.46451666463153984,0.08150389622384957,0.32117211507382026,0.27758521409995474,0.3198103122962124,0.899803140095167,0.21068062583104896,0.030168892624065857,0.22197716696254388,0.6201138116308452,-0.4097842779548849,2025-12-13 12:58:54
هذا_رهيب,0.994237070879189,0.9161329688120338,0.3770005613803201,0.4538874510200279,0.9079412627660941,0.018759500825709985,0.20172662427451016,0.3949450183194958,-0.34631109536999627,0.14093162040295582,0.8579052546344142,0.05681556858863901,0.6818061071940276,0.3010805491291695,0.2309168348324091,0.9621633245812967,0.2792470921741712,-0.007010758966550679,0.43086501393805343,0.09520025497948692,0.4537501908254268,0.41002590525095084,0.3416493548605135,-0.20664748961677715,0.8044606477267495,0.9998960204927791,-0.40119237046113276,0.7641791792177814,0.9265940652087248,0.16529737268664046,0.9415891780405208,0.31404177690710056,0.1975001161518094,0.760272047210469,0.7228590672526949,0.4015502078169093,0.05993833249566238,0.004306299094835597,0.17111114819143702,0.4759888196562534,0.9374302130036499,-0.16908837205691252,0.8706112910175642,0.2765049135690978,-0.34823414202799674,0.7079448045630982,0.8325608186361807,-0.40642984200744825,0.13588011542898537,0.8461983693038416,0.24812868909898822,0.8464901768146122,0.15056376161787843,-0.10127720365174653,0.5283019864678976,0.7737251282838811,0.4987226913398115,0.08598407724907875,0.3236801847333538,0.1278012420606457,0.36817564996479657,0.29752742802706555,0.2453068241093751,2025-12-13 12:58:54
هذا_رهيب,0.5271651454897222,0.5972333906021938,-0.4951273710795284,0.7675272493033075,0.4292363223892217,-0.4221468189131683,0.3107532742124718,0.009857430656626698,0.49924410374750583,0.9629532914946403,0.742283946618933,0.22218343502250215,0.5925816307932992,0.25754092472024515,0.19996550037016203,0.8515255932396619,0.8179957269396564,-0.2136909606961982,0.13550990788235873,0.035988911635810084,-0.19941376692391177,0.9373681915013244,0.08860163130901055,-0.07291428786849352,0.6225678878707216,0.9257488441292547,-0.11692558214998583,0.6105141193865968,0.5689120683260948,0.2088754193294411,0.6927785389122189,0.5532909675422505,0.12787408038350911,0.0023917975357728993,0.33726445234522495,-0.3844969945291432,0.6530364568508494,0.8691903967600584,0.267161053814005,0.09312805157901549,0.654309962175832,-0.27576578322394063,0.0597293988777281,0.29038134440214103,0.24875038101800873,0.36214667422069,0.3936249094474916,-0.02222131070804323,0.6779003431234776,0.9277861948726465,-0.4670603856407699,0.4815480216410345,0.21594697468438429,-0.38754733918204287,0.5441926736228512,0.22006487145714793,-0.02890974774319155,0.5504087575892023,0.6042639895359065,-0.39673664877999004,0.008027909944162803,0.5702738768280177,-0.1398401780571843,2025-12-13 12:58:54
هذا_رهيب,0.9564753031824279,0.33760815696961644,0.23084226271269992,0.45140413456489814,0.6705805279666995,0.21780460877011631,0.5098202833337425,0.5184693030765044,0.42321380394440833,0.020067934539025445,0.5057552634162591,-0.14529281485983114,0.41733656614798675,0.7697978795643874,0.16772698971339972,0.8738353833101417,0.520834983753388,-0.4326353458438804,0.06276874094741991,0.8971192495152313,0.20279643098939182,0.04841776217462013,0.699618144793756,0.1985884250544564,0.8310563508792024,0.5871975164979399,0.27403617746568665,0.2114954426444705,0.7928923821734055,0.020556739154875103,0.8070131369153928,0.9326788983952661,0.37939666552351714,0.09391775897911558,0.4944650619680967,-0.019707227848478115,0.37910515027128977,0.42501092240167526,0.3686108776472563,0.7663261023426635,0.5294227391521356,0.44408897057417407,0.020722335749098986,0.5342635310394964,0.2776476890775691,0.8564064011562174,0.7688979704752925,0.12656801869299228,0.40063193604976943,0.6752589861016478,0.2894246847619123,0.37732371321975455,0.18898326664253196,0.33231924074956354,0.8277740004368446,0.30627062771024105,-0.18677193119903446,0.06273048344197907,0.5353233146532441,-0.48218629078432895,0.9731367140601651,0.5843306837655063,0.12797823195467561,2025-12-13 12:58:54
هذا_رهيب,0.5457848794830142,0.3558610021649602,0.4732455077474983,0.517118430300624,0.9085427744015897,0.31319189177020157,0.13672166900380023,0.57052875879119,0.279242871236152,0.8431899827360149,0.14791090365813708,0.10886042335274304,0.7334836382392604,0.29343698786280126,-0.3186892031418872,0.15572416768448594,0.9685192208327889,-0.31477593414626026,0.5636602315612013,0.015564864740796547,0.4675819840695866,0.2885445620844984,0.6427116497817101,-0.32358299350949393,0.4897039273932101,0.5541991836210554,0.20819144640024834,0.35340659573624,0.14761504755388188,0.17032334259753124,0.5942172457072199,0.9459379823247156,0.16135130183161572,0.38137713242688664,0.728547248422738,-0.2777502063818228,0.24854489768597332,0.687837850511685,-0.1485084579058943,0.5288076301176808,0.7428822958904611,-0.3998284292372759,0.859569359218015,0.8160281112363021,-0.10695667510696483,0.5313239714266018,0.6832308773830112,0.38737167004345785,0.5023604463803115,0.6142911617300153,-0.27837765119886626,0.25630313273061966,0.39084474699367655,-0.30315241072902366,0.6089707931128912,0.8606724910514804,-0.42358468715624065,0.2883899290156674,0.5465686140650042,-0.07802608900850339,0.7278305444200364,0.3703019747507882,0.4619857945402146,2025-12-13 12:58:54
هذا_رهيب,0.9257436666783055,0.17079901688208698,-0.15841269949380554,0.02685910511869183,0.028747917098885578,-0.13577645350078715,0.3878754153886186,0.6391161138148114,0.09550348065710823,0.07175957720700465,0.8841549195983449,-0.13835791108366646,0.5565951946804255,0.45333135872619224,0.4992140327731507,0.5327375122010557,0.06769021748671444,-0.44614277423133697,0.048129999739509266,0.44008153539219086,-0.42949700997692986,0.8077028603810995,0.16811651458414412,-0.31903595009235897,0.050476287304730194,0.3241860756402246,0.45792827765383004,0.7353915307528293,0.21153232180504178,-0.25571087545439086,0.5431571917665579,0.780027434381813,-0.27882668412175493,0.8117354180918163,0.04069141212963956,0.16831870559131146,0.10222610500917739,0.4610577947625434,-0.1791252423789631,0.22019867247971303,0.9475002923949177,-0.31849410422533286,0.08787313577309308,0.1517025130798545,-0.1403898654801985,0.7924942195459777,0.49862542531003506,0.15883835727283047,0.5257449875250988,0.6283952332868469,-0.030486593772474535,0.8961735148855753,0.09974456646080132,0.10573290313942729,0.013339914663960895,0.45615977371388405,-0.1908772350647331,0.09136546138452373,0.6444681137695721,0.27103985495193994,0.6481778672581764,0.28808090162052435,0.039136025825037835,2025-12-13 12:58:54
هذا_رهيب,0.8479321665871562,0.687696085823684,-0.21033577197626208,0.9877233474059549,0.42192199527279484,0.36758848011984935,0.19693787237345062,0.5148251780492218,-0.12461272794405742,0.3542720918483241,0.8495502212817214,0.09305330198222095,0.2630972576089554,0.46126117824199053,0.4303209590197481,0.528844156132875,0.3956071602827176,0.18930939039982686,0.17034425406653741,0.37339628241536493,-0.2576675301881073,0.9256826348185493,0.06090502314123225,0.2093988498538253,0.4245285155608457,0.3199088616589256,0.16968392012137246,0.2739632235893408,0.3621438272485531,0.43706353105427764,0.25772254133589456,0.4453342281517546,0.2632989387276802,0.9511340660829158,0.1393426546771791,0.04264614249790766,0.031278799967317084,0.8216875068961114,0.36507366665000485,0.5583259242699095,0.9807041910394065,0.23027350998551743,0.607700139008095,0.924209139379143,0.32901311557491164,0.9941273914670532,0.3231218102764045,0.240374689609006,0.578140132503796,0.586328210610674,0.3931372676899523,0.10852293800699842,0.04552877685863821,-0.156960817611847,0.9307819555880933,0.917452207928971,0.2325479968167219,0.7138297516383629,0.39104153038601375,0.1211615063721092,0.3238184941686324,0.8608207731121427,-0.4274418851673373,2025-12-13 12:58:54
هذا_رهيب,0.6927330537281574,0.04747227398834353,0.469888094442491,0.5391856861518921,0.13298324896797553,0.40986836223496925,0.15634726561988443,0.8469977548444775,0.3637429666760723,0.6803290110919772,2.929604114232376e-05,0.10081132377686575,0.643056551101401,0.983895054911626,-0.20418776597252064,0.24323524393524032,0.8613240134281372,-0.37281298368320237,0.6227433545658363,0.9765609462842508,-0.239213400634104,0.21044289270204652,0.15320459709590795,-0.4389362665826685,0.05496180530962291,0.05625992020099113,-0.22122531054440708,0.9777579812906915,0.02605864952767456,0.07937024663077985,0.3489795969391254,0.9199048325048174,-0.4299732706503585,0.3534945205196517,0.549157058292352,0.15835876581271446,0.7977348521570572,0.5934218493750714,-0.46627332120434506,0.3097619287643748,0.1987708999597454,-0.02524280658127498,0.969429677653251,0.5429682176919264,0.3945613703982157,0.7301821597421114,0.9479777272411923,-0.2220985573710601,0.7489516849304372,0.005393666599665448,-0.37849221622255125,0.3011828346893324,0.7118813208394181,-0.006349087402875875,0.33372339851962196,0.05396198832394239,0.254735440910166,0.521227698683779,0.07081008082617346,-0.431319661442813,0.5197925070921006,0.4245301789200405,0.02084959660315444,2025-12-13 12:58:54
أنا_أراقبك,0.6012745049126359,0.8148659658061125,-0.15797691770682287,0.8972188180202125,0.9015464363006156,0.47785946956313785,0.9644538840129572,0.4012616486094369,-0.05017317590689596,0.7939345613593854,0.9669386509887534,0.3375565718322776,0.24886234550810438,0.6405135982648189,-0.166233922522946,0.7465548079651106,0.40596440328228034,-0.25561361681973505,0.9729437706562931,0.7370248175620918,0.058030023130246744,0.17069238954566923,0.9661336679726157,0.22778455757748095,0.7581447938155735,0.6957268940076748,-0.07235663574312368,0.27861343734870403,0.004276981776422106,0.3268966890630669,0.9324060292183816,0.946136910646074,0.3205966531561971,0.9097937098556861,0.1764352835254851,0.2866399554775808,0.2736277793464651,0.595632695555232,0.3388399369264131,0.5665848057540747,0.6139308526643079,-0.4107886577943036,0.6624856350007422,0.18122962878759863,0.3190818985264282,0.7846569653314318,0.9648221797197701,-0.03905377442523228,0.18452716969218153,0.9819710923434677,-0.2089818187380249,0.8996067097795531,0.6275185665528461,0.16795771669313375,0.6310022521741367,0.3035386997136311,-0.07507612605840575,0.8303716871299645,0.6829240949127965,0.4999905516750225,0.5615692763785985,0.6130067825491139,0.07202897211990322,2025-12-13 12:58:54
أنا_أراقبك,0.6274952471039068,0.48388162076026875,-0.31990434138090196,0.9491583054409248,0.499132696546036,-0.08948926285118264,0.5221204055004025,0.9851309788542508,0.04091585436867928,0.4049141639196364,0.430702538560893,-0.04766468921278011,0.015702580742859795,0.060372767333538135,0.15772140013381253,0.4606404336954607,0.35353253033952436,-0.13765776094244986,0.06411398584361028,0.42334531722200097,-0.2641647589509184,0.8985069466010097,0.029364718890218078,0.25853338029152717,0.01941234096596922,0.8906354183119193,-0.42734637735012715,0.7225073058872822,0.3612952016066904,-0.4848225622719532,0.26962803942726965,0.9187560389798775,0.12619660047895753,0.6874175196706536,0.9345689243528705,0.2814648282698351,0.5090516678416196,0.663960387498908,-0.14416595463917026,0.6645051375146238,0.13364033717158896,-0.33575404573535095,0.5484482533812577,0.9298147760040553,-0.08036049866699246,0.6690535036291807,0.6957780754612427,0.04778604556043464,0.5562858548515347,0.9711568434455763,0.07143048364833826,0.8371635597777896,0.5789201997498479,-0.2801719567901453,0.6102545414688852,0.20430062422415096,-0.04395942331836089,0.9629262095321263,0.7171984222385015,0.25359787105098597,0.9586404963201182,0.14595376338149535,0.351003225598954,2025-12-13 12:58:54
أنا_أراقبك,0.34817024846781697,0.3602616349774419,0.4646189576117993,0.2453881146654353,0.1236664380691721,-0.385967108330177,0.40484023936798486,0.3390670952782606,0.09085663951895806,0.09202549545945582,0.9998550065418191,-0.24409487999281587,0.9184080381492582,0.6259213548366117,0.38040935750131766,0.3559141536732354,0.13068905047508816,0.48406892419292546,0.36625630159646827,0.32438750609446043,-0.43307236523357073,0.793176349911132,0.8371869434887976,-0.2718311805729724,0.08631360898229812,0.9804879399739644,-0.21568930985644252,0.7103698847290458,0.236624630814249,0.3433650509612073,0.5057818037889272,0.5274613620928674,-0.3981390345166641,0.7923364647133221,0.7710536847977937,0.02467234680838226,0.42516436721138917,0.28816206371736874,0.43830909553963615,0.13968587259114162,0.7714836698893675,-0.10429208739925089,0.683352628023486,0.09432872628911548,0.21901020426408058,0.19123624781653448,0.5473260266253287,0.4491005080264502,0.051193273139268136,0.12207682702824418,-0.03793499577769144,0.623410772940121,0.726996437896017,-0.4696390953890399,0.5840154135868715,0.5330153205612664,0.04881700678273504,0.11052236766350687,0.2117537200687567,-0.4295159423073912,0.19790289680751005,0.3649724743361341,-0.20876318329757115,2025-12-13 12:58:54
أنا_أراقبك,0.7785212868160988,0.001663545374469333,-0.12139169902089497,0.6358724514425985,0.05967194303975243,-0.30493048382808563,0.29532877084297715,0.6607737236808577,-0.2852586204045233,0.7168915145736658,0.5442706997651855,0.03613387692254366,0.4399768296695479,0.14855399173133532,-0.47700387833268054,0.3922902227395816,0.10858862894371435,0.3696522898433926,0.05722911020684196,0.3441127083251475,-0.4727551978159883,0.590106324282488,0.15023040585657577,0.1134371977595553,0.08175865260909232,0.7934734283429086,-0.13241941106353916,0.5688944197874096,0.7689089285395978,0.2535304128382978,0.1958228813811047,0.9025259168677526,-0.3088132428328576,0.6474447264684317,0.8153351785049502,0.3106234048573234,0.456014373932905,0.6096839551132602,-0.11996195621219785,0.42294478132045565,0.8665274533873483,-0.3646578899565891,0.9114183744714938,0.3333788122075878,-0.3327566741921596,0.056602536723031505,0.36978851858100115,0.15765625506318182,0.18909600800817594,0.3545137900367178,0.07667557192197771,0.05926492196438682,0.31943193214747445,-0.286004194258475,0.3262213701161123,0.7886461810377307,-0.1137631161854723,0.8745904911922704,0.6009958191350147,0.315565526648073,0.14312317423952126,0.9094865648010414,-0.23199309309473815,2025-12-13 12:58:54
أنا_أراقبك,0.2965176737610461,0.6745414363430472,-0.010345677892296679,0.40797589187077954,0.8359119469090879,-0.3723323946448357,0.4022242797078329,0.7343634084432127,-0.36377846100478084,0.4707959288311012,0.9347621451803402,-0.29800791758515055,0.31351785191788484,0.2910361889890992,-0.0012698369790639097,0.8241721599320108,0.6515371541347446,-0.4672930415948897,0.692036404413419,0.34935347807337047,0.41252489472694864,0.44185492934309945,0.9382675642184731,0.07743450759862014,0.7349616671170877,0.7553833776718027,-0.011380481721278368,0.5006819857754207,0.6726636097320366,0.30241531681999567,0.3656788945436674,0.8609699256060536,0.34570547886699643,0.8657784523370647,0.983980999270685,0.286236354217858,0.27275375458678597,0.2756277550660766,0.2159993197822314,0.22922152802994133,0.4825486941983028,-0.4668460671908654,0.0811255258719975,0.8601635749820973,-0.1307190422836747,0.18512693499951727,0.7578601270338318,0.22019631599540757,0.17666307088862632,0.46623891803999784,0.32348010135873384,0.2646760147960142,0.07811531149652284,0.26870537682728,0.8686657635425075,0.7026041983419566,-0.004338498749777875,0.6267577142513276,0.8178157518947139,-0.45973598671427085,0.29023307820900734,0.347286656989775,-0.15563066628859845,2025-12-13 12:58:54
أنا_أراقبك,0.8212915126630813,0.03591725864420647,-0.19925253059351355,0.26478634807838475,0.5830626035183086,-0.27288983483694307,0.761372345048942,0.5032253802132362,0.41530130060442894,0.3520282276052752,0.5637625043722068,-0.1381584788148028,0.4423267540246508,0.7442949464518741,-0.006963290225925678,0.4241110471422791,0.3428679811300589,0.20143579884473317,0.4190873440013918,0.8513111524693677,0.1348216510099174,0.9362471966620962,0.3509042289268701,-0.1931898896279749,0.9509345833646102,0.9278499589002007,0.3022991977475151,0.4363499073363192,0.9066358712367637,0.15683677974026555,0.2882804637736919,0.5417311367395882,-0.30640409553391623,0.8473640616749686,0.6841162318974884,-0.23707442351176833,0.9672028713349949,0.5758513789669747,0.04260423957491233,0.21798438989757174,0.30503516860191127,0.2847305412106995,0.9509177925600928,0.4396548654970357,-0.09913589449220062,0.15267233662125956,0.8645560309190558,0.19683814018975632,0.4252695805598158,0.07187773335279946,-0.13638033464718313,0.7566391760358886,0.8921473741564805,-0.20692456502960788,0.6783451925335234,0.6828918330618747,0.47477173161787223,0.19796739097560379,0.49517835702727675,-0.019847385936553885,0.8735068246603239,0.16945273711753794,0.25059230168450874,2025-12-13 12:58:54
أنا_أراقبك,0.4279776958163459,0.799815340875035,0.15085689443978156,0.8134044477901706,0.6703264480688874,0.14762647030444864,0.0365365370503653,0.4937112029884184,-0.21814660066640945,0.43068334446282,0.9128838964767378,0.08018868770528154,0.20946435038671418,0.398050598595469,0.44452345969243867,0.5251166112107621,0.4563353357305675,-0.3492849154914214,0.20741706709927288,0.6435204025087007,0.4702736715849428,0.5397318064180822,0.7307482249748586,-0.05202255452008242,0.3829627389987411,0.5532345387456017,0.3120675915726482,0.39141904715409204,0.5257660069327962,0.45294529843957776,0.26160816528318165,0.2759652494721637,-0.15217781672772002,0.5274651642644664,0.559995725572978,-0.41014877067075917,0.40967948932808573,0.3897892075498345,0.26571358268392253,0.41652833968888403,0.6423752609330933,0.3887469252781436,0.6607299646874601,0.966501373592652,-0.24111323428410025,0.787859583971261,0.38334620042987244,0.39900213741798296,0.9716194113396825,0.10814696515570854,-0.413358617168074,0.2633875745349614,0.6327012593087269,-0.44859812190760484,0.15874673015798468,0.6640150165816027,0.25101856343628337,0.16719104813249397,0.22080630321030514,0.09429817191253398,0.580814922580237,0.7626197408041614,0.016482581887836134,2025-12-13 12:58:54
أنا_أراقبك,0.33764598261482925,0.16971155459694676,-0.2657190142036614,0.9562649179610614,0.0636182012336175,0.00696205204244682,0.14688404610894312,0.053178258369300346,0.16519399830454995,0.1878344684491029,0.9199695593771476,0.02970349157717911,0.4712725932198387,0.9575438291477273,0.3972530103680164,0.5184221177374139,0.7640809793788477,-0.49409851879348676,0.6273814080643356,0.29889034817898685,0.10804018138535754,0.7963708515566335,0.9549845173806666,0.27649282045573487,0.7670015160129986,0.10854858823441926,-0.3018105396134435,0.9429759723808685,0.547483831592178,0.05157559628708652,0.5979351554740708,0.9807546567793313,-0.47255367551861815,0.4675887253119474,0.3187918509840658,0.4323868745561247,0.9584305015224703,0.565353199400386,0.44315858642252015,0.5583887387278171,0.22615210781586892,-0.05316019020821894,0.14377712182688807,0.9791135498532691,-0.0051111127685166124,0.25805103905021864,0.34058326065416167,0.4147864780129594,0.8960033187764205,0.508221572658733,-0.2905027947504947,0.4572174103177338,0.22133828232913477,-0.21900353277519968,0.29423024395871267,0.8142073301566356,0.43160800530759125,0.5946757809854115,0.5124115534754661,0.3494836382213986,0.7283305454466337,0.9563779789458106,-0.17134939495969392,2025-12-13 12:58:54
أنا_أراقبك,0.7961877312119559,0.6985553344995826,0.17808305959231163,0.9222634384438112,0.0023486976461658537,-0.4119763238265193,0.520104381007423,0.6736337051693734,0.3972226164540944,0.22601591158356604,0.3273544660530129,0.2298918491531582,0.7056810944491193,0.3318325212649397,0.023975586129659,0.13225610997122084,0.2674371557646872,0.30438572244217665,0.0006598879800657764,0.5424392779566156,-0.35948972517480726,0.6485002384486197,0.5877695046713068,0.4194179442518542,0.0781310399758427,0.1369289298643962,0.3318500493176232,0.4334091883137935,0.7676016792583602,0.2246872410132057,0.9687048192891573,0.04605301774449089,-0.3158641330421017,0.4905994674550056,0.048250928873701304,-0.2131553793689014,0.29480589185226813,0.7685470151580721,0.009050389411547122,0.27904265683363927,0.6139101286603272,-0.14422638402459498,0.7910107585264333,0.37652229790404035,-0.36371688319393825,0.9431153537253065,0.22399308971119003,-0.10014887526129246,0.13049006501819216,0.32637257583260393,0.37447801501851974,0.04436018855451762,0.4267186346853189,-0.4577492305692784,0.16740854307126962,0.9703188516158143,0.13880726816936384,0.7221681331071598,0.26844225392981913,-0.21805175756184825,0.6695133910454029,0.9463867557885728,-0.12151566008405035,2025-12-13 12:58:54
أنا_أراقبك,0.581836040469779,0.5750541501512239,-0.41764900969876606,0.12428817455566687,0.6990096472016553,-0.1809394917399728,0.30028727414569156,0.6219323047797204,-0.05356071937757112,0.1536711953615395,0.9941852380870347,-0.469789093756693,0.37259119464346135,0.9342609422793019,-0.4055992329186534,0.1904037936975016,0.4712918800425937,0.37442729987256573,0.7050874973645895,0.7281620198678587,-0.04345522788767975,0.01530855736483705,0.02162507420857862,-0.0035429506239745834,0.2432166062609088,0.35104585645903663,0.4716943186235649,0.7209850836410341,0.6279336470520606,-0.4184888051639528,0.8455616966319554,0.04890606162065936,0.16395026059964524,0.5900503096174915,0.34667140612448755,-0.47717817773582905,0.8925138190176484,0.9092049646605983,-0.19392160548638615,0.821369444697458,0.21220148999583588,-0.19500458050071368,0.433932598304956,0.47491290701112454,0.09851229768024594,0.705720306640816,0.8007669276897296,-0.08049537003897722,0.8625614174841478,0.23043898818787234,-0.31668631942935954,0.13877677333158434,0.20802577220428875,-0.49986034918315125,0.5294932584155778,0.13310419307277443,-0.0692082888025135,0.1360200750024072,0.7477373024048731,-0.4468195535706322,0.8880293594803552,0.4863930339142991,0.192171723793921,2025-12-13 12:58:54
عمل_جيد,0.7952088847499962,0.21101364580563842,0.23106712541130192,0.7554970800910493,0.9195741828467354,-0.4243157278465096,0.001234033940189505,0.019370371106366635,-0.22512032904009283,0.46220515905863113,0.03071448785556996,-0.48907912464933245,0.6893490305840838,0.22845350165617695,0.4335463445494734,0.5693641483745694,0.349763803275167,-0.29400562473472336,0.293996398777317,0.6972162878910496,-0.08903092683001468,0.6373571883645915,0.6087098539330189,-0.09584985192230777,0.008499379030435739,0.9070194116264718,0.11300916402395866,0.3621551214218135,0.4670782274302978,-0.12532167929424998,0.5025999493874674,0.29862105355270974,-0.15611812983235318,0.33767264745610315,0.7026255243296757,-0.2913916493974996,0.41837586607094324,0.7782359113772954,0.4571965000881244,0.6212691203131534,0.5813186037490047,-0.10596979864224298,0.35763666805498806,0.8515099664893315,0.38940345061552917,0.6536427306592953,0.7569113266543068,0.09803817860842012,0.3357644896040459,0.8889064511548377,-0.22949921819722208,0.8227238483651227,0.4526974454937529,0.17637785331269273,0.8443070325290722,0.9980036950570925,0.23471292703810176,0.31907101005922944,0.2351392371897375,-0.11524407287008875,0.353385491339418,0.30812885437242177,-0.47510653858884055,2025-12-13 12:58:54
عمل_جيد,0.1722256775778218,0.05431551072706542,0.14842342509892192,0.3336774698070255,0.9323010822481577,-0.3310856491701871,0.948482655573532,0.6341638451801923,-0.09199412164099408,0.5248066719926598,0.5623886325336076,-0.3205764270389685,0.29224024878642807,0.7195764929945992,-0.33435688176888856,0.4205249430996272,0.9577515681858413,-0.2439149491947039,0.8316201160635195,0.5136983189070257,0.15562990900781914,0.15733416766661545,0.016562840876265028,0.34960399050862034,0.043413105733169366,0.33933291686477085,0.45301351473154705,0.1199308762877842,0.819550972442708,-0.0840234801105022,0.8215627717066872,0.5457291371528632,0.26265707118454085,0.7823294068815584,0.11090459451224977,-0.28800224337072233,0.7395774719414874,0.010645353824498383,0.4452426739281121,0.5443448829161301,0.49586137858621704,0.30366266243146134,0.6344857300969807,0.2282740565914313,0.14085485057513958,0.8095639269768498,0.2569341200985562,-0.023494315541433997,0.10498925870279419,0.3182840766336451,0.45880649377658667,0.47850699553395193,0.647666657416988,-0.16293983268451695,0.9435495661970238,0.8014280596902166,-0.342394416306002,0.6248523800186487,0.5448837738563794,0.20434932663338157,0.5061562506165888,0.6456402478150604,0.04163300428377337,2025-12-13 12:58:54
عمل_جيد,0.831080230150598,0.19118814673019535,-0.20318164148590268,0.9658014611937518,0.025352523035319985,0.08794351767539055,0.11173516613105705,0.3021262691578399,0.44928804194154837,0.7315781149981994,0.8553955131523313,0.19114658805730633,0.33833799692653466,0.6587822588871217,0.3935827116780113,0.29613765283234983,0.6755112508823274,0.13099839540942426,0.19080387007165467,0.25200772010094985,0.45416585730730463,0.4855621235169537,0.8826587940187163,-0.30249591829780464,0.8346741760054983,0.9281912535771443,0.11912909645923364,0.9532726268500076,0.5239514078320044,0.3334479620849573,0.3367081067999368,0.2776091399674172,0.10676976601066468,0.022454550936200635,0.3897302153157044,0.3144597992311834,0.5791056437167307,0.292218581037025,-0.33205517963669895,0.2690075425630495,0.8960992146077714,0.4690087968243246,0.5819833198893691,0.1617480163298024,0.39522817406731037,0.3589831597259987,0.052078020478955156,0.29360708271696434,0.7186279903181195,0.6684846104255461,-0.09968682732897405,0.8825148241001625,0.6808595936647128,-0.46495194999439426,0.5968177035836588,0.27946889740005476,0.45022629882783094,0.6952557408886638,0.37321873928777616,0.38085212702782056,0.05171774200326451,0.7743058933837139,-0.08044756069359127,2025-12-13 12:58:54
عمل_جيد,0.09927691001146555,0.8582332889995263,-0.3925003037612351,0.6800810065412682,0.23948496569914468,0.07017327172624244,0.4634838939621637,0.08748646921125947,-0.05910193661343044,0.5249943323322048,0.4323627071346263,0.18879984937830785,0.014895461169464608,0.6261329312273444,-0.38496480297226754,0.8126283145319937,0.49116349449834407,0.08160873751654607,0.3203337671889306,0.8432985917701528,-0.40900055189270923,0.09515319562151947,0.24029001502171243,0.4440920873340566,0.0834880298005436,0.31496090367693286,0.015442734001294256,0.4745872901958822,0.3597323092824233,0.3526733774006634,0.7805616578802361,0.7558887035924826,-0.4725583644204082,0.5376633724609979,0.2934845540197697,0.3185633783818307,0.17539333309956462,0.9900002090465175,-0.4025788542782489,0.45476094516665777,0.5795929211104277,0.34391743576946554,0.17535938335478107,0.6334713540957141,0.05924769483447423,0.6080595951020195,0.5496635009480226,0.12258874847747747,0.9495267013678252,0.2842740295535555,0.23409897086190568,0.39080911233965976,0.23773439839030042,-0.3269270261318883,0.6849082932361807,0.23008097741129485,0.2983477089722847,0.27637167258337525,0.008257584357575398,-0.3077178236121293,0.5646539965847387,0.5093416216731235,-0.12534965630991057,2025-12-13 12:58:54
عمل_جيد,0.9289423853863903,0.4877743145600142,0.38132912580827594,0.048311064769711254,0.054992901530218075,0.3720366585656145,0.44544515442608,0.8868582457108163,-0.12869535337411964,0.9052896938891029,0.9998571273521014,0.27632320990351744,0.42045756156878245,0.7856766693836181,0.49113277991035087,0.7870306749987747,0.32264731011564096,0.09148220034047294,0.8050915166072172,0.3806654929294684,-0.335895685012787,0.7538838433161679,0.35136282279817754,-0.026241946481891154,0.7764772892098515,0.9107580812198147,0.07892911951883974,0.9815760604722585,0.964236402357814,-0.0688019226544081,0.46646438179384964,0.254665285351075,-0.051370487535263853,0.6489219578147495,0.05031791824028442,-0.2224913625214502,0.891534078731316,0.719342181343393,0.14302889634460803,0.8536939437160549,0.8535115345930605,-0.2791318255252061,0.04440266894654954,0.15388558435653954,0.30794119336407655,0.7707993158164461,0.6462257055185707,-0.27030621776013575,0.6474078130718636,0.2759911401300996,0.31978436116358233,0.8921953469526738,0.4738268429177843,-0.22170769751879016,0.8975383020804912,0.18954659970821974,0.04533443283790439,0.44004437717535105,0.7557523936538573,-0.3116867505987355,0.22468307750616878,0.706330432220148,0.3350889614389938,2025-12-13 12:58:54
عمل_جيد,0.11914943560221536,0.8258207294900672,0.07911443825178832,0.3543024768043608,0.8840016674290471,0.03083239841089369,0.2796487365891456,0.5147630226667775,0.08697658103777506,0.8377696533458299,0.6138045891117436,0.3171602192753922,0.7116991667962214,0.58715462122602,0.03054889580761,0.13971535253141254,0.4765461931372801,-0.1846500035749573,0.372772937494937,0.7190563234634147,0.47382313846131596,0.24436154393435827,0.3929153491248486,-0.1356323322522579,0.8822151044472533,0.27841314954627383,0.2793038551106317,0.31525892859442983,0.9635107011471871,0.008766383380481746,0.3157220842763755,0.33984544249307747,0.2862891513105622,0.8543889241695665,0.22570050605329772,-0.03743173243935338,0.8802484231813981,0.23327322716059506,-0.12125114643986867,0.22471008012172433,0.18415674321274356,0.01623594580738641,0.4476070474633045,0.19189623973348002,-0.3404350910328877,0.7970220576988772,0.6086448916355524,-0.21781134652558254,0.854677006200399,0.0907701308451887,-0.3060624961880053,0.28399826674199125,0.8196769658685806,0.13127543381095597,0.3243899832813353,0.7095089660770976,0.021486228853194844,0.23901560478311534,0.06923553530079274,-0.2925139676092907,0.22119020380860221,0.04788766350774731,0.08956470132622185,2025-12-13 12:58:54
عمل_جيد,0.8603745659466123,0.8404710871277472,0.1879485464239905,0.6449707357759241,0.3879735817233716,0.19506835611071605,0.18810055231709666,0.12786718499679628,-0.11379131156431999,0.2926715317341768,0.20396112943818856,0.02733679242059628,0.6136322681488057,0.4806721559531174,-0.18612651634718314,0.449004058955942,0.6778043500325924,0.40484580499686895,0.5567512869235464,0.9291119143294709,0.4226490809570015,0.6930262034073653,0.6906214486542833,-0.4235376476387027,0.08234167632880052,0.4038014967789507,0.25407573464844957,0.8758757178756511,0.5167130518311073,-0.4799029422181269,0.07703938405317079,0.1008885999502771,0.4979885226464359,0.6643613459878317,0.1072364721656478,0.3628473476440869,0.6243987426873784,0.5571970175943352,-0.13408850171197084,0.7433409358284229,0.45999161177680215,-0.44087701037047367,0.5168568767838259,0.2407875776654994,-0.1499644280615502,0.2117686524061827,0.5544120623152958,-0.2867423722975746,0.7563989918037041,0.0648304689004493,0.10986072308534611,0.9814811257690756,0.36464337738849983,0.22254172007269402,0.48906937809225426,0.3780628111915314,0.499862137836804,0.16712723164481091,0.7167889878625545,-0.4505869850001427,0.2902472687886053,0.4543938366361092,0.3302542223771532,2025-12-13 12:58:54
عمل_جيد,0.7479236511650641,0.010875366421415844,-0.42871973387935225,0.12867347622159775,0.2585962557156626,-0.04926961620307657,0.12596511080084682,0.3798012838666033,-0.4506702310793631,0.7118202591562888,0.6939958335452265,0.4054100897903332,0.9070424770685916,0.026479721826586533,-0.3500209660611713,0.49428857184511554,0.5788676507859409,0.23552947417038472,0.057978073384618134,0.0284245061698285,0.09560380676760782,0.06951742565804298,0.3992245845753155,-0.46879130677241143,0.22887847430308428,0.47858761523621274,-0.15887242220304265,0.2647955623756104,0.19017700315965635,0.004197459858104047,0.4210683377502096,0.7435515902026975,-0.08806027938701089,0.27998647560735523,0.4453425979968789,-0.14917521956865798,0.5120871756223977,0.28846139907183543,-0.4831520202105477,0.7459628778811006,0.45175163419217323,-0.1352462406254128,0.227430370235573,0.3802689895106497,0.18116134306613985,0.19724202947935765,0.5563008780455767,0.49147301183283776,0.03205715060019798,0.05358507148091263,-0.14538678702130303,0.19184375670353548,0.182550838536922,0.40455558365892885,0.09843904379928581,0.34189667264560675,0.14907511689158048,0.7991183734896203,0.6684146285423126,-0.3728451604748201,0.038407045077039736,0.14240013155775488,-0.47984354647120053,2025-12-13 12:58:54
عمل_جيد,0.5085242902638667,0.6993320597839249,0.4296045523045041,0.6926775506114714,0.9886256958029951,0.0696402307959717,0.6966586890356057,0.5717063743985226,-0.06410387924699579,0.7703843445035714,0.7130429822137668,0.3167196900894048,0.7338982882829798,0.41626196192092046,-0.3503719559978473,0.813562959639976,0.4960349315083342,-0.20418669007327972,0.6992115159129232,0.41047288558537864,-0.4145463467632864,0.444089216899203,0.756996627109887,-0.3829316640658812,0.4843221962803118,0.8605965711720343,-0.03004203317655052,0.12169952847434706,0.286210863494505,0.29130269952003107,0.5913659730827188,0.5481235686367554,-0.014874499944400377,0.8590620058298206,0.9346556485026016,-0.02378639073147204,0.554644673308113,0.8596136941703485,0.2014141881876308,0.975807643838454,0.23685903332590574,-0.16705432657544617,0.4794428354265551,0.19297388981793406,0.3846345272990971,0.6345414879895538,0.7022470472068599,-0.4803866688106405,0.9660180194091288,0.05303541679071988,0.40905277845009624,0.7022768327353953,0.0765544124753813,-0.1287581796518371,0.044592471445712545,0.30467332191958496,0.15560728629253717,0.0021718764322037343,0.10278156046871689,0.3482223480110276,0.6539713968369341,0.2756883327368491,0.4516295625171657,2025-12-13 12:58:54
عمل_جيد,0.1489291225528402,0.4607428274247465,0.4232642432977435,0.18230382697984393,0.08334151505185894,0.1172035071284141,0.7404612063873983,0.7325064707652861,-0.3477439533392084,0.11860145331527439,0.0034922169048430263,0.4075547750085178,0.08577580774119686,0.33520097313636643,0.1448391698985403,0.2787734935071272,0.47711640388922893,-0.08105578145914738,0.52400888927339,0.7083394590610446,-0.16642651614694814,0.9322454351733142,0.7323473219468665,0.3895370806591024,0.08670259754046694,0.00914545461733085,-0.33162713865720883,0.3732518723534307,0.41180091167801847,0.18135356645815293,0.7217107604434191,0.5650190350838482,0.1261076952128577,0.7545914004745391,0.9052601134205074,-0.31343976388515016,0.9144257814335105,0.05122477535562442,0.06791338702670702,0.9270831875499997,0.760910955256518,-0.11242558546773429,0.30407297824099144,0.1187438688629775,0.21128865268408237,0.8935792646894835,0.042035625734908266,0.39138838763778794,0.06789879390857545,0.31940793680504476,-0.22420670633051054,0.9355445679418113,0.6568322688669306,-0.22353355072058334,0.6251995671660263,0.6317621180447154,0.3855855585241642,0.2035759236887449,0.10612882812313873,-0.29296736593599426,0.8599718410337603,0.8841274451419536,-0.41322057977382365,2025-12-13 12:58:54
أتمنى_لك_حياة_سعيدة,0.9961659933277328,0.316949210814113,-0.036956775039479584,0.4197357311072397,0.40090457941800783,0.44735991044456314,0.6552246896476878,0.016532025702459707,-0.321967727634344,0.18602389880123615,0.5360040751253187,-0.22361878806812796,0.8292658205538717,0.5737426142703838,-0.1175412546003971,0.17427239904833114,0.8771406419164953,0.06012296540840012,0.42766580606134885,0.09402760880795724,-0.06207756716576163,0.01808729898725625,0.6247032502600177,0.07571866873510857,0.9785963014666025,0.22780323108575795,0.37366048073541613,0.849307247446817,0.23683654850002878,0.39921534203929643,0.0771706790373421,0.15214746889731134,-0.30683416597376345,0.1312236354295978,0.1333360894865393,-0.027794768414106552,0.4941487112378068,0.22432717515988265,-0.04125935376472889,0.9114226134165547,0.4181767537408214,-0.1026298131314981,0.8578625029552044,0.2278618924263196,0.452584989752462,0.07983111308922397,0.5298323443814338,-0.3551244049767489,0.5168608642781248,0.6647261194770248,-0.3414090444574225,0.11545492298048055,0.42405108988200757,-0.24024733426860456,0.048911880575140176,0.650653280364936,0.298452651335245,0.8393790660301796,0.8624637462015798,-0.39219200831162315,0.23517642161151742,0.3552853990500372,0.3594564191455276,2025-12-13 12:58:54
أتمنى_لك_حياة_سعيدة,0.26082782110329084,0.06417695291460401,0.33859129613828565,0.013364189343653687,0.46114776693043635,0.15872244655117185,0.6778139519622952,0.08918543462984196,-0.4467642203111367,0.8436972582707819,0.28193037562015943,0.4962529628619422,0.010786151223098006,0.2607985252537517,0.33638733731124226,0.4944828594342633,0.32115470886435526,0.11179752618536887,0.6178867868925434,0.5891107348287815,-0.45637787169452015,0.6178392812269545,0.48641316877461893,0.20766003846078396,0.3489493062782063,0.6031166141862189,-0.4204286812375858,0.5570272690655027,0.7473676284425003,-0.2911809384040718,0.657623746222461,0.17598559459550933,-0.04340494882486501,0.21510623590464917,0.8720618560825436,-0.059635747689187,0.48867094166176306,0.9008066164423036,-0.2007799003202354,0.8175009532198794,0.6435365581102566,0.26349174150181764,0.5564049010517154,0.30746112275249704,-0.35494527657212205,0.02639268896609459,0.04670863864112307,0.00011309931904068815,0.5545653809844958,0.15797568380858673,-0.06834915693534627,0.21498875441299914,0.7257917740535806,-0.4591205201871742,0.22332386269627413,0.07199467046716501,0.17296124007571634,0.7408766724975921,0.3229042395660411,-0.27141755333115747,0.4425219256257954,0.5215125423119747,0.14814905777680765,2025-12-13 12:58:54
أتمنى_لك_حياة_سعيدة,0.7154057262689381,0.6925615440335531,0.11804025088017733,0.5953089756794501,0.8427692189742289,-0.43864990513984037,0.8860625368458701,0.3625468998145084,-0.3483241194798049,0.42602802916081606,0.2333933863502956,0.4666602963288732,0.9152453141904385,0.2523662367913805,-0.34504514074072357,0.36952822296034293,0.36562524433838917,-0.4866522028271838,0.050004584925428586,0.7334462100208686,-0.44732926572825127,0.38495980562213805,0.49645799520598555,-0.1445551743382083,0.44204278780867157,0.7774155011681841,-0.4270370403001478,0.47748955742983445,0.35018062505230874,0.053422859011971746,0.7667021271814645,0.6742851962346723,-0.29780639088126803,0.2953580664217277,0.04859578148682908,0.1435826466551836,0.8356162717481493,0.5666439575356389,0.3522965142656067,0.011189201519981151,0.44534426824690865,0.4576236311127446,0.18802604097586784,0.911997630019364,-0.26682085339628225,0.7957495903364142,0.98736338581219,-0.48813380569209397,0.8903501177297212,0.6573336401276862,-0.2697455694332619,0.8723954281651709,0.2604024038561418,-0.20736466143573162,0.30784943392081754,0.5305814709407074,-0.16004528590920453,0.9505448278240574,0.07575397850693244,-0.054109131835811675,0.5668553673550184,0.04942909590504918,0.2808984909019795,2025-12-13 12:58:54
أتمنى_لك_حياة_سعيدة,0.16038874552971127,0.475766909980051,-0.14449466168852687,0.40956202577696343,0.6945716226640276,-0.4337581260045509,0.39354653778212245,0.09285760443056112,-0.027494627290608142,0.5782784784858603,0.5917529352847712,0.12204817449571637,0.2953186774171702,0.39082097120361436,0.46457901070263175,0.7152355900750331,0.6309344871575221,-0.23373152386054774,0.9441622616135998,0.6467871623368554,0.1674918774353633,0.6094353970029305,0.46715353330378073,0.08117397008806515,0.7324022646119523,0.7471331928688753,0.3130430242779445,0.22963537846555915,0.043912070066586484,-0.06377787236513444,0.6480415177121683,0.4079389357350195,-0.15145078730189354,0.8753312074677922,0.3857524375275616,-0.22849059901442692,0.23086315491997167,0.466213702353532,0.24271776671482814,0.454702553453344,0.9649254233898326,-0.31276625593946206,0.000979962808514645,0.16770404570269226,-0.014344216383297081,0.05552232158432169,0.779115560212592,-0.32466375987691554,0.26452048377573467,0.11910055927519758,-0.04567100902780519,0.5708134933193373,0.051269792501810296,0.38585244632758575,0.518193151535759,0.8967965946598788,0.20439138671593893,0.198995256008484,0.2705693526421512,0.15957509171511142,0.6293610022387535,0.99687877521212,0.025621726907239073,2025-12-13 12:58:54
أتمنى_لك_حياة_سعيدة,0.5838191337578097,0.6438294536330946,-0.2855368219086126,0.6529696004398717,0.13999681523292995,-0.3726785485659724,0.01736408320426641,0.9581421527460435,-0.20346969852188845,0.055661324341249596,0.6291818589878613,-0.283339999045632,0.24800229705595467,0.9797369749442312,0.298097060457831,0.9578392803217618,0.1550263737954123,0.25447321609766294,0.06488713367058097,0.7262559768402955,0.026258079201050943,0.47570712149670136,0.5414240307529297,-0.18768625546336437,0.8673152516705235,0.15016074537192836,-0.4004665160633959,0.0037990549935025264,0.7296284045513328,0.06310891978866429,0.0364684959446685,0.3805986975781537,-0.0641238367385284,0.570774566666348,0.7522019667795339,0.3651351952270089,0.6031847397473502,0.6827562460662698,-0.37475885291155075,0.9992614109264947,0.5726657377841102,0.19334507134368395,0.76337391651778,0.19569364196361483,-0.2593309757158835,0.22974726686065183,0.22369442175758603,0.13190574561071122,0.41679917460937077,0.8736561475696731,-0.48486643445843636,0.8485359896791069,0.49021552672920143,-0.3463208715852748,0.0679463708767315,0.7346346603998246,-0.4041164719319743,0.4782776215829707,0.6556095300143611,0.42438172784161077,0.133367809263366,0.845139453880373,-0.05223599810613522,2025-12-13 12:58:54
أتمنى_لك_حياة_سعيدة,0.6306405383061647,0.8362384074401036,0.04910692198112676,0.711042947784371,0.12725770656688085,-0.3502336149730295,0.4609190122919161,0.735208475178301,-0.15188227135873922,0.5572128602531636,0.4264575761737519,0.3766248935016593,0.6480299713909895,0.06017984244128394,0.17529974305776808,0.38337544919651323,0.2217525877794193,-0.19702342530694605,0.5532222284332673,0.4635928922792175,-0.1289478141765591,0.9923783658984803,0.7642566748652133,0.1313585625963939,0.9974552868564345,0.4747800616508774,0.21968407412880953,0.23373024286290145,0.04356206871717594,-0.1392609357212352,0.7752172143466084,0.5655154199984368,-0.16827593972983024,0.7319536036199628,0.7878395564605938,-0.42485646726767856,0.8746838304803168,0.5154347642269645,0.16929061227908526,0.07393694599084633,0.9899983450432359,0.17822475497112777,0.2811813030722199,0.9485267078605987,0.02665698444271003,0.43227873079900214,0.40051104909463453,0.4711547970000983,0.9006661866219097,0.9023418168039183,0.09000451514256125,0.06924505284565619,0.914143149753942,-0.3147048365426812,0.3907366432041107,0.6979572560404758,0.18721180261362236,0.12968076591739508,0.40682274961316733,-0.40083652937866865,0.5356781113927128,0.5996702264069178,-0.24422940128962967,2025-12-13 12:58:54
أتمنى_لك_حياة_سعيدة,0.1380269906645657,0.37317405858280417,0.1885079655166615,0.18550877864168636,0.8177669607704072,-0.0010353922363257606,0.07807600517817015,0.2400809840342807,-0.33476802083717283,0.8328257574655256,0.613524162103394,-0.0737675390462863,0.9387289607599089,0.16769194645263008,-0.48717442239302833,0.5130122863455862,0.12516713066802854,0.27353771892447787,0.6301702157343946,0.8534518148104502,-0.33105059782374946,0.5008243873473721,0.756008808141472,0.1572076486613173,0.14047653646466096,0.2791814515734198,-0.047083642434805006,0.5148261879976623,0.6056431878583232,-0.09210100638381025,0.14256737049365997,0.25010476847725027,0.2992153042097718,0.08299713561931632,0.03443581864664669,0.17015110415362722,0.17479650531965096,0.7889995134751969,0.23079107210729366,0.9141209351678538,0.7991043273453851,-0.38885821038573054,0.8917469052651599,0.3983155612161373,-0.03348683892700932,0.08903984609700033,0.7689842932504583,0.004301414784413482,0.6984313193665033,0.1365437621791934,-0.23753390116561635,0.15027725567172823,0.138249610228797,-0.005670294452471247,0.8550946976688583,0.9779585326759085,-0.4595128471224724,0.6076542389051993,0.6084822578951382,-0.32278471420485644,0.7398819700988931,0.34691050150353253,-0.3391857339129418,2025-12-13 12:58:54
أتمنى_لك_حياة_سعيدة,0.8161308637247547,0.724982756061408,-0.40101102130853294,0.5126051287438652,0.8123832108851502,-0.45437585696041727,0.5381707989794555,0.4622155385755289,-0.030346954658095115,0.9013862032676478,0.5677929078919921,-0.011856685573296555,0.7147561891866835,0.3290286307714826,0.33060383243990255,0.4215741217976632,0.6453690117933643,0.48879952609646404,0.8581795459418291,0.6708497090886816,-0.2573654626312184,0.7026537129145906,0.5523667049763015,0.4125843695498739,0.8706382902615316,0.42940307655117316,0.19731227816281083,0.13012262853147116,0.6984603487856279,-0.39572236330455257,0.33928959884817866,0.7073818604411415,-0.10300708928491142,0.596303719464819,0.6466829132289765,0.4409519080553269,0.7528525622527912,0.35657409244817406,-0.39763513493873526,0.4833989654737847,0.4553497565810559,0.3055455887743772,0.28614712703882583,0.8280903973450522,0.23239500230589327,0.3387428534565613,0.08813097194116404,-0.378538161681125,0.788210881620971,0.012885196875898619,-0.4468367296478194,0.04693213067088764,0.9176464026482478,0.2343811090215231,0.46231848224184224,0.8125388444794235,-0.18228748361886205,0.3204696359196002,0.5093222585885943,-0.19603451087156132,0.4811300014061084,0.18857017920550123,0.37488246518657775,2025-12-13 12:58:54
أتمنى_لك_حياة_سعيدة,0.6641025261665605,0.9101605365705164,0.1317779991810858,0.1854970695053153,0.49801168388656625,-0.4912449669957042,0.05297077204227951,0.9656021241436857,0.3444013848366686,0.6581855081897715,0.2172880507572379,0.22641281952650816,0.889177510115808,0.6997217706908047,-0.41744825220732573,0.08782082035785943,0.057651435484321834,-0.1323222075063165,0.8240976303880742,0.9403927348138984,0.3761782634664135,0.21629011141082777,0.6520307788656764,0.4911814119152327,0.1803735126001157,0.5157305280604723,0.32630053049850993,0.8811698941484449,0.6964263903513477,0.4631099199283728,0.11705042864637982,0.5874189273427615,-0.2964132493048187,0.9110359585036931,0.9165327251626244,0.29836113556729116,0.6469344736036053,0.628876750173857,0.463123277734528,0.9551379539551512,0.07194409205631247,0.1507609272111996,0.27976299820957695,0.158647840731871,0.3434751309702543,0.25457262334133335,0.4739957914043157,0.4205292235104896,0.7930820863133862,0.3152612063603535,-0.06934909635398545,0.15425181715773995,0.4912720626268432,-0.4957952295976079,0.7562533030454502,0.407534644954304,0.0252057451490163,0.1493995950737611,0.7736921093127508,-0.18161109747968374,0.38150876773872655,0.6750938770914701,-0.47091399931806854,2025-12-13 12:58:54
أتمنى_لك_حياة_سعيدة,0.9409439543865763,0.12082760296331696,-0.022685649709140998,0.35324115692841385,0.36527357009034467,0.27572945694531026,0.3239065912732194,0.9577824511983455,-0.399283546955868,0.407576150437746,0.6919686416088415,0.3496873558203727,0.6072691264645341,0.40403795730586145,0.2565972774784713,0.977715234776958,0.3640352274856308,-0.10009890562536605,0.49468399036082944,0.3739255060649499,0.22826272101550982,0.07362367686315008,0.007750743844515906,-0.015862578515885017,0.0901406816375806,0.5937872305424967,0.3610581662934006,0.36402342525657283,0.79626030709342,-0.3368088822206825,0.19700895460407886,0.04407576179044337,-0.2987392986829207,0.759637888232829,0.677625984987077,0.36986161784758165,0.3492071962123957,0.15582510078529144,0.13492473822543316,0.43884202787269777,0.13941557942816774,0.022503498384071507,0.055312893487777015,0.7201047226656406,0.2500201472079936,0.7513467537098779,0.2694252342674617,-0.23956359801424398,0.4983870601550453,0.6311962857205745,0.3297914190010218,0.7428802097147532,0.6798994852703113,0.06433937568620574,0.5795111125878667,0.19941965331998412,0.45180723979383197,0.9198798790410211,0.12896860887762374,0.4901036792236816,0.9618110348148173,0.9416624536062042,0.16551703392843398,2025-12-13 12:58:54
موافق,0.25325700261670225,0.6983581593825441,-0.09271844115480832,0.7065357850657736,0.8668382017405316,-0.2713280281380479,0.8460922434909695,0.6893837410590714,0.2338741079228106,0.13124109749629986,0.5056811328090792,-0.12314833313285478,0.2928084024047414,0.14254471188615747,-0.1523378638496662,0.5402866024572093,0.6504240575810206,0.25042522974935644,0.2995684866269347,0.24296088744719757,-0.2264741967879057,0.8420403534263302,0.15910596996803406,-0.32623228170118046,0.9823527961257564,0.5383433593869651,0.26241034161673615,0.8463009069862317,0.8404671563293689,-0.23133094430075307,0.11434397422034037,0.2562456889537458,-0.2575587549412368,0.10525884631715687,0.7384198724110784,0.2147807700663814,0.03934389279971007,0.21681118981359004,0.22836431207493946,0.950240203474895,0.09789890271508461,-0.2006829949348482,0.6908154690929174,0.7686177662246074,0.29248204783935305,0.9546906594780046,0.09451244539653814,0.4572585448375074,0.9993843904925103,0.49411985362318467,-0.18376900692431974,0.34825096841695735,0.06695244770767861,-0.11864862283725452,0.7877139389519241,0.5957205026390546,0.4059454541852616,0.24402292819971172,0.6387842205313354,-0.018073826525449643,0.5009891630382001,0.35903579173088407,-0.11993654613209559,2025-12-13 12:58:54
موافق,0.9599039048024935,0.7450593585625337,0.3399772470274769,0.008950490084407736,0.679298917380637,-0.18423448307696855,0.8156786299103526,0.5201411161780456,-0.08010568357298653,0.3854580317726146,0.8049979574817248,0.05926306533596282,0.07891862886886425,0.6136362212391969,0.3561408170436846,0.9086765511493646,0.5105430852988658,-0.3473503041501791,0.639626379129014,0.5005875205188952,0.15931222539710022,0.08048268823390103,0.49672324176296645,-0.31149102050192823,0.11592430842953816,0.26735760244198736,-0.4039767090716483,0.612497190791072,0.36454980335503595,-0.428062465767182,0.03374366016364394,0.2930904795901469,-0.37600715830427944,0.8910076354355065,0.11704537467116649,-0.0784458942043158,0.8974782420591766,0.028650816662186718,0.2810854743996617,0.8112185776101958,0.5621985353613352,-0.15403592014797762,0.22827146255008302,0.5679066800572813,0.4956048058062862,0.31594590330241734,0.24277262452699788,-0.3531131764936517,0.3375380277714689,0.6651178730163442,-0.4382858111256529,0.0700373719207954,0.09253357380650806,-0.12345663401663909,0.32596722630758646,0.5541770751303594,0.32083764037727325,0.20082550524397969,0.35188671885818146,-0.422469194682747,0.4886656531138621,0.6558323337252092,-0.22354825205043805,2025-12-13 12:58:54
موافق,0.091436709163223,0.16263004037992856,-0.44839594652155945,0.3468571671276255,0.2077938589394942,-0.4259575101841654,0.013736566992536559,0.998969555465834,0.2265236763970141,0.7876719021208188,0.30479393120401443,-0.21422121793507354,0.4335170726964859,0.8750357841815315,-0.3658312306254874,0.8023170739082464,0.7931572218724833,-0.24943675372816965,0.41059243234127263,0.5635694291139245,0.3327733167419006,0.2744600597928606,0.5051667272195435,-0.015461127401953156,0.07343699940382664,0.3943564616703511,0.02183258107974706,0.15976313899581107,0.2565558945516908,-0.10762683990309718,0.8874192437061539,0.03773287715743556,0.21122639417445332,0.2525826484959449,0.1278844382571921,0.1821354640310633,0.22168224558916505,0.17119737193149265,0.43554262431811364,0.44483502106805617,0.1466746268312904,0.26181117445070323,0.10913154649764556,0.9571504910960522,-0.3951055837889571,0.015386691415643083,0.12725068910864645,0.2519649556774568,0.18449625899643807,0.038745841041491036,0.08630559376944191,0.47929640979079247,0.5840020670408692,-0.43665101855965327,0.5865189430475539,0.5671717928184953,-0.239043536384832,0.44711640353886783,0.7634907324019564,-0.1475401158022216,0.9566857306109297,0.9969686208499543,0.241528018838726,2025-12-13 12:58:54
موافق,0.0764693957468644,0.9404642767748919,-0.0049106376868709445,0.5403708119834019,0.1792457308816231,0.45325589595975047,0.5826811288756215,0.8535280101375964,-0.2624322578353314,0.10717323817510349,0.2624726650584954,-0.007880589458767795,0.35469116258388567,0.025179667276205908,-0.38605446196060555,0.28655509332658025,0.41351021793894094,0.396049008257381,0.31772916732196377,0.7521115814546726,-0.12391826361904457,0.010066843681162951,0.13569143042795917,-0.19903410812657385,0.9788086447611738,0.7726568260125196,-0.2361002764940583,0.6688358715371236,0.032810391201606226,-0.4567402386804301,0.6851184585720179,0.8339239479585574,0.21941186254090195,0.7315825366269775,0.6848106943722236,0.08441153831475345,0.5723401460144486,0.26262792859824036,-0.08581148878897227,0.8130155087248608,0.8469400180258223,0.14110074904510572,0.08148949802810002,0.5320989894329488,0.43293744843784576,0.3614024093316265,0.0657582489065468,-0.3949567916398651,0.10820244370988708,0.4058868957270778,0.30962792394236094,0.5780434803349649,0.6432408279079579,0.0038582229457140294,0.6671163780855168,0.11573324148289477,0.05836379447224549,0.14595243930090673,0.7695144962319841,-0.38328531292489965,0.9421867018349881,0.8477050442742272,-0.02690529167128708,2025-12-13 12:58:54
موافق,0.7700187438533908,0.176054905280433,0.2073113844446306,0.9943818988923503,0.7582897086987446,0.2312014285369678,0.8542584109644601,0.8766561519478369,-0.10742894380715684,0.14358686568034051,0.3482081961621809,-0.0370383399464872,0.7727492175271237,0.06896355625211847,-0.33037324711089344,0.9515906382760985,0.7810790256122697,0.4186228094325256,0.2470763329796104,0.5794234675566731,0.35089306608880977,0.5135861995081451,0.985768661272215,0.24844030286688656,0.41275486818313023,0.09694584401709772,-0.09302559037286973,0.01626770754990392,0.5137389070082683,-0.11240136899245778,0.2410972062902461,0.6119262749990255,0.009156753071391188,0.2032226175298778,0.7345260680298724,-0.10488918826347216,0.6480182417928798,0.03625979488582998,-0.24696571121908484,0.14484511721916293,0.2212469640263448,0.3778519902014189,0.23112259670044288,0.762024860243441,0.16214230680043584,0.038222857704587665,0.5301651694962539,-0.05122195757691117,0.801481201535255,0.12781910889817405,-0.35673422863701354,0.9791226716772481,0.22351783949390724,-0.13211454153945223,0.7905911780384383,0.2390391626248869,-0.24146108372007435,0.5069569646572847,0.7592336044342735,-0.3543816778900032,0.4148090862774102,0.4912814575658889,0.11557700058792963,2025-12-13 12:58:54
موافق,0.7372301245463058,0.5512289498952042,0.3148637404590007,0.7265825704477114,0.6985325683475638,-0.2520758430908846,0.5867575354591253,0.25236129629251003,-0.46155036791705295,0.19479532924477572,0.14885452829809032,-0.4690631396491344,0.03695887329700043,0.74716949457526,0.2793578752098974,0.2843376305825347,0.008074258660589084,0.0156879317908879,0.11677878773187356,0.3884705991853066,0.2892162612216794,0.10504136565413325,0.47519435596389636,-0.21195800867974457,0.7645037224839282,0.64938509268775,0.23977083226305407,0.4992205161481955,0.7922616086596633,-0.01269384559364617,0.31368299214239215,0.8928576324810542,-0.21751786927451833,0.6826203693878439,0.6974893184076945,-0.020226759092902946,0.45010230414815533,0.2985990703165994,-0.406801674089463,0.9659424927981449,0.2834448750048688,0.3537916095236143,0.7628653347895764,0.08130401277892962,0.25737523443536836,0.5277399670632618,0.8763931760124587,-0.06461091728362633,0.15346377512032405,0.8316866961468488,0.04113004559142519,0.4811554855678156,0.9588048629301461,0.47806481101283305,0.5184424839404572,0.8040206340372672,-0.10414938276636532,0.21683065182426564,0.3897061555850708,0.4908372197780815,0.7832070407207717,0.36458799178126944,0.4148920547050239,2025-12-13 12:58:54
موافق,0.5546578493103146,0.034074285076875155,-0.41037033860374705,0.08857885380657637,0.10006263986254305,-0.3421408389742463,0.9909668785351897,0.5539444675960219,0.20903508766148282,0.49785514295966293,0.9868587138535712,0.19848531333477437,0.7488758259334449,0.05247609230387895,0.47686794967373813,0.874419812668086,0.32547859611250385,-0.45447483122223153,0.2061831498319524,0.2838137015511719,0.3879796003926659,0.5081808014029551,0.44225308967760735,-0.004708050982230261,0.7895537767719432,0.4927848213091319,0.3748133244640479,0.6600770080374821,0.9949842699946173,-0.050817109088211354,0.6376544215493902,0.7674738484921169,-0.45580226955258396,0.04417576285772551,0.7043391388886532,0.1318150595576777,0.9480441251477805,0.06961743568521161,-0.35310495496473504,0.467496879929991,0.8084509489118816,0.15360497342385937,0.4010870706319771,0.48367019127367206,0.22616078406860085,0.5560125062556479,0.04360911453705285,0.0963900659617406,0.7614418316011896,0.8980823389991399,-0.24239247432814692,0.8162621896657002,0.5471201273723909,0.1774125221983074,0.11470484606616238,0.1729287702037231,0.04027143064400329,0.6487943443508463,0.4721407749114346,-0.49385906289374615,0.10373511585285589,0.549461297743632,-0.17377885841398288,2025-12-13 12:58:54
موافق,0.7375252031091442,0.17441077188981768,0.39002011386741287,0.590184105042739,0.2989915405780238,-0.1634542580439965,0.912113244655463,0.4146086366654792,-0.061029716483479324,0.8291500572085363,0.8705563324258928,-0.09040522182229493,0.276408143314938,0.7574647512576118,0.11626564316586097,0.19243289812223974,0.3469856213658419,0.06979075517254851,0.3517191904341729,0.8372304267529389,-0.14860659300218448,0.7878592721007232,0.05296959311136551,0.328345947614729,0.5888319026095825,0.4325812200493556,-0.3569907620400483,0.6064871551676129,0.31417360723274157,-0.40519097655110825,0.15612648157924558,0.34841843357592883,-0.23520050866478115,0.8824205330889693,0.5576430533036671,0.1326692116235102,0.9790627661656416,0.6448072933884877,-0.43927143184218065,0.29682645262647245,0.2790670296441623,0.43075608770695617,0.6236962781296616,0.8606996494024695,-0.2347459446889738,0.7582912862918815,0.1290072220137467,-0.33251729585916545,0.9786527370276432,0.7716433285438726,0.2742918607747995,0.5290453509169996,0.6947469623286374,-0.47394844459257746,0.43811003434422346,0.7290854394626058,0.05740657118548642,0.6992543849212572,0.10465365290176654,0.43491884522480007,0.6331314610309988,0.33107376343762207,-0.19413220304126777,2025-12-13 12:58:54
موافق,0.7448344521698975,0.1921935142278023,0.06870066311049416,0.795576287142279,0.3708951396434823,0.44658522053289784,0.36460064743645226,0.7713829993585094,-0.43042929785243034,0.05387222732121455,0.04862558643880044,0.35289841199940086,0.40914051213316815,0.9530407470436516,0.16156129025381527,0.8800524827067387,0.7943633727632868,0.3045402613648791,0.9918082747720174,0.8531449174598396,-0.1083232565661787,0.612724481114642,0.8008154067016632,0.10421411032588868,0.43565866121674657,0.05000492590542438,-0.23661026052018486,0.28487125349877584,0.35456454999199194,0.4184531356450971,0.3566192203008183,0.22528177764320645,-0.31324159203956525,0.1871395753972408,0.3149135330907121,0.2657963999579489,0.932382961027369,0.1343229839652409,-0.25558287594581797,0.1948097291696843,0.01583752060213839,-0.18521130298330102,0.4583595636068837,0.3299930902487834,-0.4231447150304706,0.17124530239476488,0.6475767697653662,-0.17349038954987872,0.9779649425514161,0.2700781962863179,0.4441120412419569,0.7227913622700135,0.47495481803625317,0.1431903114307691,0.5665736707288206,0.17470028383565372,-0.332690320081679,0.2606917183585097,0.1533964335557365,-0.36672003700897093,0.8996783039674284,0.3794634081475332,-0.1434728814939974,2025-12-13 12:58:54
موافق,0.5109828723978741,0.18478778264779616,0.3179345395160078,0.6115158757371298,0.625273721345477,0.2902909704011182,0.9459704811984633,0.6751523718059523,0.11314847073968759,0.9187984613282992,0.9398908422229849,-0.4400549487705342,0.5370400135286914,0.18630334912045787,0.23318662072669238,0.6301593728038097,0.7166149041173218,0.3730187876438952,0.23201098142232146,0.7214561931245583,0.4176727438974882,0.10898234590951872,0.003269899799143605,0.04808921014873091,0.7065585609614972,0.6833816679276531,-0.08572443369830951,0.5316015089088884,0.24526680616420216,0.2800446862536924,0.5567872587961056,0.9793137577592611,-0.10228574730544115,0.8111001596595617,0.873123159103616,-0.3625332901117768,0.9475234975736425,0.6462112249826838,0.2692045096209458,0.9740772418955741,0.03282614209521029,0.16314250359427995,0.47240004769434374,0.7782022540112231,0.047101726557844614,0.1501014960688255,0.28357755035520293,-0.2697663439260213,0.5590481104180856,0.1321966264999237,0.2015157790988561,0.645194953276525,0.4146417808183165,0.16263032671099598,0.39945925576152885,0.9658690219783214,0.3356569898964432,0.38332614372904006,0.17762292788015255,-0.23388458128899758,0.802937817691173,0.38547443424955996,0.47862691737736596,2025-12-13 12:58:54
أنت,0.8523340177881228,0.9689332741893351,0.2828140769238495,0.03213423595474685,0.35983881185747735,-0.2578059199632292,0.7008723749076504,0.4597139741174424,-0.13123638687941974,0.029105662766568785,0.34784230224271917,0.38912039221213846,0.0031604516712949726,0.9126844262451324,-0.03657097120078978,0.7636102319368466,0.873445711049511,0.3328218011827129,0.1275053503412633,0.7031246895543076,-0.09646375005264207,0.613887725456613,0.820718453935581,0.4329976986511387,0.6756089294003801,0.5645192983659312,-0.02185975302445131,0.42160265822199827,0.721051960068936,0.137736179476178,0.26417006566318635,0.07329245189300748,-0.26971109496947365,0.10543148918191059,0.33627899411331974,0.4076504048191748,0.3166707546100165,0.32873841534678905,0.4701886309322253,0.35371037725009247,0.9364999087185971,0.02992199685397956,0.9526630593156942,0.9163681776513649,0.2886452264508844,0.7752772755886415,0.9045696486889915,-0.18698631626141993,0.3075670419504113,0.9887697908890997,0.318120408165357,0.6169127641355054,0.0360077873943041,-0.2803046153101034,0.766186425679399,0.6353211117374156,0.45528662389077856,0.7909236577179414,0.9847102773127158,0.023526932771913533,0.6968263090507623,0.2706768850314214,0.16910845513343864,2025-12-13 12:58:54
أنت,0.4454510905195237,0.5015317836034551,-0.047324906544744194,0.7038321097545165,0.7620157500821152,-0.23751915547545022,0.15144544290275574,0.9644596128895618,-0.49805475914497077,0.7355581254469854,0.1460258941541085,0.4770354878815445,0.633081956648139,0.44396301918975245,-0.036130242960900505,0.1839631303066145,0.9284832891642093,-0.40829143874261353,0.11410268662046574,0.8213950013310674,-0.2704697508779992,0.37506503946866077,0.7876632847927961,0.0028973018032024678,0.3288327918209909,0.2978891375785676,-0.3091181249605013,0.6917705066719404,0.40417479352732266,0.23108692292969435,0.3283938086628314,0.2677705055697239,0.11471993030214789,0.9736392116494988,0.30898263024292216,0.10826651995153935,0.5729061169683517,0.9218598451362658,0.18993415200021768,0.5570165041005188,0.7578699842390505,-0.004681405414352358,0.6670887304321211,0.768993852917347,0.45530901406239577,0.40638671594831743,0.0833462373235716,-0.47515191419173375,0.7081321301022779,0.10964581754061387,-0.4491592666193147,0.006153112734557209,0.437632480553118,-0.365475553132916,0.8540512361972926,0.25412931048729104,0.014632541593903814,0.7076096599948725,0.6324691235697862,-0.10736676718344262,0.9054723624903027,0.7679680340279665,-0.1380902374393559,2025-12-13 12:58:54
أنت,0.14990303537808236,0.023354586908340802,0.22518559738344257,0.2625550834838132,0.4094530867668794,0.18200646299890977,0.6074135829896409,0.5841056801707188,-0.014609241478520718,0.44232854544960576,0.7372757676027081,0.24620168436617718,0.2893287410924612,0.6658563826368118,0.036273819342811375,0.665507381617363,0.3744978135150101,0.43418971295481656,0.5846017071970275,0.7648215274771589,0.4535844315592822,0.5909687395392069,0.43545543833892575,0.35604228322268194,0.814691405233699,0.1228601361942383,0.0003487537987887368,0.30615929881865744,0.9726651573299512,0.19214139507494743,0.16809228665944242,0.3910128898102324,0.4744931885528302,0.2974002450873703,0.41327534449895753,0.1802840678106421,0.20848024699481027,0.9441597520297637,0.17408495407741176,0.10443313934257525,0.02012593702229326,0.20376291271512936,0.6871643008423811,0.05416852514359449,0.21994147246512208,0.10592908587506689,0.323277460316165,0.27310442424057435,0.05674803325768918,0.8471100265169894,-0.0935471263646771,0.8094289160201802,0.4329928386455061,-0.24389664025146085,0.9546254849789071,0.5750175757791915,-0.38747362703574884,0.88663288774227,0.7942751137562021,-0.42788100283660413,0.36613137986172384,0.417374513097302,0.38097224132350094,2025-12-13 12:58:54
أنت,0.053960184425014934,0.1323645372142832,-0.16060910634064962,0.033260659885456345,0.6294008154640489,-0.3038410164297448,0.3592587658774369,0.7916493432868825,-0.31669148720858353,0.1660106938131144,0.6452060484068662,0.18457125972007127,0.48434012785304703,0.5730424488388808,-0.06498036160163456,0.4359546740003214,0.20153541346132386,0.008953342342328252,0.45793154779159007,0.6528263170471973,0.4553348815657928,0.3375873019598642,0.8365927443148407,0.2438692926587347,0.304759010217443,0.3440662831118585,0.4811495355459874,0.696783852218268,0.03516278301924225,0.0666039579165767,0.17371728506341189,0.738808011635159,0.04049949086174165,0.8470269503611687,0.008718997476065526,0.41750502448308136,0.5680003290144331,0.0995801834656801,-0.26437188442889437,0.8254495307532734,0.2872762954002561,-0.448297451203844,0.9836055949792382,0.6415090147886386,0.4162900504092658,0.11044848527229079,0.6646311785868206,-0.4814425375642102,0.6961158628619977,0.8148741181892523,0.16760239071092242,0.5849048759970982,0.6018750897529085,0.3781643820297145,0.1310503514673237,0.38921542795011543,-0.2716633270195016,0.1891927541664471,0.006614215892470798,-0.3514410921383986,0.9491555208450558,0.9297126213051431,-0.3036274781703987,2025-12-13 12:58:54
أنت,0.05296366569011379,0.4049535946830256,-0.3044440138362172,0.8312128522402936,0.24672168876895428,0.369487401653667,0.3267083152756368,0.44767383281400375,-0.14628070711522334,0.8008366688329588,0.9966274435754813,-0.3770252237417059,0.6165010201927077,0.3450277027263423,-0.31025646373780424,0.6754066091252574,0.12278294165141601,0.3726912919190697,0.7260034318323905,0.18863388236529122,-0.14820190247872278,0.4250391206273476,0.43525378219872535,0.16802119159584084,0.18564505410383014,0.6090895198762956,0.24212160794199944,0.05863799176667328,0.33089146568447025,-0.43975410064938114,0.9494500945146884,0.7473261889469485,0.28113991461062016,0.7843863824426311,0.8649213694491398,-0.25953473236816715,0.6398312490985237,0.7211294005916323,0.07397266212962228,0.47241801970058894,0.10304039906074003,-0.40753767723379275,0.7670979000508109,0.8868654760182859,0.3992634294338371,0.18786869870576273,0.40423679821439373,-0.2791788608962782,0.7093618960545647,0.09705647450181054,-0.4407437033024393,0.6155913820893972,0.09537052133597546,-0.41023990090621976,0.23107313539978036,0.17299471816016776,-0.4948574819817234,0.6629395425178518,0.3968127815858793,0.4383953686649854,0.29326101792152215,0.5234609746381221,0.09563407293431425,2025-12-13 12:58:54
أنت,0.8454583350073972,0.7492177380023743,-0.17609066147235386,0.8664644836842774,0.002742681795807833,0.425878535754189,0.21926302191707026,0.5201477049153693,0.043054884624102896,0.5990067193478731,0.3007691447397759,0.33367901455025917,0.7040629637406578,0.19858493262626475,-0.1829542458137171,0.5323160359568404,0.5479789848947818,-0.045416784867481574,0.4153691723428111,0.885190237746032,0.21949305128279983,0.6242674434582347,0.9915628213895039,0.09250291602998573,0.4470250748940676,0.860091739698513,0.3965101247030416,0.2251262516614272,0.7282912596278406,0.3567912012974187,0.17944932881074116,0.1883463371102384,0.10555470290231594,0.7918824703435099,0.8361123610851728,0.22734219792316046,0.5301447201465446,0.05038514731172017,-0.13689068249403225,0.6800116126496472,0.17525589626182492,0.4683530117801691,0.7468492998791602,0.28407038830070463,0.06827834818605016,0.32460547483731994,0.685316863144634,0.14527762126343668,0.14860851328554026,0.8369412044735964,-0.3482605799809606,0.30133503099814873,0.013769789865053617,-0.33159090389735324,0.9654742919839243,0.49213400303606236,-0.19016227306983147,0.31419187966174944,0.9756952681387506,-0.031592847817291436,0.13674019175467778,0.5507411645713146,-0.13805848052916492,2025-12-13 12:58:54
أنت,0.8219566109120021,0.5221293338531217,0.2971744112082386,0.16591448138341447,0.333597487606619,-0.3588055832835533,0.8018885737306702,0.12988060924047695,-0.2998611852407884,0.09588262972413797,0.7612260084741133,-0.00752348759174426,0.2916925314933362,0.6081006779915107,-0.4774529164455906,0.5978667421171052,0.42048612506201566,0.19185457031670994,0.8590472457307772,0.22076526290028342,0.28713859080514337,0.7212295151922242,0.8984046128984833,0.3185215383849205,0.13151973101946346,0.0653218236669868,0.07576216800618363,0.048841857052851934,0.6767950904489541,-0.26555652471803637,0.4996328397066505,0.6456850595476036,-0.36422997186520367,0.6810245857793786,0.6044876639121644,-0.13506712188636516,0.7214143218089194,0.027797555656456918,-0.16675590087413983,0.8852831690617982,0.1639294067214221,0.13466793034304536,0.8134582501449409,0.38946693544095434,0.2067026440335784,0.21277435094252273,0.9473514036195211,0.07001663321777718,0.9859487905859153,0.40743082174015066,0.1203356845517698,0.18356786581708173,0.7341627500467678,0.0856341830933649,0.5140099450372101,0.8493780954680541,0.4606052505028898,0.7363004627830767,0.7210930011279887,-0.41248539175429544,0.42903466776191646,0.565895171563095,-0.4626392017707688,2025-12-13 12:58:54
أنت,0.9230337017432533,0.7270335026571358,0.22340610455857035,0.5633005488548084,0.5402479131437461,0.13631056275813236,0.0877133425788702,0.6751333869807972,-0.34970129783805315,0.09544974875915446,0.07366675119209665,0.3901434001991331,0.28652854109771353,0.16737654402304192,-0.11632522333387207,0.4165975323583473,0.2695676793137567,-0.37868497376302734,0.21786403978496383,0.28716699524585276,0.05776743486563851,0.48651949490845325,0.22899969839236456,-0.16782398737209203,0.017072343043788907,0.8772333935123701,0.2168128245280233,0.6873183336979106,0.4717468736974787,0.43382020029580803,0.7029182143361743,0.3795843937229485,0.09994404879414553,0.8308892079269333,0.9302677805159203,0.10959867673177615,0.5794956462474032,0.057043026674155284,-0.12413216089879653,0.9976965971680625,0.18892665693730726,-0.09875866049426307,0.35992798201256904,0.3513704588125065,0.28413755003782826,0.8026355131474204,0.01598862299151005,-0.2115878051434753,0.5419343361432278,0.03404352243652353,-0.3585442976716884,0.6722551264848238,0.6333174974367867,0.057892375318247646,0.653142175928901,0.2365456368162151,-0.24285929647976057,0.5828946463920377,0.2063324717708228,0.1164247056440435,0.6612295790915688,0.6544487676450926,-0.2276095080791507,2025-12-13 12:58:54
أنت,0.39436286521629027,0.3369371488384445,0.21283298091865477,0.6326998690907265,0.6394745128023356,-0.4481144237500866,0.9393466459475653,0.8312805797970464,-0.41822496132303,0.8181902918964019,0.6100894428629593,0.17194744637654202,0.9479310875599022,0.4529549010916888,-0.15765309087793322,0.0337962564990264,0.31315563202244934,0.13572017790979152,0.11606978040210136,0.829419948908957,-0.21566087751409835,0.5829409532090125,0.6890063806819066,0.3590032098709355,0.7984857104233669,0.9826867311603441,0.34621018179745344,0.14545042708629352,0.915628662576122,-0.2484479531785111,0.9455323050909465,0.3034940675987565,-0.2878096733442663,0.9707565318570464,0.49756524919775813,0.4018176048276956,0.2744894970954693,0.42310999743299516,-0.12351284062029266,0.7497911208142665,0.6377353231580225,0.14637278518594743,0.33527758235566785,0.9941023058604033,0.43354169322135694,0.8973665349031,0.2951791222933272,-0.00020581119064744247,0.7704547966421441,0.7897875629719872,0.2514496852154158,0.5822099913650187,0.3288587110093204,-0.44730454659910235,0.5241228333941059,0.011617656616920047,-0.04130061478544067,0.565156849320178,0.7716551374466576,-0.12686392424048987,0.5135712127745048,0.7997079404928944,0.05066866072730425,2025-12-13 12:58:54
أنت,0.8995948199578088,0.6959864142202236,-0.05266444446955687,0.3845642427296575,0.18006445909279023,-0.10240342491181387,0.5299706875930964,0.458165707359948,-0.04101994153203159,0.22240223347394183,0.035585843078134394,0.19636609316728637,0.0664641184139525,0.6226178108528584,-0.02646089541343577,0.4449935012285082,0.5379383422438575,-0.3881652560782921,0.6502789760632282,0.018588576393563927,0.38415507057686893,0.8081670124999432,0.7527572003072265,0.09804426861250937,0.211356849486814,0.2580234115205884,0.004706555724505068,0.315568238549339,0.9830584885009502,0.4771066765472751,0.7582178827643302,0.3878425658196718,0.26603338603491,0.347284304190178,0.49857233046950655,0.09982842849778673,0.3257744384050072,0.6100717995783419,-0.1434346462884344,0.16390665960450812,0.4893392503905396,0.04082950000520025,0.7364065023755542,0.7272929505944006,0.10823098829017708,0.5588461548402313,0.92723799264325,0.10543534484007255,0.14358146331557264,0.6859655158755986,-0.4232002750269096,0.22746101074508462,0.27650721775009757,-0.0032281490559786796,0.4280308153008078,0.5308638460869973,-0.43459182842833655,0.7922497534736795,0.3053854494661219,-0.40128029976376567,0.5637741754315295,0.6492407967553547,0.02620680949054044,2025-12-13 12:58:54
لا,0.541304462348963,0.9744286861651257,-0.22278342550025776,0.8358185171868603,0.03787857385000282,0.001709383699140532,0.4855728888962574,0.896800701212888,0.2938236075278531,0.05447913872134713,0.24561710451493513,0.28603860062866504,0.9775348851768143,0.3357192182313905,-0.4241005374175203,0.070003028478829,0.46441287794855124,-0.4280310985024305,0.9273095928045167,0.9172286033046002,-0.4381376502042824,0.9992100724698787,0.45386695283855705,0.007778819499022704,0.7999611968525797,0.1703477099598143,0.4039935939172299,0.35197829474275155,0.28115231697158194,-0.3207393971524779,0.32568994170036614,0.11767636383723634,-0.44684640601391,0.7746743283244647,0.09193697579483706,-0.32365000189165516,0.09595361859591067,0.901419079230337,-0.4951986539159674,0.23489826671178993,0.5245982580550065,-0.1684881865936283,0.5044386260343711,0.30945654510464815,0.3822314172165733,0.9749445357124519,0.1605197763515419,0.031141824993003664,0.13056960421690078,0.5677279369134927,-0.24104258852273774,0.8488722768476809,0.8283900596494537,-0.1304864108713194,0.6195565423020032,0.432006201134982,0.049405230927277666,0.5573493164668919,0.5560950817576177,-0.4414554190741491,0.7130818018258293,0.38966424892683293,-0.3908651114151366,2025-12-13 12:58:54
لا,0.3630605720293655,0.6275794131257134,0.4303654104040018,0.1024869876156207,0.49592977915164504,-0.32716855191754046,0.6739028657172783,0.20891252098885904,-0.3296950309232044,0.36746040329426055,0.4171258286091519,0.22717636473587222,0.14816593266521327,0.661463191436914,0.0350465058112116,0.8648884535816337,0.6735422125869541,-0.16752416011649163,0.40898816124729076,0.43824660182356523,-0.34624702896384374,0.23673895654985722,0.3167534736292025,0.14471994064182514,0.5438364336827773,0.15886946842457672,-0.31591613147353126,0.0792789763870988,0.8538057661080224,-0.17388141610633956,0.5364452162238834,0.30560366477357026,-0.20148834660271808,0.8630248538138798,0.8405265850170878,0.19388213976755564,0.16441571967785262,0.3771852037367318,0.09098356721113943,0.18774145071290627,0.11535024177078412,-0.15719709977323382,0.11831821869133474,0.03519681814635667,0.24039509356346989,0.6892376387036404,0.27868925338786665,0.22717628798026912,0.5977542057489861,0.17728262651511117,-0.22856012291341266,0.28547788851697564,0.925961772052285,0.1310750043257014,0.1921284534434038,0.6656166160085323,-0.01251984132488071,0.1375254282956594,0.44972255715243337,0.4554695833756639,0.04841494133093749,0.08704735580094491,0.0032658950611081927,2025-12-13 12:58:54
لا,0.47898568824746013,0.050237774901023546,0.36617022073524585,0.8113426507724841,0.4977182577634517,-0.015295943679435542,0.44183207910980027,0.003308390232957037,0.4439186772383753,0.8662615520572589,0.16147578276498564,0.16341512814078074,0.04049510605559903,0.7187087004251803,0.12524236020197899,0.45108360548844806,0.5401925502145019,0.279191729806446,0.8066231586171468,0.4655724002364565,0.4383698193560145,0.20502745379268517,0.9480008852734719,-0.296296534452963,0.27981900823783035,0.6515365992072554,-0.053187313102474265,0.06848279535456847,0.17822466302700346,-0.3818030673771158,0.21358950489483408,0.23050602082538252,-0.4020815504415092,0.6934443593770298,0.3365589950252764,-0.2671249093281649,0.853306156975162,0.03392012792707422,-0.13043379371748942,0.31315335620308205,0.4614611592730419,0.15823743222002695,0.3568941638238202,0.8439111700765753,0.11130668000443467,0.9727721475978857,0.8318823760201413,0.27113712597919803,0.6382300004619625,0.9745558915552487,-0.4407875296444117,0.2940125116346912,0.5956986514420508,0.233254591774407,0.2704490305284222,0.3218190640696952,0.34177392657823746,0.5174361913880198,0.9514947554370184,0.1340593798652473,0.4765143379328336,0.7398560669407108,0.16477356341484406,2025-12-13 12:58:54
لا,0.48910004962179254,0.8903751919914135,-0.39052305953552147,0.16257903116899708,0.2790276385335664,-0.42518105082210345,0.7465771569571783,0.6591201500261782,-0.49976137313513336,0.9286749422066412,0.5906474641789328,-0.4747780318427779,0.7720266586963387,0.6604614895579254,-0.3834097275451738,0.039649374111771496,0.9671302876078787,-0.1415869562042672,0.8730577461775942,0.392365119260204,-0.4273544280006256,0.283994543496188,0.9750736225296986,-0.36719241562194127,0.9887969133290252,0.9925426669292362,-0.09563375641181238,0.4803760755482188,0.2598992545519626,0.14801130955137876,0.9217709504799262,0.7749930542643143,-0.3627446677352656,0.9033184621712702,0.3575968311284048,0.42267037000322705,0.7200365687056397,0.8393951566496667,-0.16448513230373996,0.2133600022301272,0.4902745937317736,-0.14895636372702636,0.2060866839251415,0.5754158864864386,-0.1857336800117355,0.6778868816568036,0.9101684540227473,0.25626042144400596,0.2730094573333022,0.011968999916281753,0.1598182443024878,0.34773828351768366,0.7266793465078837,0.23153523823054634,0.9179816090113025,0.773398074720381,-0.027797585096864363,0.013242355361322122,0.4593660620729181,-0.3570693470457129,0.42946423535264766,0.9392955832890287,0.36583008261150707,2025-12-13 12:58:54
لا,0.04262545214878044,0.6271442342038349,0.16626226045564485,0.462004263126109,0.9883800950718957,0.1746492730396022,0.5495421560898825,0.9486621388394537,-0.3252734316136442,0.17903603006673463,0.6302272775904656,0.036240658891372846,0.6975704806868941,0.17301825512107938,0.4770422579898458,0.7896558289765397,0.07916071505428901,0.2882003014917408,0.25986651966298235,0.7400836550731079,0.19886193281351638,0.152550057517974,0.7073969132165451,0.2733916095870599,0.313966136654692,0.16676294951748405,-0.49276129127521573,0.15631326780332533,0.42692893755468186,-0.27665646470622685,0.25046170533510137,0.28061732544134044,-0.371531404627756,0.2840572425229293,0.4222287836657451,-0.48088778503135543,0.017050725205361106,0.5683057643552714,0.41861294720555087,0.3294660127160868,0.4720251873696053,-0.3629050059752451,0.34599929705352217,0.3131545293571133,-0.44324423872951635,0.5141436903956689,0.331558000727052,-0.19507083127216862,0.3747712179804754,0.2547688048507485,0.2443662850470404,0.6438727240822557,0.6439584347665864,0.04256215887166326,0.8875650342029455,0.6572346966808267,-0.20033460523542668,0.07190767551066735,0.3570894025678113,0.15658914795055123,0.12278965570992462,0.421500919409059,0.233489617011706,2025-12-13 12:58:54
لا,0.23456171245372637,0.6080173509939234,0.23876529489407028,0.31955179040172266,0.6541030804426118,-0.32657570745821096,0.3285686815899349,0.6557508393154226,-0.4088379416487805,0.16534306194065307,0.0461247274745582,0.13816741749331884,0.06342358835529005,0.17992362497392245,-0.48133092282343304,0.6935798407651372,0.9430929257057886,0.14749518329708644,0.28192707259411054,0.9597049951859337,-0.15383174697533186,0.42911781728849563,0.9597474652493745,-0.11599956987533455,0.07678155589670255,0.5071764625026532,0.1436892831244322,0.7585464847879058,0.5562462808692857,-0.19104550083580352,0.27278094378146167,0.3541151993960997,0.29428298907939165,0.7581681237049787,0.7478338058935716,0.3428913600737903,0.890376278068514,0.7024023160090513,0.1199446450132734,0.8167746566266717,0.5327566740459955,-0.16427219901011614,0.38171399634899694,0.36044008573722164,-0.35419626153833894,0.8339574492528835,0.9909062438481866,-0.41685897544005857,0.031191306330212942,0.024532803904788403,0.32480490633907066,0.41730064097813147,0.41702462859316825,-0.4334301413975038,0.40923690282326397,0.37987713497654396,-0.32441205544577356,0.8945915095476246,0.6705885160275439,-0.15800953086957814,0.27186798915570975,0.8625224851024182,-0.3955328251670055,2025-12-13 12:58:54
لا,0.17392421156630367,0.07950983695019753,0.28984177547404666,0.06764386545445189,0.47050204065211754,-0.0626102550310147,0.749031742083104,0.915293651827795,0.4660183264441745,0.9471459082190137,0.03328216760899405,-0.4872578649276196,0.47692727267229207,0.32098183083027143,0.23257285783570358,0.664570890643744,0.4433202721781505,0.16947341497180712,0.3982361192510391,0.11278490507826555,-0.19519728880755938,0.4247408276390291,0.3417376107888612,-0.05097909912947074,0.7556880888502692,0.04964005166858576,0.1816008218709967,0.9211465773432933,0.9639934891580753,0.2163956217686217,0.24988568835769753,0.2683957250103973,0.22349992170127564,0.7144342113414018,0.06505153933086905,0.1973572276168697,0.5900191094608868,0.344534260663919,-0.46802555217203956,0.3886557739615477,0.9336997904768772,0.3226418265872557,0.9863877953874333,0.33654533543090426,-0.3053462715136208,0.10853512054560777,0.4734985651884235,0.43104547223373413,0.15228097323835021,0.05845902359450317,-0.20161192055975818,0.21041239504738773,0.008941761512442858,-0.33306943217942464,0.7514571086459173,0.3091878334078342,0.039844721525995164,0.08259064563621366,0.6044163005016489,-0.11616354352684433,0.8393801814210877,0.003448183733916088,0.4657871597936337,2025-12-13 12:58:54
لا,0.2600914926265536,0.5548439059662359,0.10595340916092433,0.3016803489380997,0.17250788692877517,-0.46632538652792843,0.6312356728962868,0.9118613842570431,0.17618926291334602,0.04056021004836852,0.655411913107423,-0.23002184709313955,0.8015695358362922,0.20997219630778596,0.32862126090731314,0.05447495395114066,0.9330843139568527,-0.27246197209837275,0.27961854467084357,0.5719137021223152,0.018297245209767277,0.38155342861532715,0.10155557754860034,-0.03577929777933786,0.8301243413795146,0.37777096716848246,0.42237496938694974,0.40705163197774163,0.7901510355952547,-0.48880594981455927,0.6006952370417193,0.5630687783533683,0.026819339568124545,0.011795276421571743,0.31710655486143857,0.0031377258596837487,0.22230916419550117,0.5519235471740321,0.22176498247433885,0.808878534942332,0.522639361133371,-0.13144447915923918,0.1681178847871042,0.0023109759865448387,-0.3325368194527143,0.9232981051822311,0.890648023159927,0.4392916196401745,0.14175679241914785,0.2602121325427116,0.27273246326427336,0.9450393352970123,0.3136301581493335,0.2410465537751616,0.727568751407472,0.5023764214231025,0.4510731468959346,0.2579813295206125,0.8731779397121688,-0.25581931363500765,0.9663627003421968,0.899366431469135,-0.12878775770243167,2025-12-13 12:58:54
لا,0.7459751837967232,0.5281070765710123,-0.20306359562132836,0.81203281465898,0.741657263120493,-0.3877236394667335,0.8995914000221953,0.09554452443917905,-0.38246514027302014,0.18755111742708397,0.6860361253603926,0.21332762797361926,0.07611680496608797,0.176889326776129,0.3215398232814187,0.7561367731359693,0.31118558708680044,-0.09045001893103222,0.1568791103209599,0.3599527704165898,0.4260596087990688,0.1527750839497024,0.07402709138528107,-0.3397045948818501,0.6110462379082812,0.5767375277057838,-0.24898790690400596,0.947471585113243,0.17514224831118919,-0.18570757647993874,0.755106868872892,0.028264575779386458,-0.38377731351776023,0.29714640402876213,0.5756277200908755,0.2048489581739189,0.8247508222963505,0.3681556154948773,0.33899155637638856,0.26940658862166666,0.3575845863091732,-0.08209953445418638,0.501360653148864,0.6913065180552229,0.27824581777744917,0.9919283469869359,0.004206874606710209,-0.10240019571221537,0.503184990969569,0.33120416929658403,0.3387024848107737,0.03194272764216355,0.6372283221167824,-0.008460677470378708,0.8598234724514703,0.9684116416268417,0.2633257283352378,0.06815353851703165,0.6336809868767548,-0.21228388333688297,0.9368055242870963,0.7534143048415042,-0.42213500577559804,2025-12-13 12:58:54
لا,0.4354470426286491,0.8167291457934602,0.2087069069388463,0.4967235780748932,0.6521008016428974,0.21975986840548845,0.7170727610039251,0.1462730242589917,0.13777667415269057,0.21242840992195766,0.04773481883498909,0.2556687425970391,0.21813667226356004,0.14940092955525264,-0.07029313806524762,0.4767933969759146,0.20108603017688131,0.43809451236517505,0.7586335825884799,0.08044311256805381,0.05631619159401846,0.8596867549759424,0.9332996632196232,0.02971615610930589,0.15564656570136304,0.7652477005747225,0.4109797066423231,0.1407196660925505,0.5537040354900464,-0.20008337409448296,0.8885975635200918,0.6591617044796757,-0.2102203606689249,0.9523846912998827,0.5351055554482456,0.3484583473619466,0.025464311649095683,0.8105031993425661,-0.20191731957894798,0.6694285181273493,0.5898511464775827,0.18390371668303984,0.5166015197338218,0.7962860100393454,0.15550180560754812,0.4188590563712068,0.7654530142741366,0.1295277155317064,0.19909023736272968,0.6873103933081147,-0.10780571997708754,0.45565249417068354,0.011480880915610503,0.12526150351061394,0.24154379278812832,0.32989441754995064,0.4328357477177882,0.48020035199541755,0.09272956987391723,0.3301950364671208,0.46873178910316415,0.07856371331150047,-0.2647584192599238,2025-12-13 12:58:54
هذا_ممتاز,0.9239880470327424,0.1973128202216634,-0.024627752638746614,0.6001691354007815,0.6112947958457047,0.40032718265874623,0.5368057520719783,0.6219677389237567,-0.35143465768060056,0.7871274177053995,0.7666389148282976,0.24535975232121054,0.452003266968654,0.7166412975077604,0.05461600676380518,0.30400801623201845,0.5424808622502759,0.12832147669810845,0.4633672681694593,0.7673224638545141,-0.36927053464898674,0.9577239737760622,0.9447499733905866,0.12168223536137368,0.2836591751962281,0.4692760094056606,-0.37884036723606385,0.7648870100085413,0.06964030057654214,-0.1546590858795629,0.8824442021934055,0.4633995670327158,0.23793975937889966,0.9546831901239542,0.3883809316793362,0.3548191374349622,0.3232654852472453,0.6824760319983736,-0.4339918143620639,0.10233420911261915,0.2604495913843181,-0.21271998989959362,0.5912953330689161,0.7230772927145397,-0.15975639872496494,0.0957616246091344,0.2304204362335247,0.4810411764981911,0.6596817861025268,0.19854263948108142,-0.14126050307040994,0.3286777923812201,0.18760006799638673,-0.33715943186903774,0.9079101447492901,0.048799938733021464,0.32460147476209456,0.6458776582830659,0.20057305236667378,-0.46949688772335385,0.33284458199571065,0.6623874867010431,0.054404664249316115,2025-12-13 12:58:54
هذا_ممتاز,0.9295539831932172,0.9453975324336913,0.13451872328589143,0.043934317844620874,0.9650222569196242,0.4939296017296775,0.5529004306749189,0.8889479800148381,-0.42616916324207277,0.17309118105424115,0.2963617632806369,0.4891305293026189,0.7549513744291241,0.04131637135614319,0.3782586821358491,0.05408737819034637,0.11916599801757266,0.2359816696670436,0.10334183388569207,0.6870716036648422,-0.09148353615924276,0.8160592400747715,0.9356734101806591,-0.13878413643867982,0.24024713091961203,0.9161236807407895,-0.16440207411842112,0.44793625709141316,0.8367837567384322,0.11841827354415635,0.07825917925703241,0.8788134474849656,-0.03283402471917296,0.29201149574741436,0.7665361279053767,0.482410495598688,0.6503151723936925,0.854347692199985,0.4767502352732097,0.5097177919922875,0.0473308229598004,0.4017209170035476,0.7649059026608597,0.09648391456820382,0.1998068042791833,0.5406803130688675,0.5061293515165329,0.07957836485574665,0.9135230717622276,0.25846911703856634,-0.34422195099661546,0.47633441666649445,0.252146606561361,-0.21129641617097672,0.44473155275504206,0.7526579011722684,0.008933150135661982,0.06811656463465487,0.682405678663322,-0.41274568280105917,0.41734525806496525,0.36326175491860124,0.3039965934080452,2025-12-13 12:58:54
هذا_ممتاز,0.24589702184962814,0.10372836047556189,-0.22397969259365513,0.7001482271496811,0.2736445595291156,0.12998666747054055,0.22557908227171342,0.12566350948647298,-0.2375333652957724,0.023364573591370785,0.9540471557255468,0.19351828504276514,0.3453457300661341,0.28118527953935646,-0.0005085687434673858,0.6038671805247168,0.8012939755314271,-0.14590820069356503,0.6107971082986073,0.049570655081816906,-0.02339613173856825,0.341941266854892,0.7371241594488035,0.12504586572963083,0.6148519608500455,0.7503270206342431,-0.13296086693383447,0.4488622842779636,0.36933018513273386,-0.4395697468326959,0.9838467918292414,0.9592165763035606,0.131702844986615,0.8922843432678634,0.16731293417704807,-0.10284683808064676,0.6187397416881272,0.8941408575205609,0.2331183643291318,0.05638918544587146,0.9715844089785387,-0.2668224236917466,0.37340364904348367,0.6996168578017742,-0.33422894611720355,0.3333338924396746,0.18778327038498954,-0.4252564094897485,0.5615214087536008,0.9592785874770405,-0.45885228091287367,0.4188115076061655,0.3786159386931446,0.07336667963911236,0.937685582368832,0.8934222601063655,0.30551875520986993,0.22943940069453128,0.08965290467637022,0.3432279077801492,0.973674383367525,0.2819530014225159,0.35083750000794756,2025-12-13 12:58:54
هذا_ممتاز,0.8332748483270952,0.19974501915943965,0.3009138278410647,0.6343992025977001,0.5819670974835672,-0.02578505057868774,0.9579632932889593,0.3397911466506527,-0.21954542422500634,0.9471898586231622,0.10770043562330711,-0.2159501693105842,0.15933413724839784,0.4858782465835766,0.48805401116495495,0.05279557313902261,0.6714275741271633,-0.3350647630778275,0.15603791652454468,0.8521049356929358,-0.26363136746884086,0.2417509621386441,0.09778359054682995,-0.14465249842724093,0.8495245507875226,0.10898976670665539,-0.3329944953513795,0.14975619698262788,0.5380620238602969,-0.09018558807362587,0.19915823886142203,0.6532187287870997,-0.023039502707598025,0.7929485070774784,0.7690667338284413,-0.3810491337011518,0.14939620180940705,0.9556746993365481,0.10286386059261587,0.9155397955120129,0.9770395207525956,0.26356982647665317,0.8258720371999969,0.7909763999075616,0.00036355911253938,0.16229314995982436,0.5440058474283367,-0.45272188479878794,0.5505581505279353,0.017762950631833196,0.12926024845845052,0.1915083042153003,0.3904793273851338,-0.11529207751682713,0.002037056143416316,0.7988466487264831,-0.31667670509752255,0.8279246381442155,0.047835645081912626,0.36009659139966577,0.8970737625539141,0.7047257734411722,0.31597383186300176,2025-12-13 12:58:54
هذا_ممتاز,0.9832638261848677,0.6585203769438147,-0.2758201315211156,0.44944172977831964,0.5963274556908337,-0.31077126426315826,0.028121212989691835,0.3504671471143881,-0.24784787401053032,0.3179634444743792,0.029321628944320666,0.3636098819981476,0.06884108308154568,0.6448585578329828,-0.08201328708798838,0.3919977248335409,0.6331581439701033,-0.03324735596651285,0.511531070585967,0.1562498584919093,-0.4706457538353441,0.6720119035070328,0.3830100715528716,-0.35463289083473937,0.7432514486071969,0.7271837668242495,-0.1146277475933517,0.3742497360451982,0.7020473714598651,0.1842097700560511,0.9197508583328114,0.5250179999194033,0.4775594974133056,0.5405060320877102,0.29642455640552634,0.012465656120764224,0.5289818818988831,0.3111977238770449,-0.005032850167468461,0.004982016476747786,0.42020601091569343,0.4738912706602527,0.14258535132614636,0.17101974682853394,-0.38876823424108964,0.344058601058553,0.07241066546100039,-0.39705736823325755,0.4855839624989915,0.19597470665172378,-0.383793644111855,0.28045997619751184,0.05838612200695903,0.3375137121028421,0.2875861426874785,0.6934001287039511,0.21714679727448283,0.06772344109910233,0.5774693318466951,-0.4508609461444296,0.7629174546757049,0.67450994442259,0.11094538167323553,2025-12-13 12:58:54
هذا_ممتاز,0.16529718782372504,0.10230953417887578,0.3158068146730034,0.13464271913174763,0.4686991643099746,0.41158837925642355,0.8296540468113612,0.9331484072856384,0.2657620586700805,0.388700838851194,0.08672331039701275,0.35498897996168466,0.11335579676325436,0.7365695353533201,0.09562121376385158,0.2456592846481862,0.690946513403798,0.15264861066036084,0.407560803443175,0.8496457979653771,0.18525044905343602,0.6730950677307126,0.1975200965471906,0.18550233619830347,0.9705911331078446,0.34409885047022415,-0.48522488223194515,0.09306950635433342,0.21606542381302274,0.10135582528280729,0.14528637040096315,0.05835281811606008,-0.1937442058662986,0.9104322369663107,0.8092801386574171,-0.12926504162493202,0.07239341730894455,0.15987915289343346,-0.29198295722792567,0.23183261617405648,0.6338053751998604,0.4839667115721944,0.2632786141736162,0.763886758796491,-0.4743290302916572,0.9313944592571277,0.14392061405595935,-0.18550001882479705,0.552594236706984,0.2611282206649088,-0.4138871983295275,0.9836697034038471,0.43866797612428055,-0.04434735347374996,0.7142219734332921,0.40279920545410375,0.0730855276900012,0.004624279145489574,0.7353784494357524,0.36812003620895306,0.3633152585883558,0.45190902700719604,-0.08958128898389495,2025-12-13 12:58:54
هذا_ممتاز,0.972902273619165,0.8796884902008316,0.473348409935342,0.4514614626959479,0.7879750077539901,0.1540996233809313,0.6432387423529102,0.299789443586131,-0.1631424226367062,0.019325947852084302,0.3972614144737898,0.28594228070644523,0.6092019006417027,0.4098543544560812,-0.18015408248316445,0.3666137844100098,0.860551925592429,-0.45425006399335355,0.5586104192761754,0.5510949064599447,-0.21264220088135366,0.8694936821699537,0.3569804431612351,-0.21656013001519514,0.2373361010950108,0.9696746342151801,0.033368079978346454,0.8359459264542293,0.9142897406966963,-0.3366503113816903,0.69820875916009,0.676607554304905,0.2882356580185875,0.960001711717682,0.810680343654462,0.025929201805652946,0.03334333136612133,0.024688703031022774,0.22471925801357706,0.4496612520948332,0.4004234233537506,-0.06825806044594418,0.5510157353240909,0.5149281986362473,0.23583923654797134,0.29106206171794435,0.2227922812493086,-0.034737805191007776,0.2968390471458058,0.8282639926773208,-0.48588690141030844,0.9068513119682241,0.6913190750732968,-0.12415772300073458,0.7905659991192295,0.7562248297582108,0.025309373559815662,0.2309894869784893,0.06539994637355251,-0.4102460895368838,0.7347865796454209,0.5215047163446449,0.49138004103739474,2025-12-13 12:58:54
هذا_ممتاز,0.19971077279249894,0.03612509938760955,0.30783956459986694,0.4337018969975902,0.07420799174518566,-0.17399699933194568,0.4836438991268992,0.05300819435758697,0.09908583270282889,0.6536013926270271,0.6389811689411494,-0.31022150871239196,0.9730899028204061,0.09182660834352652,0.24201269860781405,0.9434535620914299,0.5830853300913255,0.4654063016001385,0.6291631101464406,0.8955531511809167,0.44442368460326653,0.06488535221109692,0.01326877994105835,-0.04437915579325691,0.6982939422464955,0.7102394316544225,0.10733169056198166,0.6572334860821457,0.19415407928262762,-0.020922365586510283,0.45981139293235107,0.7614230083462585,-0.09312424282397469,0.2529540805081294,0.21038604381572612,0.4293574065877933,0.37040042665888184,0.26989951156866687,-0.009559376310713574,0.05533238393977291,0.91977899633531,-0.22618859547841752,0.4026453275401143,0.9569599457205143,0.2826999790727439,0.7159271906444035,0.8245720585818264,0.18612456782838793,0.38919767465762256,0.3338476322890107,0.21427863796126567,0.6164476550088143,0.5278884897957148,-0.25397325904478585,0.36555425268859165,0.9141215631498717,-0.22439396505199827,0.9761710886136997,0.4827017404572125,0.11639716188460958,0.8905301125225156,0.2813041922222044,-0.1570787405854298,2025-12-13 12:58:54
هذا_ممتاز,0.5509387402070023,0.0763847852203543,0.45969623035773843,0.30902660801771753,0.5205987186166242,0.03856393805114944,0.10849781059151897,0.9002963479726472,-0.06602179467446057,0.7748016128380065,0.525134921161324,0.2486318348578177,0.3246654107734569,0.9516377915825013,-0.12359953621027941,0.4376301062185367,0.13074633415249148,-0.4848403163607474,0.8406157694113443,0.3764935422426112,-0.19724326720874175,0.4869390466145527,0.4862238397777795,0.004233854969184825,0.60537470700794,0.6766453477139379,0.025598926184552284,0.6032873010942132,0.7683257093289312,-0.3242297218032215,0.9760496557985439,0.41755711184525324,-0.426388051765216,0.7064496609667911,0.690683938461035,-0.18858507084994158,0.6953567807191664,0.9072715549613328,-0.48794343411111263,0.04377054808177039,0.14023627483896017,-0.1355464958065734,0.48896083096242327,0.39232524593437657,-0.4275724553419039,0.8734563353137592,0.2939478405860435,0.4743896155017251,0.443077602394928,0.02874968000052258,0.16959710461378608,0.7763746505317466,0.8528025820027032,0.3131024194340666,0.5959609601921564,0.4819627455775515,0.1877680370074345,0.6326098413604927,0.11568162778838209,0.13283751760938156,0.8613130134768686,0.8515781286275428,-0.4617982767607637,2025-12-13 12:58:54
هذا_ممتاز,0.8168597638682065,0.24231144267246152,0.4590072136307495,0.21823536337929317,0.05556476855037118,-0.12092528316478468,0.2712433501316338,0.6411462969291528,0.4897623200686263,0.7758886049976779,0.34002437794871443,0.4660081380700567,0.182181308647836,0.37343194918757316,-0.39374175289756197,0.5348873518355652,0.7035290653614835,-0.28183795167194836,0.25644287961197987,0.25561066963867884,0.40800663288948436,0.6832525756272959,0.07814960791633307,0.22573221937235366,0.789528391117929,0.6255518724482563,0.0561567287798872,0.07044818841860134,0.24109071846478225,0.3324657499962659,0.032735104522688685,0.0014506384280892348,-0.19218569570395294,0.3677860877874901,0.06668693978842644,0.4170527480158548,0.6584073405596295,0.006650742325917114,-0.36818498986799575,0.7330578706771609,0.7497709327485198,-0.37758189007573906,0.7748605655740087,0.07431875508847607,0.34321866297502335,0.19302483135852333,0.42619488711991405,-0.4330767405603202,0.7630499665519909,0.24713888060935874,0.26687562810489474,0.3438971187731418,0.3960612467307606,0.20289534454988378,0.006701648089126211,0.5822985906979524,-0.12748359793444497,0.48209955576855235,0.8865753735222013,-0.04779075173896774,0.4776991837609177,0.20423369770178434,-0.1985538033311689,2025-12-13 12:58:54
لست_متأكد,0.4577557615541272,0.5589500308512187,-0.23773761310059938,0.4326676979134907,0.6941577810361926,-0.4360214312232763,0.9948703103499689,0.04837628802831895,0.03305296105727096,0.20350379975064525,0.08033837106452923,0.3254179453253433,0.7610863640664509,0.8681328477015496,-0.23612599687392044,0.8585448743295185,0.5572352857687212,-0.4107469235529301,0.08017991652410761,0.054177783659052126,0.037251004740700755,0.04700545109119303,0.013140305677966868,-0.4519384789379898,0.7856452756684896,0.9719258478146682,-0.0526799370606289,0.4376734045089925,0.44324846748560476,0.4249291476801982,0.6619919771938858,0.6735582664631466,-0.4467655451713388,0.36535956132201697,0.612330006516185,-0.08759302275240066,0.7472782593817983,0.2828581602626641,-0.021124887393445313,0.7954395193221689,0.06272566960312842,0.06253200146394089,0.046171923398336534,0.46363731584595047,-0.2666235054638617,0.2226847036402908,0.281059182305192,-0.050762694996651314,0.5639050926946634,0.6414405256731708,0.34867725141663075,0.36057333508037615,0.04964668211859258,-0.013892398559592789,0.437884035437789,0.4309307029301994,-0.29784919966167156,0.09223378812049476,0.4441875620967465,-0.12463957792285463,0.645493030969771,0.7300558522305068,0.09648682624517824,2025-12-13 12:58:54
لست_متأكد,0.09150510974296189,0.02499528406775009,-0.44359721579817224,0.48265606953730467,0.4580725651368447,0.4123362470441455,0.7875350775256841,0.9701251882665489,-0.25447253947272386,0.5517892755368685,0.7899717041630123,-0.04283202578303902,0.7874183167218975,0.5487842397749748,-0.39049005998680864,0.33478659716045034,0.1789509964045044,0.34895088513519246,0.9963913679126173,0.9624055349575477,-0.1986493380065899,0.7570901493309107,0.2797474124360816,0.4668803277848017,0.08805744724581632,0.9770083959975349,0.13891984935322332,0.6713652228499031,0.34302166835945336,-0.35127820818749333,0.7892415360865066,0.03175845938034361,-0.25174576761032685,0.5427987660307279,0.334046195823708,0.42404048497426916,0.9127453117606775,0.25132102859580907,0.04544469025933395,0.6239265801350602,0.6408558651457005,0.09879828752344022,0.36618072818712877,0.01406671438351692,0.05711325238823495,0.7165824445341773,0.8907557157190592,0.49839177856508055,0.48674523784509116,0.16526407865348525,0.3483845167788965,0.7770694933623313,0.14336507209228155,-0.021795315259218073,0.4956892755718647,0.9740574167480766,0.46064016563736787,0.01910829862722907,0.8157747899202001,0.43598592729564056,0.015302183737340158,0.43599599601481476,-0.1273610071752248,2025-12-13 12:58:54
لست_متأكد,0.11253805490865343,0.6776115457260373,-0.3160554127011418,0.10887175605432442,0.9338179717396494,0.30792358844034395,0.5469862537132567,0.13304146135922457,-0.4461552501861492,0.22237673073440156,0.9862590062988073,0.254477223335247,0.8792269168635646,0.10787366943343668,0.4453647390226627,0.3973365594536463,0.38248531268881536,-0.4122009518815488,0.09248333810738896,0.1132090652687252,0.4072819884115012,0.6936726656845142,0.15257585607463597,-0.3855535716883799,0.5283281320744753,0.37761715719273503,-0.2761388908650233,0.8368609402082788,0.863843149914453,0.018173874205265506,0.5688753184141817,0.7415046028003863,-0.49873098892524736,0.42002680111829327,0.31116302003537755,-0.3446933915112158,0.44892827617525644,0.6023567200184671,-0.298983981485474,0.021056016338119488,0.0923163113951696,-0.28331556607535435,0.18979930813924473,0.45370023681667393,-0.25106865686724344,0.12463618730909021,0.6253323226630554,-0.09430994692526706,0.8231273114570116,0.6413133655505299,-0.3085232013922944,0.1328268230093813,0.420891850092585,-0.39076242677433115,0.9913672289369081,0.9491094374822727,-0.35591710295899504,0.4351601732904855,0.5157119580217829,0.07240862569088624,0.8222936333740704,0.22158002493996098,-0.33580458735517904,2025-12-13 12:58:54
لست_متأكد,0.08616843284016751,0.47321385282863326,0.021409006396736485,0.9605291965322116,0.1326273947683122,0.3190340816165236,0.7139778199112867,0.02594256256832206,-0.3162167525500037,0.042423256009125665,0.31246355153357375,0.27299356604824176,0.7354819465192818,0.030380328933816036,0.23672802186973763,0.7595007085069291,0.023533376501642445,-0.19628291676869092,0.9705585075509507,0.32103670440209053,-0.1802441896285466,0.8104508086667711,0.2960557437807291,-0.31371972897732747,0.7908369201148048,0.7270150146760262,0.20302862536855948,0.7460451559451381,0.5936830626135828,0.13880050708537295,0.6053711658433749,0.4439908119293585,-0.2614123985312907,0.5965813513024613,0.38989178202224484,0.05129335704979532,0.35145566614619894,0.10950404029810967,0.3536344877316462,0.12099885706399827,0.2609158844817243,0.03235919417251798,0.8987091232659322,0.32837272991687494,0.13437909225645395,0.26142418571914683,0.29590329993184605,0.0552835555196185,0.7891866023880435,0.055742643979354245,-0.04311607034216047,0.2986852239630904,0.5162397259782548,-0.05412983775340452,0.5104151660832634,0.8746393453958844,-0.052418107766432964,0.6612673742979179,0.25734873663724567,-0.10396313444831584,0.5504032613561491,0.8936498172768226,-0.39150431215554815,2025-12-13 12:58:54
لست_متأكد,0.3209161502059694,0.6470211575739381,-0.02833793686765218,0.6404074455663741,0.5008105999156639,0.28800961621458043,0.403944802090315,0.9315940646857462,0.27881932138448307,0.7235077380090672,0.10257750595021753,-0.034196645709425155,0.0644646236315044,0.9405567595531094,-0.3252873158169247,0.27868188718690867,0.08292052335460132,0.48196760283709317,0.0462456348701229,0.05422930075528387,-0.3270074342197591,0.5408330280800422,0.9370958183690422,0.1825206055351285,0.2664091733216726,0.8306221172781749,-0.28130413236077045,0.36275090802402676,0.33998019271642443,0.41995423991777403,0.16534876490105455,0.812104177547677,0.1871598820182886,0.9159674225026924,0.8557256416992515,0.1500755132558933,0.268664389011399,0.2661645237674064,0.3232665908002953,0.26721060639923344,0.3898079482627772,0.09193256629699875,0.9062919904786518,0.08765031387666766,-0.3567796758903794,0.8190396771037829,0.6270111606003265,0.0022738349404165525,0.767416233134409,0.06530105354369653,0.20580257692036652,0.3665192987249999,0.9342230796606968,-0.3850909092058775,0.24166971968809836,0.3562055564703842,0.19134363052619907,0.3960859199028063,0.260562016849621,-0.2798386470726505,0.38528391148689656,0.5287645616950748,-0.4395685023472238,2025-12-13 12:58:54
لست_متأكد,0.7044040343554021,0.27977048759241174,-0.09623319978866696,0.5445859057428543,0.6386524256483161,0.12785883477296311,0.42263766928916335,0.8827145610027349,0.39060072541474045,0.008783993953124125,0.9875534365277367,0.039432767661734314,0.2000809574061282,0.4281248881861003,-0.4137854792085831,0.2029375571652795,0.5924432187316603,-0.32210560074901984,0.08042916645439302,0.9339781090156601,0.35214834076755164,0.47767514022442104,0.4159188454342483,0.18137209430766799,0.9283575536695263,0.41278392362351657,-0.018854029417882945,0.8652469044689203,0.8401433382183503,0.13130674793009156,0.06925270672792805,0.11337085455992413,-0.441194610184551,0.8557705382840057,0.23255386765010178,0.16344765360541957,0.4223356831031788,0.727565730646746,-0.25892311383910094,0.07895982099305143,0.43649240928351185,0.018231127923263202,0.38215669908962446,0.6547976691621552,-0.02213252924804021,0.08685932918008077,0.09338729244626931,-0.048669397873159714,0.13127013048437464,0.4615514097331318,0.2863018233445396,0.5503543054916695,0.20577246944203487,0.20594667741447736,0.3013919011650824,0.02118917835423917,-0.42739534868472595,0.2703530327410566,0.3775528677714438,0.024085900758928913,0.6025234130726856,0.3136914186718617,0.3979046566003025,2025-12-13 12:58:54
لست_متأكد,0.4372643246669091,0.4136067720915505,-0.06426444828166733,0.7534711618328391,0.06417867334225213,-0.29862091511777566,0.6931263248652998,0.4465406321627796,-0.12357452134512248,0.1158320821978227,0.8228456550325594,0.3282861775820801,0.3738640567417405,0.8107411624928592,0.32488695498738784,0.7565254475701741,0.1516775439101311,-0.34563137364715235,0.06721115139381717,0.5766670012416519,0.0769180065784546,0.7420001128286459,0.007844859800517634,0.26683841666565256,0.46332012285721424,0.679112165932578,-0.27533676834520227,0.043714876087521226,0.7065788735843168,0.05626610339553917,0.5775473430090236,0.7649594155727111,-0.17137879178017468,0.5833964530121208,0.408722671424096,-0.14375851168330833,0.55451682254888,0.8395270926989771,-0.3218926712574096,0.2593802690960151,0.7201585818879898,0.3409474692006583,0.11003508865564637,0.08665318478950612,0.04993079849412907,0.9825860431825464,0.5044605438949459,0.3907406999577083,0.5748495510160454,0.6697356227193844,-0.2884982474420149,0.8576870248554674,0.091058346293726,-0.12915499382498374,0.40910724601024073,0.9363307223596269,-0.1851695313200027,0.750081645886226,0.3919099004716058,0.1562951950183853,0.746222276744708,0.2662462071036452,0.4760899922637065,2025-12-13 12:58:54
لست_متأكد,0.821866669696427,0.29308638316236835,0.48941476353073554,0.8287289982422881,0.30619885115123247,0.21772569490325377,0.10815477558653519,0.863979369837989,0.31577826318959534,0.462419713142595,0.474419632055744,0.44705873123279727,0.6204172794244369,0.45759298644801916,0.05556698399483484,0.47115877938671,0.7046779897633744,-0.1058853719489411,0.4659337794496242,0.06497382299772914,0.23047765641620588,0.11710370802172632,0.19398633733440973,-0.2560613817213586,0.7728567459238118,0.30609237190795713,0.22973872323492817,0.4083147918903316,0.3871539676491309,0.1446406123528019,0.36477157653441517,0.6155127874497139,-0.010143634899579812,0.4790060993665354,0.937326952144209,0.10139495814157329,0.5697583288611813,0.056218437649438346,0.24723427668165043,0.3631210568673997,0.706033236005557,-0.21592659429772398,0.9490413002717848,0.000933616879545629,0.3017261380849606,0.8258210272929996,0.025263280626098727,-0.2903887066789034,0.6874431850607481,0.1734005271353688,-0.4908315737768585,0.9840439461784849,0.8854416053767314,-0.24169529547995272,0.13412037239706076,0.8798806599418475,-0.09404658838185653,0.8812851585650427,0.8238588844156477,-0.025399466036335694,0.5727067365028118,0.8079633644188278,0.17930468638793529,2025-12-13 12:58:54
لست_متأكد,0.931187680736623,0.7143989132765308,-0.39467806110945314,0.4867921091745617,0.44302588188173286,-0.19934655170981141,0.6687616438388482,0.6689123201934711,-0.03924171582490821,0.6003172101142923,0.923742720131756,-0.12134901630791406,0.06437593438954414,0.6869170338731758,0.22126568748373854,0.030672213739535215,0.686770513260803,-0.28813127667757665,0.20514897371433982,0.042360976601800604,0.2425085429775815,0.4048284489645614,0.8601738500316066,-0.22111498360173132,0.22149757598453323,0.24649504990288618,-0.025682878731858705,0.5466320148889694,0.4637149473559873,0.14528824470490886,0.6861393424972202,0.02439271393192688,0.39076055291412093,0.9410049145826888,0.21504667026745383,-0.20145259117425407,0.30204376263991006,0.6819760837017801,-0.4776645722447155,0.6704931513985505,0.32146670724051063,0.22007018319344773,0.28377985690372953,0.06557877421864255,-0.4296702925081831,0.8827901612976309,0.5185001659184004,0.2673950137072394,0.6556647668033667,0.969935321517994,0.051746918717770374,0.709990596748784,0.3728417073148328,0.021863475676865973,0.04927361458802659,0.060211753143669444,-0.12413917963542553,0.4456295025547141,0.5531795735634324,-0.44924314692579403,0.9084563289086444,0.5885842231831232,-0.22424002912938423,2025-12-13 12:58:54
لست_متأكد,0.7149016936024495,0.7416382599744273,0.473640312642415,0.790143298615843,0.7405667913821208,0.2348053681564386,0.7552752774920835,0.31819410649335556,0.09000069181455461,0.43539287540507676,0.14828154526530735,-0.4335532916773456,0.9752393909493695,0.8653162878322065,-0.08125583955763849,0.2807670296455179,0.35993235755055686,-0.407310793325513,0.9752399106812967,0.3331578678571644,-0.05577671446653443,0.33088133255389485,0.4089800581817723,0.07058052931032754,0.37658657423845954,0.7547641285135173,0.16659193962822239,0.990539399365432,0.5805858395806133,0.3380915562468756,0.4434205249711993,0.5603893973219052,0.02645588487483519,0.17970888607001112,0.6785900575714968,0.07342443729315284,0.81940921804118,0.8057494540229382,0.37967150935686855,0.8849003696801927,0.009725902321061741,0.3429103606909374,0.3200876053344559,0.1571805327769379,0.07750887877152834,0.4921439168597489,0.369385955046183,0.13469384352115554,0.26629377505534446,0.8122569118156494,0.08298129905715346,0.11564632970822386,0.41959939585592887,-0.3526600185337275,0.1703322535863221,0.30125544363493273,0.46654030852827544,0.36989641110828364,0.08977804299943248,-0.1613717789276835,0.28780801246237375,0.15058616330857122,0.4595527321033108,2025-12-13 12:58:54
مرحباً,0.028009602751031593,0.7591045282730507,0.060703155532009445,0.9105889021648039,0.8753291782708389,-0.01793065887882117,0.6287959686731945,0.303589980645945,0.1947983892075753,0.8745702882129563,0.40056494258592135,-0.24254489670243262,0.16825093196707286,0.27113325347018424,0.413828797405292,0.11210244294556837,0.1839455055217879,0.3357530222570102,0.9191134233359903,0.6741781506983039,-0.16336610115561345,0.6991794268192435,0.45307045014387903,0.46560044534729483,0.4555379806656228,0.8450729011916335,0.1954674488348087,0.3691175155076315,0.8075094464936426,-0.41961366144100243,0.5408337421057118,0.5583608301945966,0.41143342218900125,0.08343654531326716,0.8806333885461175,0.2546999957559195,0.5485185459711236,0.12240772326607308,0.2757630203454803,0.669148973452824,0.9719467537320702,-0.35000251153438033,0.9184493087263416,0.8793065791323323,0.20273269826181017,0.013592295138231125,0.7463676032822697,0.26446655978194866,0.3746498938053925,0.1968199709623678,-0.0059706690194717416,0.07467838638293811,0.5509758008416785,0.22558884355359876,0.34162636399760926,0.559398723072787,-0.39227162567002527,0.7908512709301292,0.7877710360154919,0.29264050385496343,0.31882502689496706,0.12062068565098771,-0.3097894762677451,2025-12-13 12:58:54
مرحباً,0.22576587139814897,0.46478862791696673,-0.1828407942847209,0.32370198448924326,0.8803408078657232,-0.3246693903343898,0.9706674556276345,0.3633619271521922,-0.3032455315702869,0.10906504454185206,0.33467564310267084,0.29668813252580384,0.7304607576088046,0.3417588524553933,0.4319845990232428,0.658335541918813,0.8996985132486598,0.03119613536720145,0.6403242086571853,0.9782353425820329,0.45931879859079194,0.8506334942526426,0.18070798577747882,-0.46913743259472895,0.8454455494995903,0.15433110127206606,-0.26590951934658746,0.860711326188493,0.2733562365349219,0.08903420348376867,0.5052332453999377,0.6743107057344355,-0.4670426384316487,0.018959732749575964,0.3632398892579276,-0.2177684174257306,0.01782062199378487,0.1424048177487407,-0.10248015940797184,0.25043499041631156,0.1975456174692659,-0.025188706070736866,0.6269065947402236,0.19442307421149385,-0.07632637060791336,0.27377888710250375,0.06187674376579577,-0.1122470320813791,0.33103104085649393,0.22370896798050766,0.4731460142101993,0.5768110561725229,0.1333437950475499,0.13857635801794277,0.05977666519848612,0.636640600816749,-0.3292707417414864,0.6074581612707611,0.7504142804641551,0.37341500095282254,0.41217185449684035,0.6475065315028509,-0.13284254997034284,2025-12-13 12:58:54
مرحباً,0.42047131835649787,0.3339646138042399,0.19903011829826056,0.951388162330145,0.22916758573893814,-0.34056621101314644,0.6612092396294181,0.5803329843855217,-0.30534366112307465,0.05958926685019772,0.9680258152623842,-0.40352155970995085,0.0630238126098106,0.7539232502561155,0.2672591424217037,0.10030298888447542,0.5152758262995766,0.4912542589517914,0.1031711284256075,0.37923434088060826,0.4657170179403367,0.6396120553629366,0.5415144965122617,0.4021503869276708,0.915525499787128,0.13346026177730175,0.2654430716129881,0.28981546118678225,0.24508592244876481,0.014925352700025263,0.9360768268476264,0.056939674803827334,-0.06672708680388506,0.8007415712614162,0.6230498396809269,-0.35319007890454635,0.2751870416351425,0.14319260238962128,-0.295257575289279,0.5494762292299796,0.6300874795440149,0.44621066181830193,0.17687054790292955,0.471353561303968,0.441456511968058,0.04277138830333649,0.34189789953930283,-0.39038197887201453,0.9842196889676038,0.6389371051180915,0.14844816604236488,0.1847124942928703,0.903475633168614,0.15486917016815804,0.3844544036637818,0.7592992680648167,0.481030317774894,0.6670125714022355,0.42500344579479377,0.3620760239719939,0.4540947085174183,0.06878516823928293,0.3425827868827397,2025-12-13 12:58:54
مرحباً,0.06688341239881557,0.4241251760444461,-0.2987201929582547,0.30546741935606037,0.10883224402865266,0.34641355454515166,0.6073214862121549,0.14683079662746856,-0.3802138512559491,0.22250342846087678,0.38542215892926346,-0.19677706409896378,0.178297912672863,0.49368518777351,-0.324351767310449,0.2920902640460271,0.2166001912959098,0.11201034231703655,0.5219560559133889,0.5899231115012982,0.04890439502089228,0.12845046610676247,0.9528439949994023,-0.3002098952629638,0.39724598891798557,0.1820854238382681,-0.15578418079812828,0.997032357154015,0.1198720095309086,-0.45918954085117103,0.03221955191683312,0.8264057669258928,0.4252103472054193,0.28176777416292675,0.651796009948307,0.18356449728194857,0.2559754208268701,0.7419064854119211,0.46750917922934265,0.011182322949657153,0.08582767396593183,-0.46302544106541255,0.9112213142110254,0.03507482695138564,-0.45505385248171526,0.05172894264307282,0.6816083681634081,-0.2792540963133828,0.9955691442757764,0.7141230545845726,0.49823720767549295,0.09290874521712011,0.23945929765494167,-0.32337616023043214,0.3772513098440604,0.5034011279785915,0.10902639804119252,0.275739534440816,0.31923087295180064,0.48531116954464604,0.05332545775939013,0.50183390136937,-0.014731891783278495,2025-12-13 12:58:54
مرحباً,0.09323493806719807,0.1181024876124801,0.004698102629229761,0.7056855777293729,0.797152353696012,-0.2751294256054464,0.7122603343231776,0.9331108935787857,0.09621994982805115,0.8288875287144573,0.91256727467903,0.15121985461359677,0.9526375777775858,0.7131191469937165,-0.3869981650199039,0.998762972917253,0.16802643581232457,0.45273086708002097,0.5358620116420315,0.35306371079205456,0.3576273751874999,0.3273307240421873,0.4251015957387938,0.43699952151830546,0.6863126023497773,0.10027376890044759,-0.41585302176590533,0.010175030979933664,0.5684163679796481,-0.08099614675900957,0.049139389302642944,0.38005342069722525,0.05353169920808298,0.7444008181485275,0.5189066918720505,0.2474708730186045,0.7172518500412093,0.8636440814062792,-0.1857088699450481,0.15579354661304878,0.6903075355090946,-0.015901045635409394,0.8682166757172806,0.7342459017841013,0.31272752402288506,0.5219946736292773,0.9157682785363217,0.4435618248120555,0.05846417850409791,0.1159114187055551,-0.12982580552265255,0.5371725646035723,0.4870185746669351,-0.4262286635627266,0.522444941485061,0.702017991269707,0.20094139487790108,0.9022478441893758,0.03833128059259461,-0.352571958031604,0.2874111333202659,0.17198269587946613,-0.438566214329945,2025-12-13 12:58:54
مرحباً,0.6133228850294753,0.3656171647108396,-0.29331832801457336,0.7343482984146369,0.7483426791274529,0.34999558921930185,0.3452704259708397,0.17153767833622902,-0.23079108780600055,0.9527160519396638,0.6868849435758897,0.04882108329821666,0.7690942709444393,0.8032221754765279,0.25392260223442464,0.8749626591238655,0.8165863317849853,0.14079470893646473,0.06391723183928277,0.4907691404542064,-0.0002763139638040091,0.19194166767277376,0.6418640134840508,-0.4549886762320299,0.8132995109533977,0.1312574237615699,-0.4537257412306227,0.016055289497075353,0.7067380152791964,0.29193857868886164,0.6993836949381972,0.16576763400354688,-0.23360610393233083,0.6839954728522547,0.17855741814414994,-0.016265736028233446,0.8402301054724182,0.08778224184143091,0.3231183354061745,0.6537557651398453,0.14363939446424756,-0.1975191224827335,0.8990596979597839,0.18899380227948404,0.4633143337500697,0.7627229840595589,0.2995685304891501,0.15261124231163048,0.9206504433246805,0.23076727153791743,-0.4463016191974315,0.32105850511977707,0.13633308508202535,0.2911167461606353,0.9261328440162008,0.3099544006106275,-0.17473198754430608,0.8828194982867087,0.6885906612821726,-0.31156174940176773,0.6724580206315371,0.46969259923364204,0.1517717162420007,2025-12-13 12:58:54
مرحباً,0.19237401010472366,0.8375986485375085,0.08305726484154541,0.8999638914228163,0.6738592902054737,0.23996391136390194,0.7250069435996405,0.07955241229858767,-0.18383951040016921,0.6401848725426053,0.8268443160253388,0.1803812512150469,0.9373424632372752,0.8696244853493791,-0.2607779358467449,0.877668716954859,0.4277956000251386,0.386373443873656,0.42915332082609103,0.7404665082411584,-0.20479617537018635,0.45297347272487487,0.47270899218446605,-0.2712332318148838,0.04465973462060735,0.7498370265925024,0.06729807718978564,0.3541116997666165,0.43640697236887926,0.4629760747667694,0.35007132442439315,0.2784384616870714,-0.4913665283130728,0.036958381233513804,0.7002190300339683,0.38708307456461655,0.08723131131003115,0.2690351935646652,0.14032119100888096,0.6916431670487462,0.3816525488169057,0.2986596764012397,0.4249780755534599,0.6713711839704903,-0.21582621415331837,0.9061195373858217,0.16896810369587656,0.4854394978678428,0.25081399871760635,0.2015600521295221,0.397407943002821,0.21195516363779465,0.6734892191965464,-0.4881800197860606,0.8438316850614437,0.30362856725592,0.15744413698567494,0.3814238809590321,0.9804175148363137,0.021574047191743606,0.5798156075574582,0.08236358855368953,-0.4732147526174766,2025-12-13 12:58:54
مرحباً,0.4216694463687628,0.4019042613082292,-0.4893659289131159,0.5925019159199539,0.21930047557692178,0.05692093609320781,0.4417420189514827,0.9376588606606002,0.40301727385314823,0.5578942736773099,0.5464853486542822,0.4215581169137521,0.08241470815517249,0.9307718691029251,0.3925751716704673,0.6456374636504637,0.5479961180841295,-0.08142672837172427,0.5787208362693878,0.15755569414240966,0.19709762127330765,0.9326439947593238,0.9109822411683497,0.026529316660368396,0.7722942564836073,0.5971285077543561,0.09585819732479461,0.7804942284302138,0.3569179413273331,-0.13757017865758014,0.47660958172286616,0.5969926592658357,-0.16609323233021467,0.5845732294670033,0.5566151241044439,-0.191521763459783,0.7180702121726951,0.4812720833458036,-0.25726113140915075,0.35495902207584984,0.18140201041634418,0.44182376153044045,0.7040482086863246,0.4759700539628916,-0.2550963088099577,0.36991377244130763,0.8657303599035839,-0.03952494310334265,0.9937156245154147,0.1835534214972422,0.2222280843988791,0.5321877941608145,0.4440414971148794,0.10130859961280503,0.5503481274727176,0.30978603805352345,-0.45758470880788005,0.7905179017766395,0.7772776044573521,-0.18573928526960704,0.6865252157530897,0.8789065315785615,0.42382994195050583,2025-12-13 12:58:54
مرحباً,0.8035330958015572,0.5509009174299463,-0.1740398988540891,0.22667053991922914,0.9949058960433944,-0.49833174609259046,0.42397052615088127,0.8464340058819498,-0.030400289208819764,0.26421664514387555,0.8477135710763294,0.2637922959826715,0.02785438514520311,0.24734092536949814,-0.11686046461539323,0.5597381289808253,0.6232232764821145,0.4429002165538529,0.23851664209667744,0.25611374946798315,0.37488930637480666,0.14456932495344743,0.4976244413917249,0.35704832909323037,0.3133392275234418,0.02930099402034192,-0.20860474379397276,0.46555287986273874,0.7027313689640818,0.42931748209463827,0.5941863123309257,0.226583655331692,-0.16545775406435326,0.40847364673599906,0.7580302930472119,-0.15354330701497343,0.940716823639019,0.8060705980837874,0.3743710138131364,0.9343592316831859,0.7119335608523218,-0.06383125114567756,0.029163213859857984,0.2789443644754185,-0.458144160964305,0.777148749225064,0.46440225275579117,-0.4226643656774255,0.7430149555067461,0.07155865799014005,-0.15119153591610357,0.9897305664676358,0.37193126851239067,0.4031136026179163,0.41925007637290124,0.15856760910155365,0.18819688094959308,0.40917759489445604,0.18209021357715094,0.49986057504377546,0.9640966247108226,0.08985564980790539,0.00047348545026681954,2025-12-13 12:58:54
مرحباً,0.9423733561580124,0.5964404509793881,0.2259388328351133,0.8557086578030615,0.6585388825322547,-0.23105301283496316,0.3652492692637753,0.8316829766508299,0.1873056840051771,0.16284719357003052,0.6505584590853304,-0.455250724481275,0.8382209951361251,0.32438217013744963,0.3884451090542219,0.06118665327143835,0.26734178285005883,-0.11642797066681665,0.5559435902875827,0.46953615432547613,-0.2528172870816048,0.1589488918824017,0.1665646348638532,0.0031307592410213525,0.012922708083986656,0.9050276993175387,-0.03893667002487644,0.6739388928478917,0.42396837190531345,0.10287469978586938,0.8195364807401788,0.8938929412147051,-0.3516324794555521,0.5854591033019435,0.36966098030392913,0.4398114325703206,0.7208830914822311,0.44027474880510853,0.0903475618491103,0.9504063235306547,0.47314565625136995,0.1780915103420141,0.020365239171258764,0.7316554558694881,-0.13734336521995905,0.025419267579333993,0.9287224364776285,0.32462083628443306,0.7929276325584906,0.9993920314613011,-0.4974838271165155,0.8051344525659959,0.1835820691082115,-0.012928374479919458,0.30758196751479294,0.8349385080587362,-0.3180078732078183,0.28149382174218107,0.8598595762510636,-0.10155734942981343,0.004025338960567337,0.35400432193198283,0.19400065983568537,2025-12-13 12:58:54
شجرة,0.15302209319095827,0.6804808886805005,0.30879361498719426,0.7999495718986834,0.6726171523980826,-0.3468584348902174,0.06988323185126866,0.008997985352801496,0.08009024709638868,0.8260054222846162,0.3536943125473987,0.46739835990388956,0.6359503665192716,0.4856849214077945,0.2897579030149663,0.3984702221966201,0.04301354572263438,-0.36230323141376497,0.5665970799064048,0.21037687886605605,-0.22513952210328636,0.6139896855258286,0.4666589254645124,0.1730913424927243,0.4008333147361731,0.4434066102853932,-0.12196005976385615,0.4257805740252081,0.5099578199314233,-0.20003810738217354,0.794256875767419,0.939701942914415,-0.15373785936737316,0.22121710732534572,0.2358743807434095,-0.37122450035834886,0.43052695452224565,0.8813716693967029,-0.3321999073630346,0.26451573666649464,0.9834295538996916,-0.48370647733974137,0.41500440660542925,0.7668672284444825,0.055236542033671454,0.3020584070547301,0.15567786849687848,-0.051659504630694575,0.929260309997532,0.28880856098071117,-0.08916489604274158,0.2563078356779458,0.04261395882590446,0.07100039512977874,0.7045559714453712,0.5787173427473143,0.14143592311413455,0.09669958440224868,0.7979956823982698,-0.3406426192903843,0.14058336165593643,0.5097375769906637,0.23515576770237745,2025-12-13 12:58:54
شجرة,0.026021705522779826,0.6155946689352018,-0.023517810436013087,0.7163400389835912,0.8757663455037213,-0.4794453824316326,0.5595395027596759,0.22311427679110307,-0.010597217341265841,0.45359510146998616,0.9616470413376951,-0.1639966343982484,0.08915463734454387,0.47489591171150203,-0.3031178954074608,0.4647216700097977,0.6497022755780963,-0.024853280622365026,0.7655373613435577,0.702890575990616,-0.020060930690284473,0.8571002945396072,0.016780927242320498,0.3139016539641093,0.8215640591826792,0.3053767896212505,-0.19503184948339858,0.4120712073641395,0.3501459144721123,-0.25957820156513456,0.6605020920205414,0.32852284920486674,-0.16934755864737683,0.2516154486035521,0.6014608320228259,0.03209888594275079,0.739412561000394,0.4949282109761608,0.478401545270034,0.13466607189488866,0.31705839019427673,0.15572207720652376,0.2954593401581458,0.33835317506646223,-0.10945604119562602,0.8331957545986554,0.0871664273448336,-0.10285804816436594,0.35637772935940015,0.3958187984939904,-0.04570810011021198,0.46742241372896387,0.7485583898073983,0.353975534688033,0.1539696465640844,0.5650622876214634,0.2313315570648491,0.7513188831974761,0.518932870987402,0.34304117771634746,0.34802181707952595,0.5841665582762522,-0.34249117211222213,2025-12-13 12:58:54
شجرة,0.7177774362680138,0.030751757233684396,0.004559096024936871,0.508705507915851,0.8106836869492452,-0.4907126975617988,0.5042429568543008,0.22602874085631242,0.21436740736485183,0.20912890673413564,0.9262867383971306,0.17938303000041234,0.020941478744195274,0.17834433009747974,-0.29168030976892,0.8799470214767184,0.20228209279553888,0.1314310246904622,0.49624945178813396,0.6853432489404376,0.2819274026134926,0.5735480838916829,0.0960848343032662,0.08961294607803671,0.01834914622597139,0.23524036128957626,-0.0059302735337096735,0.41337067102662506,0.9580762147906486,0.11178895134128397,0.5667957366168818,0.28860769550855314,0.23029166876224338,0.6792074405521464,0.5637953812953336,0.3129005562380637,0.9970950820166826,0.28219519992466435,-0.41322640015684,0.35096884570099895,0.9560816847158015,0.2211578670276586,0.9022866466802458,0.5363880357232579,-0.44830435486815934,0.1291664483611773,0.1336828889663343,0.07059875675821237,0.8183614367697271,0.05828108838799473,-0.19353419030979824,0.32649972136303596,0.813750217790746,0.24740522318618818,0.02288801908453786,0.241327638835656,0.15585357113810439,0.39046561637757093,0.5142734392578668,-0.16389392931722324,0.7713520933525916,0.2240406411617808,-0.10771351721523725,2025-12-13 12:58:54
شجرة,0.49874317771025634,0.7808692798633392,0.4104221300723735,0.9925617976182147,0.38253956689623747,-0.10990981203926975,0.12812057889492123,0.77152651656812,-0.38449355494086856,0.9822523163737078,0.24774057223947366,0.48059375585231967,0.023877559436176088,0.025554808531217388,-0.4505320124973261,0.9759574312626094,0.06331708573535932,0.08652024275625814,0.2720283919545242,0.32776841264915435,-0.13856746855216862,0.6414640364825364,0.7467098384413993,0.3675637358733189,0.160642507843608,0.09487967694306354,-0.4946171984402018,0.7486764162646314,0.6472449811505,0.17412797834991467,0.4513260966355348,0.580552350295635,-0.3072721682449824,0.9260665232149533,0.5684079570207177,-0.06121232537681398,0.6827931955417454,0.667957283697789,-0.32962540421881414,0.5401324802715955,0.9692252950954482,0.42718929099506264,0.9806644966833746,0.3539898225826166,-0.1476679789138965,0.6937342910959375,0.34316082099854395,-0.007029595600954064,0.6217877492324834,0.6874800841845523,0.30604953847589245,0.4586266713367899,0.9750563954219831,0.47018710154856314,0.5978060425930808,0.02680148053906861,-0.2536101469514206,0.30540737386487726,0.0009341574778770623,0.08014391194905068,0.9732632621274864,0.7061189358108059,0.029950193461187546,2025-12-13 12:58:54
شجرة,0.5193200328194799,0.5649751452189794,-0.46018952670984903,0.8163465562198414,0.8089896309397631,0.11392065021639664,0.4720842662362472,0.47126822528807155,-0.2444752894304386,0.326373112744456,0.8125313742750606,0.3800107915972458,0.07727692319513912,0.6549997317566371,0.17533639370910015,0.8774887800295721,0.9072368293849805,0.0983401710654418,0.8191491343172972,0.017001934214856296,0.31303347538125614,0.9761942060214345,0.7202406473143713,0.21422594688980756,0.7628193998185532,0.3924125922640881,-0.42176067257236394,0.5310252091035682,0.682199228788207,0.3040115056454358,0.6830475473030025,0.6198338739523087,0.3276546804897418,0.9300965007855758,0.3592089749147619,0.037184015111285995,0.666763930590333,0.7829871563480946,0.4504152820284779,0.2886887086791239,0.011549603581093582,-0.22585228625705123,0.5548200052578832,0.6003767825282417,-0.025621487847597768,0.8545335302783874,0.6213345360639881,0.24469064814758867,0.3176878096369681,0.4032359330581714,0.4596565107275701,0.12504662947181344,0.7829444737858235,0.4598577178500567,0.9426264759379289,0.6995595040783368,0.4530242253532679,0.10957515126542172,0.04611704955400131,-0.27397371942371807,0.288274347114178,0.34126162368802027,0.06533388346790303,2025-12-13 12:58:54
شجرة,0.30172467489690347,0.5974943521078115,-0.452102679968044,0.2047627157892462,0.6750278170456592,0.4915808998454644,0.32263500313424576,0.10830638988951247,-0.47597939058405636,0.7995986586543293,0.37784651485362397,0.15842191667713834,0.9027549319481747,0.31285961290939834,0.399941902518266,0.5328026013019351,0.003736637102838225,0.11867276062422893,0.049736111733004185,0.5358003531276894,-0.08665622543387252,0.6352848647160855,0.9931623085009678,0.0022207655022048467,0.5434373932929984,0.9536749346786263,-0.3521083011042413,0.5114430034748233,0.052751080083695556,0.2096657997891982,0.830235223800949,0.4832016524244691,-0.4130753540781643,0.9843633006783683,0.7028899545579262,-0.12127276344216564,0.02779359499723799,0.009095283393406595,0.16111617511666676,0.5174985516837171,0.8717106615518839,-0.4970164379522969,0.14177164919158036,0.29816727192619197,-0.1633094536316989,0.9509710232363476,0.892642573258639,-0.0858541599048791,0.18511680544396014,0.5687322730943063,-0.3776100410603861,0.54826781810376,0.9551092993859086,-0.45877400670271495,0.1439551212700667,0.4062940779601426,-0.210610453894722,0.7061170830049184,0.3024460308078578,-0.46778580394808555,0.3535365375164843,0.8519784201098453,0.274073817552708,2025-12-13 12:58:54
شجرة,0.7159184853945504,0.3331434691313643,-0.20212599873061343,0.24392787323774034,0.9786857990446195,-0.08360576424720234,0.2238325383316142,0.576555209033122,0.2978385674117392,0.10230650225326876,0.04517705398853933,-0.4868147876155904,0.08091247698911552,0.8707577422683991,0.4176777265474543,0.7418915249827913,0.5311862785636903,0.044931415413044684,0.9051543688153404,0.18252870092221762,0.43989078716327257,0.20074646031898924,0.566627388255984,0.18448617367324893,0.7272914995515813,0.17674468377208252,-0.15983614781598054,0.6804821701399018,0.22433688993083878,0.19510583395841063,0.7503750801121306,0.21610537936457486,-0.4119572564985797,0.4467010174328152,0.8258784417660628,0.1265803342578108,0.1482744602567787,0.777000265314402,-0.31546098397200295,0.8431129991466534,0.5658608299068604,0.2550698228562599,0.7277821868732367,0.23321563848419358,-0.0411433509624457,0.8891401872376323,0.022176912228462853,-0.41053690980531155,0.8726266285655041,0.5244504394685839,0.16354429936781012,0.726666623786127,0.031037336606598243,0.3032024039450777,0.5391898425205848,0.7013958112680881,0.44568837577758813,0.9055293594263546,0.6784404528643146,0.2280945925420682,0.2314269428686222,0.48281658541568195,-0.3895704932437787,2025-12-13 12:58:54
شجرة,0.045365805221200595,0.5124734116180107,-0.1582835273109735,0.12469456605536489,0.6021639962005326,-0.4145158530660309,0.5335168036416585,0.9851626936104888,-0.1607191541200017,0.7499837890886886,0.9663181524493759,-0.3688399140822777,0.36294464212116084,0.1414279306157451,-0.48581992121575857,0.7399780509761574,0.8652258952078586,-0.045110311963011074,0.22877893945310068,0.20612996373588877,0.477090788311486,0.40128086346142755,0.4340758232214479,-0.4149397072961116,0.6874657392359984,0.5361092171076687,0.16684110552878118,0.6789833278862851,0.28220409851972117,0.21917125765086454,0.24440468026218864,0.21122565758329792,-0.020853393837657608,0.5623628544420326,0.6001626656162867,-0.12757831520700147,0.18422801684650836,0.5958266783237244,-0.014924848466944085,0.7638635193399309,0.7709170384765544,0.2347414890937135,0.2975927384204051,0.1630158806125379,-0.2561028448935557,0.6244781866408433,0.6048567244943824,0.09465346114700623,0.6161668640868296,0.08800354770757357,-0.35336067564303675,0.7317729146866615,0.16798772177133348,-0.2142762782328398,0.3621343903756107,0.6116842612296896,-0.2305031859482196,0.23112581928732034,0.15759466055039295,-0.048215750059480644,0.10040708889942096,0.450496464789077,-0.09263463589593923,2025-12-13 12:58:54
شجرة,0.4279383526486459,0.13071851521296096,-0.46892424176612013,0.9408059273342126,0.932602041759449,0.3596607795730097,0.6590629208667712,0.8037904687785308,0.11180712699149509,0.7623408296045121,0.1269550904257024,0.01804515221510805,0.7253950474359806,0.7473845597207156,0.008333412487346314,0.10934372063022901,0.8429425909020908,-0.06005939327227672,0.7706650998640954,0.4202105547610784,-0.07960880561084327,0.874901389132133,0.6339057356658646,0.10180223805596356,0.32147559501501755,0.4075515490591868,0.3097121576194931,0.5775843520554674,0.1103936417600988,0.42840236726452885,0.7901606309207142,0.8871173472049352,0.2927509713855261,0.2392169695025932,0.056325968462180964,0.4849957693260226,0.3957794343759784,0.8406102425048814,-0.3576736152023474,0.08765868689009682,0.05822726425394953,0.35616149320332535,0.19382504775582832,0.8923193796103615,-0.15702406446067207,0.9125056652117285,0.4756680969554463,-0.040070840590805235,0.6152202704155397,0.21359046655052627,0.17767125336530742,0.9045323337267213,0.22527009190423064,0.3750198923528838,0.9199393131211574,0.37407885251076634,0.014922025825834684,0.2419375577501739,0.436220786219789,-0.12844384068595915,0.9661170225218365,0.9250477696625821,0.3085332548557479,2025-12-13 12:58:54
شجرة,0.8582579747971523,0.5665140047504511,-0.4477450392073601,0.47732380024682675,0.0069380448430858,-0.45224672368932883,0.9449594105126607,0.22224647650339946,-0.09887778603128605,0.0057607948477159665,0.0684580876618015,-0.420494671583439,0.49657691894867173,0.8327778576964933,-0.2919534338914985,0.8145452881683757,0.28746491874321534,0.26613077039077904,0.7631178562786525,0.3618106641854226,0.13778772287415597,0.9248579885315167,0.567179692322373,0.29204125106112155,0.7948756643297259,0.1021179106710921,-0.3376451708232854,0.6804659995839446,0.43151216427987016,0.24406628552578635,0.14602365069880907,0.020673761756546005,0.3497799198129964,0.9793581806508223,0.23833794559911592,-0.349282968829953,0.27826040576212496,0.9663758155738034,0.11548343163371333,0.8944243068018267,0.4361292056382329,-0.3695144039839887,0.5181146747822215,0.3054295564690336,0.35956865323447995,0.8775269497552323,0.2797048000095086,0.23510861403904482,0.9541160211528105,0.6579382554371062,-0.2566013568438379,0.577893118161824,0.4173677932400012,0.16764418491026856,0.3758461978537,0.7505292333067395,0.022520243383794436,0.27469681326561957,0.9185239394957688,-0.3762202067226097,0.6582386096433944,0.42191722690517186,0.3367678563028599,2025-12-13 12:58:54
بطة,0.5914833545685012,0.7121753849777853,-0.4085861653049552,0.9826161868019754,0.6905017936303924,0.25266540963871,0.3335423622138126,0.7081625000491871,-0.022637301765995876,0.7101654922424638,0.08717278603787271,-0.04808223687541502,0.3977779360653645,0.4606044119637479,-0.38818017694799467,0.4521752903994173,0.041222880474283574,-0.4028967034701736,0.17942559213057485,0.6999028601582875,0.3322339062240125,0.9610847453291044,0.9726025072958291,-0.3560745941187248,0.17679308875594435,0.16203036239545943,0.021064244656500808,0.7540726932891542,0.3797961599698223,-0.3394168563252904,0.9845659198596852,0.8931931130444593,-0.2895584993907834,0.5947004459287426,0.6006282672746645,-0.4466073581608143,0.37963185049359083,0.6167427114066472,-0.23484517086707046,0.1580107866342041,0.4201730923870699,0.2328045345539883,0.15794446973502285,0.4942479729349336,-0.08609792982556352,0.01141832560780709,0.04758184974656576,0.3735750329674168,0.79129475059095,0.942421711028081,-0.23391812641678722,0.4647064341917261,0.8192487153614939,-0.2140683328913865,0.046371835653709614,0.3615788625409093,0.44102734900380747,0.5919822052162661,0.3898555597503204,-0.25889035518170533,0.5004229274252111,0.9730820147281514,0.03258769165235076,2025-12-13 12:58:54
بطة,0.7576812291161138,0.5272505152977209,-0.14208873207720596,0.3610758612673526,0.12599847102959805,0.2510304005144196,0.3562786889393329,0.7493569978432428,0.26171479977885004,0.9846480348916415,0.8787518443332489,-0.45392930998240033,0.028824273845905468,0.6285453807018357,0.07573130418615792,0.1386422099777428,0.565618577644579,-0.009158716732464711,0.13839196662035047,0.007455167102495719,0.0750398579711875,0.2494627722081476,0.5726316058302818,0.11825483398028835,0.22536352795036851,0.4416215539857171,-0.357282478880003,0.0533470695438546,0.3797966407414468,0.2921135242215944,0.8564941745800377,0.2985927115719248,-0.09141369947206046,0.77395022086695,0.041034291251064836,0.013685824805798719,0.9500658362748092,0.5482639769993499,0.16527770080402415,0.022848215222987855,0.2666559981067448,0.11090578936387474,0.5139356373186634,0.9277447976551808,0.39403402442284363,0.7593769344577161,0.4555871366838796,-0.2950846860793518,0.26871942004114346,0.8030888262371423,-0.07150541565983315,0.8389042238364787,0.5254098383296966,0.4339588883190024,0.3292587293715289,0.8219081234777104,0.014061655732933165,0.369502825606688,0.04931190392344076,0.3529843657542676,0.5119028538462308,0.24228942691892374,0.13092154332398087,2025-12-13 12:58:54
بطة,0.9218934955010838,0.6781537737234403,-0.03457700884420123,0.10529115646824949,0.28267211410590953,0.41179252080516915,0.3223320791759181,0.8663540381593232,-0.13598916946737716,0.9705411470037634,0.03854172063925798,0.38587187433054704,0.11020654724912715,0.3718572712554977,-0.019953720940049546,0.5018928649465468,0.5446359091524792,0.481984413108709,0.7024824706417604,0.8388507802343843,-0.1584096281554057,0.5006307028681893,0.24866025777278422,-0.22146908244639607,0.5015407342031905,0.37259530576974786,0.447156361050442,0.456361776838926,0.6785667704669331,-0.3000881163780581,0.2414296682663808,0.8506589033253006,-0.1822338828224387,0.9886269536819272,0.3653102587402345,-0.3351393963443361,0.7847024166093034,0.1033457096975191,0.2665299641322779,0.48210077358330583,0.24958240311286206,0.1633950631267035,0.5884011832563186,0.6982999522623288,0.12144115317287396,0.8492124577043881,0.40503335734084356,0.33374919599204833,0.23346102388249013,0.9285890740911534,0.027767053011452103,0.8536788621209769,0.36324786913454854,0.41104612788270967,0.8901347485986127,0.26890379811879794,-0.12902943518730536,0.021171960692741854,0.6961077251299657,-0.39517623969708604,0.7745544080424303,0.2661623708050166,0.3486983171743855,2025-12-13 12:58:54
بطة,0.33094832535070984,0.45370415822176124,0.4289239045791752,0.432150112464152,0.7782890773959219,0.13492360441273943,0.3178958406893292,0.35902292791517376,0.28239011254711643,0.1686067890883508,0.5871671784835405,-0.3024600223638858,0.9522220063651383,0.14954497225040997,0.23671774633014242,0.6328333098974326,0.10056227483116509,0.25912238189882164,0.9619408692475594,0.3758882882994147,-0.352153939773308,0.4159103410830002,0.1763502930465789,0.1032355011932885,0.7074849280321177,0.7971500869967265,0.31751490404984684,0.20804632115129418,0.0016722117541921877,0.4266769813229233,0.6173768456562236,0.43165963600922685,-0.1888906525148656,0.41341122179900747,0.5587717129316054,-0.4577483839383605,0.36692877560548864,0.6898441984833047,-0.11632290611827167,0.6798847144392948,0.8536736567364801,-0.3111190783430816,0.3053964830490863,0.9532926759965353,0.42930366434290756,0.11963676546537172,0.01068366276521171,0.21306376786320724,0.6926957100270209,0.6460152827122352,-0.493293306372349,0.4778045111244711,0.4957917300149298,-0.006153994578977029,0.7022574322671128,0.08662716235048562,-0.027720054103155478,0.9729322898421294,0.06246062597213076,0.33459311927193236,0.5956540817318211,0.08979732188632839,0.4997644804792919,2025-12-13 12:58:54
بطة,0.17062510865481817,0.5739667659005704,0.4135386517195404,0.7890926481737416,0.5512736953890895,-0.3087204614561274,0.6002008837005052,0.9202532735464415,0.38943153589721446,0.25066920866784714,0.1257783631182201,0.41921342992214716,0.7979134507521065,0.024121115686333794,-0.456385677712034,0.041225849938261394,0.8369097181564917,-0.10319367474863705,0.33350497759883446,0.9873013359405236,0.28220365519746793,0.3863219366147561,0.6211155835957711,0.013466274576893977,0.03316056597048911,0.5595862295679456,-0.4833117383616006,0.5949441820319284,0.06713839362903906,-0.3773945157180848,0.8504862424733853,0.6603767302205866,-0.2323651808256315,0.24457846474527667,0.042791529723431476,-0.4991878134614489,0.23287583770241593,0.6415372068737398,0.06055915563515124,0.0849251612235663,0.8563187157333704,-0.24037870782543658,0.49171763591274364,0.6913918226262382,-0.4676308858157169,0.039028062976885325,0.4764906728659144,0.494179008027692,0.5422400217413315,0.9377209291430075,0.19692429627386054,0.8198856659887663,0.709927200161643,-0.3939381069370629,0.24342293606352428,0.09257099127533785,0.41160459219642864,0.24989745526638807,0.9997213211169544,0.4602236906852104,0.5609147410759092,0.15548884859339496,0.25887691540360325,2025-12-13 12:58:54
بطة,0.5207370304701379,0.9213762384153887,-0.44912008207046483,0.6615920710636046,0.7201982071615847,-0.3400422429311356,0.4945702125391087,0.17335116207344348,0.029926076535370383,0.767088585988241,0.3858277456862771,-0.28236668723510205,0.6929170432592505,0.47557676044793507,-0.4945648643510808,0.4013043049852123,0.8977494318160884,0.30031880470973704,0.8674986052996079,0.058946547626774315,0.0024819770208821534,0.963905316997079,0.783089168810651,-0.32775375114518535,0.5353380785895406,0.3320566983756583,-0.48839424815521604,0.2451599822417797,0.5209576106821607,0.3770285125962971,0.8277450575049821,0.6635192113846536,0.4015907881100581,0.26033702750593646,0.8194391398491745,0.4352075285989384,0.7083078438203427,0.2898771665691484,-0.3898393925934618,0.7320775178135361,0.9767814392641994,0.14986098067839704,0.7332473939533947,0.007730517563347417,0.4227864280352458,0.08071321580213353,0.2378190339323093,-0.019381132001877854,0.14238718322348387,0.5389698422169024,-0.4560474441972564,0.4581925193497013,0.42337928609648656,-0.13422405469738852,0.08049726181883055,0.7704804557904144,0.25446174359747364,0.5488400521642062,0.46980665350896156,-0.05957871745478671,0.4280720459476929,0.9499714341583967,-0.31068619142510534,2025-12-13 12:58:54
بطة,0.9317867247851931,0.6665057957569352,0.07649609876051566,0.08271870565842299,0.6140640380780772,-0.08081949330825156,0.7157804277769169,0.7676444096086322,-0.06863453932059782,0.030575372740137885,0.12990073703966032,-0.10816337452772573,0.042973884167800236,0.8026795144168003,0.005935863107543793,0.1298125789108432,0.5978393828513207,0.28523793176944745,0.19660150719633496,0.12445164944894194,0.46591853807237316,0.005452528478972041,0.5802311550302397,-0.29120776662593373,0.9423582067811556,0.8535239766585669,-0.10196837755060395,0.05449658639539967,0.6182888550719156,0.41050439051192555,0.12818384682782602,0.049504339550568766,0.37448826684988523,0.7650197829355975,0.2500493889822323,-0.07909165145389818,0.7577108160873303,0.5217282946709758,0.4163596180237398,0.23612437431428124,0.9361377336296539,0.23935499005498917,0.7863306894756581,0.2883247798079165,-0.2060433475045058,0.011652608623234806,0.5328385716832778,0.3706458246831622,0.11309206294255691,0.43355982839037754,-0.3753241865748923,0.5891411476475308,0.5750203936788709,-0.20554988208036074,0.16213368341339185,0.39826534960814586,-0.2981763182376902,0.7330106929842464,0.3837031718123022,-0.3552638488175458,0.8362463434414664,0.4185878547692269,-0.34576984945498934,2025-12-13 12:58:54
بطة,0.12207546731250485,0.7785485530694966,-0.05334917522166904,0.6345800345404822,0.6602417149780347,-0.22272585764710917,0.05415119134520219,0.9687023226159563,-0.258773037143055,0.621283042215221,0.5549216790995759,0.0619197727127786,0.9241760331884462,0.06795162883909267,0.354296947006542,0.697448293690255,0.2542685090904727,0.014232588055494988,0.684050097292236,0.5501188065244804,-0.09084006111727749,0.04794846434332056,0.9642890454386658,0.3199584423700633,0.22270645623246366,0.09902364102808714,0.43643295187080766,0.0009218784426712201,0.16516704137335347,0.021283008788411273,0.0860391521951247,0.5434349719137141,-0.1894554030815061,0.46159126637354575,0.8678761459220933,-0.4004496144337799,0.3838372525332623,0.32609133119665357,0.4142535595104275,0.9551583432773636,0.28938008271465543,-0.3850541903962549,0.6762742857408365,0.2426670468165345,0.08303578496602404,0.09072599375374002,0.7241448235232295,-0.20231758258959742,0.4491160346180607,0.1087653162910216,-0.42652930454559,0.8516692686732332,0.16402610640842608,0.29661161615521303,0.1403378148793405,0.4837879888744504,-0.07897895858303972,0.8832118308262242,0.6958393668813969,0.33529594533711693,0.803129320536821,0.8781762338753512,-0.01160108166142726,2025-12-13 12:58:54
بطة,0.18376052008141064,0.250098498065194,0.22239589664704884,0.3522098140567823,0.13866785563692074,0.19284395107917707,0.3523592638747368,0.4763562455983976,0.42995269495655974,0.8857695045495745,0.673143806815343,-0.37427065933283454,0.24456591421133345,0.6146264106308101,-0.03862206638942656,0.07205808728796093,0.5282107431377907,-0.38856667381349386,0.6430743096140623,0.5348548859762532,-0.0162187169774497,0.5590646410581716,0.1018153811315955,-0.30750843972790476,0.44800686687843894,0.7206585812990861,-0.4996759203800015,0.9174847527149815,0.32683418214418436,-0.13565044963796669,0.6409767307847493,0.23060487003008123,-0.45952338173776464,0.5962273052596694,0.41421606659270116,0.07407623143963837,0.6714960199046353,0.2382034001911374,-0.4175862593594163,0.9520190190526157,0.4177295261975833,-0.118152805343813,0.384132219540145,0.23011130015147263,0.31023209935115315,0.10449038567423408,0.3600540562420188,-0.3144942943459912,0.8892875918717473,0.17002350218683837,-0.043192184307004555,0.4205883601280137,0.040365846044772224,0.41780659735111547,0.7258800140120791,0.1961603073889735,0.4130610493114316,0.29977479305803656,0.11376949917964363,-0.2827618393888026,0.19201422368575527,0.901585312946555,0.3499201744120506,2025-12-13 12:58:54
بطة,0.05430050675246045,0.8617821943158935,0.3978768854150069,0.43068409960495957,0.26862398956469613,-0.4761910174454952,0.4921441974069035,0.3610496172715808,0.262207482894407,0.641258888391363,0.5032697321935252,-0.27435692318348937,0.0763864137060617,0.31525652581904595,-0.054636373848220066,0.9662309375219503,0.7064985054894741,-0.4285872721863452,0.16952050592867618,0.4436850815894269,-0.1656223560659117,0.3365150979416709,0.44492867371725475,0.14131828966871363,0.2564085025312699,0.3502527986825593,-0.07357980986735035,0.2178104156585512,0.6091393329272872,0.2146165801267278,0.058449100249210906,0.10445173560760823,-0.4464408680299795,0.17363270833551903,0.3321649444973187,-0.2937933588356465,0.17927733317006012,0.055689988431653736,-0.259027875585489,0.5267473024129609,0.4155249463986245,0.4618956506013957,0.04061182533176455,0.9663628092309451,-0.1592489563929007,0.6227474544241864,0.5510621322867196,-0.33419712512489885,0.9182198267699128,0.30747667942599655,0.2699167182500699,0.07124742641188642,0.9654246894173426,0.31518274147710834,0.13295368009855857,0.21871815056226096,0.3628555361989122,0.6448326019239562,0.4360229918621875,0.4520923968336489,0.6748340133721838,0.5170498844444463,-0.3842375064229534,2025-12-13 12:58:54
قطة,0.8689396631087064,0.5199244780345947,0.1686182876659773,0.45985288226399623,0.1560290952958423,-0.02346014618240011,0.12960522936512886,0.9620475669153685,0.4222066428702024,0.2283901474735599,0.04418267916285512,0.2917667946361806,0.8673951246083924,0.9410761165879381,-0.08975131276058756,0.314564720187423,0.011851951072881173,0.015368375118872346,0.25850471292054567,0.9913454725232063,0.4909089790208553,0.07669333358541142,0.9020699771001498,-0.4628602228221411,0.4558650823457645,0.06796291782226505,-0.3319648490348217,0.7747222458000231,0.0557442838519393,0.4754657365217648,0.3507624285306904,0.29092394671706523,-0.19390232268606467,0.82911283369848,0.7975442154546142,-0.20511930203450668,0.6703978406433359,0.6373076579604181,0.46139507827250725,0.13383612938923428,0.9500033229425687,0.40263904114481297,0.6087672728864735,0.37126320816067115,-0.28281729398746136,0.23926237390200278,0.21765010124130935,-0.317210641938079,0.21766949327105,0.021832676401271733,-0.055131278863651545,0.022887787229608603,0.7693734609483956,-0.22201260309129944,0.48815718235183325,0.6586037668364288,-0.148993005658548,0.13290876264335993,0.3060109666872318,0.12741304792079766,0.9319988733338761,0.19888738283288987,-0.28390849760258696,2025-12-13 12:58:54
قطة,0.6482589713612175,0.6257092082999468,-0.08551350876110342,0.37429085882027746,0.6892831758745118,0.17901680910908147,0.0952297960324332,0.2031260376900843,0.14939836120502736,0.8266511762033149,0.3397158983246522,0.11675189648926243,0.9292296608664491,0.7842821622451296,-0.37274892853975017,0.517140230306276,0.6725365440680646,-0.2225932889041381,0.23646882791768054,0.6691036038478183,0.11730853047339018,0.14949241753112807,0.1151810042576018,-0.3662182310062845,0.2371248459506592,0.09210559559837883,-0.27912549333866965,0.4010178206513618,0.7409419153428527,-0.36430995520932363,0.32474181279724945,0.07277646613693489,0.1492336392718948,0.12295663340637086,0.1656165115696384,0.3602396434838572,0.6530344590504691,0.9522897382254162,-0.11341423332870104,0.6277928306722703,0.6873586439113959,0.29505156441033753,0.230678259123421,0.38448205444132455,-0.3749289076542319,0.5660554111413609,0.35764652975241173,0.027360775439470908,0.1624096535849,0.24410593081626752,-0.49496509314081827,0.8209115473194383,0.8339789298918707,-0.160859889668311,0.9789954930952849,0.3293414848320645,-0.07937692135747398,0.8586489369959093,0.81540749363944,-0.1319009139562538,0.6989503039997178,0.014593862669418312,0.2866917391924567,2025-12-13 12:58:54
قطة,0.9415554620402639,0.9618059784070055,-0.49690258147672905,0.05074794398925897,0.038547979652197806,0.02191700494441795,0.5435845141113073,0.131293197551689,0.2363670075418265,0.048855319528016805,0.35874697015953394,0.39750388470673725,0.0011302940977820919,0.9884360333753315,0.11485046354987061,0.48055773253378375,0.7343431753749253,-0.41806771638625617,0.14445556957625605,0.7861006845117161,-0.30189211397825666,0.2924573310642281,0.48751973507596635,-0.11676825845243544,0.5638372149768448,0.862371899935324,-0.3173964769268558,0.7190765431598314,0.07317593859096283,0.07960300306374235,0.8018313370666182,0.7594420005841237,0.30616857452276414,0.3821261117887569,0.7352869616547055,0.019759882644575177,0.8793065853327882,0.43437752072074964,-0.30832984004653685,0.7955518018078622,0.9922249710619965,0.04632782801820401,0.1578729551571777,0.830986615159127,-0.18867702693729305,0.5504607123322046,0.8831762748103774,-0.03723485533263293,0.6272498755623794,0.6989811902430172,-0.2163326632119762,0.43680419103954904,0.4936364183854334,-0.02286802208654748,0.0775754310883301,0.2720228964050577,0.49863557907035827,0.5031107839381823,0.26709217218838865,-0.22070948149086367,0.07582733036659839,0.9597661663609237,-0.47210914490674705,2025-12-13 12:58:54
قطة,0.4820459314217602,0.3525915775326979,0.3231614148706865,0.9314032894828682,0.36551673120080985,-0.29891335312484335,0.8256309267791234,0.5110485213644816,0.11341635345503953,0.4546173730512839,0.320542290040427,-0.1618741720397796,0.25655233288803514,0.5549259423164508,-0.4731206039613407,0.513594643517174,0.005219783291903424,-0.4532794843787201,0.7651490393039801,0.6056666420806434,0.13086859654413097,0.8747571502166985,0.6807531319551866,-0.36713257759244655,0.0804685608165453,0.6159272943778451,0.4053407814929497,0.006978008852607243,0.021495808724937615,0.21215371875090006,0.03901461170192122,0.7102046586762604,0.08075083079179979,0.3088486758103858,0.12428703138748398,0.3191794964295105,0.30251277111480046,0.24637167156361905,0.3655427444082253,0.002397601183692366,0.028919099952503413,-0.35541146260366574,0.957202686260827,0.5976496958671252,0.46181026898495037,0.7548122457503288,0.28026799232727584,0.16716725872754357,0.24871953986541895,0.006214231866953024,-0.413358497001143,0.496561594496856,0.23510302927909865,-0.24211670462109625,0.017307656612789102,0.5273364190114863,-0.3063084646337634,0.7990575031565545,0.7638136348910396,-0.2565406231645555,0.21293525999956842,0.06504966483693331,-0.08343242847718302,2025-12-13 12:58:54
قطة,0.9046105184439464,0.9363457351292547,0.33784659596304856,0.07489123176262358,0.6797098512372517,0.34368513883025487,0.5704098988368864,0.9116031663729787,-0.4280602170934984,0.3889246528729411,0.37537182585313833,0.11521258730453743,0.4259048738584076,0.3711527643921281,0.41176702390448416,0.8417953702122526,0.5100629776348092,-0.2051040476778051,0.5140100510685331,0.6602259947081099,-0.47483675695448047,0.32602769857818026,0.5667020119301749,-0.15173009423316086,0.8588092112335011,0.1445472730694748,0.050215509197101826,0.9046887822897038,0.3774635268227904,0.34620319619998374,0.25828935470202985,0.0980284896253163,0.17807802150994267,0.2745098067401195,0.363386841554992,0.31719579352375704,0.5992155589961852,0.7491822129623077,0.30086333883569405,0.9504845731954444,0.16706811847381176,-0.03555954771771841,0.022472055327978246,0.5198003520714994,0.24121642703258295,0.9258009488511283,0.8226704333109421,0.2914323877211781,0.320116617970417,0.9294511334051253,0.1397391336402275,0.307020936353697,0.7869592256143328,-0.45999250509357237,0.21950722766714859,0.8815913234991672,0.3642779003735347,0.6506045063452363,0.09913323037140975,-0.21170835994941084,0.607044516480057,0.2706898487377125,-0.2781680257826594,2025-12-13 12:58:54
قطة,0.8419905022991192,0.9206446212837294,0.2929583223652604,0.059354740290413543,0.004030876664089966,0.4777090748152447,0.8522734279081164,0.4377914460206843,-0.21234152181093024,0.33647792192558923,0.6004533024502757,-0.3710633431030439,0.3465406663477668,0.9341671133354479,0.4793481384396715,0.77445330264379,0.14324615420340248,0.3923452551894311,0.8794355991315417,0.6113083940090026,-0.20255601824897151,0.7702800418807727,0.05335762954274592,-0.3193711563237591,0.752385677491665,0.2806595623333591,0.4630133050306633,0.2656198534222549,0.85817262058666,0.10912513324850082,0.4173926472403371,0.8688854401400292,-0.0954040818534716,0.32104367221209906,0.642864253901533,0.36788170119130614,0.144383807204146,0.7531358153537225,0.4197793566007131,0.6667483062215321,0.057320518993174585,-0.08768316803911391,0.181463881616441,0.3757808024085001,0.10056025069005126,0.7041701064107699,0.45731978166101095,0.17790846132448423,0.698789700176844,0.3277852894504575,-0.42569464038377414,0.5876453921839433,0.9970142927049838,0.3026600807095775,0.19168916788244295,0.3330865966528723,0.21343278658553455,0.7631599900467854,0.3201974708269131,-0.10144948364826434,0.4888045877658427,0.256450084827731,-0.433931414006293,2025-12-13 12:58:54
قطة,0.712275518903048,0.9077727720063773,0.3243036106392264,0.8592457908016933,0.1724886025212512,0.030579932345948135,0.7150208821399695,0.460313864850445,-0.047263954611720504,0.1460341009455538,0.5473163212660923,-0.15717187411172195,0.8136861218277759,0.393079022628231,0.36381655551618675,0.5838996551107333,0.2193497859190422,-0.13924776890857293,0.6918053922925573,0.2842420648073569,-0.2935626444543723,0.3235273227760723,0.802608781951592,0.3607488389889082,0.23490679799976433,0.69442767214109,0.15751014922902218,0.02883742077989837,0.976856713695115,-0.2393878858523889,0.44163058504103725,0.977416751976028,-0.26151879417175117,0.3158768055774399,0.7086552676679235,0.24559633835008732,0.8783074701811336,0.3976850830009018,0.22374525223776243,0.713704179372201,0.11888008183420384,0.32835893199779453,0.21928304989703173,0.18383097543437132,-0.49238880326361356,0.03192298055113063,0.8531732743768952,-0.4747896253315086,0.41224590320467047,0.312119988994111,-0.33542591938600297,0.5656045869730654,0.4868217355010813,-0.20588213886218498,0.5457961665902052,0.2111859633345191,0.2922943749129454,0.5185510723136788,0.506277900870941,-0.4831333843238984,0.7978322418593372,0.33171646049136905,-0.4461418158120698,2025-12-13 12:58:54
قطة,0.9473093181337683,0.925516843708031,-0.1151233732782273,0.6629832176682838,0.3390574688414131,0.2881704916006609,0.4654438625897551,0.11663711963974055,0.3443781532776744,0.12697415818078206,0.30283209234584285,-0.33767651634290474,0.7380442505711285,0.036802889630148106,0.11102856563462637,0.18555249467874635,0.2473819273269413,0.12266872316486765,0.6858247849125397,0.4965798414419341,-0.4308645809772844,0.6362882398268735,0.23491652618254233,-0.27375170099549895,0.24528379567112613,0.24400338027381518,-0.33097316423318723,0.6922776755173075,0.5816662149163283,-0.2630788314390674,0.9667799564576076,0.6122793732922469,-0.0350849136191993,0.6890626978260377,0.2890260097987819,-0.2103936441324865,0.6661945012573328,0.4524282392590254,0.33428080518083436,0.5261902380937702,0.23786300682832695,-0.03922093187856868,0.8058994258765803,0.7059144422720186,-0.32201550650667543,0.7256847699356355,0.6875299688188633,-0.3493908585305817,0.39182100903265626,0.6429147116387475,0.3901823428533431,0.3930995664301319,0.7359424159564616,0.04796696347016427,0.8971159023794795,0.558789842593926,0.15151668445999578,0.06438437544513209,0.02356176626548978,0.09318823237400065,0.9740882916703362,0.44785664947902337,0.07042564942232976,2025-12-13 12:58:54
قطة,0.2398840430336614,0.22319171636469626,-0.24804037022511938,0.2462112092830676,0.2545857724203905,-0.349960832546783,0.5231324911864089,0.5396102291480208,0.015803306565167707,0.8290363155815927,0.2910762249448341,-0.3414812659655708,0.47235170360348044,0.5649865883424856,-0.4933451479767549,0.12583278851878843,0.7822361121635576,0.2917242344738358,0.714922745596969,0.08032509360937501,-0.25309410910302754,0.47624438020283144,0.7033658962523552,0.2469102006435797,0.15608319259919956,0.9837730627846191,-0.11413638783870772,0.9839348162507461,0.23175945356693628,-0.2698558752589221,0.92886373520022,0.6302988879499191,0.028762118600298647,0.19061004419167715,0.05593951746630588,0.187417818277823,0.6147638777143059,0.20308659330604684,-0.2225691843264317,0.06488077107935852,0.10993924789473819,-0.4573384893526363,0.9219693060118875,0.15254348094722137,-0.16887134286300964,0.27829892794846434,0.885949648229205,-0.004312341088527183,0.7878102833857415,0.7021116522345779,0.42704870268034745,0.7296558108138684,0.30668333697424655,-0.2658942242011999,0.10752877949288275,0.8717369135826294,-0.43192418391635723,0.8898012108281333,0.3926550313224261,-0.2913334846738599,0.2151984297175913,0.20920763707048995,-0.05157957142209313,2025-12-13 12:58:54
قطة,0.922917733832931,0.33610475341814927,0.010923921340157627,0.06711355287730125,0.9425688829953801,-0.34838971571574484,0.8702697351118107,0.5466639724753624,0.2241920193826763,0.15043198508442523,0.9641215006838194,-0.37301754365504625,0.6812944529081425,0.3286582917513856,-0.05462108481500949,0.3955108018598854,0.6260549816858365,-0.2855439990227311,0.04171603206973118,0.2688714878123498,-0.14971499671814703,0.5586653233945428,0.08073233342183805,-0.16104161184038945,0.26725965918110384,0.759887817434056,0.038291067366578946,0.3760154228656539,0.57557341503821,0.10932769373310469,0.39453690766035243,0.8192066028917161,-0.1026967593931436,0.02103139887141603,0.895011206262463,-0.104709766038801,0.8827500708889466,0.4702116586115562,0.16036598933168478,0.3496391962073845,0.1636618174779958,0.20346545860951237,0.7133012863606505,0.1941245287525395,-0.033200268527893706,0.5307923010939108,0.8093922951969202,-0.07759624436642854,0.9574679185590739,0.6924551403377989,-0.38845229460944564,0.9264256892423779,0.015250724381322245,0.47019269223424975,0.23299066677356817,0.8166134328084548,0.12774782986029254,0.3973493932999609,0.6736455302578177,0.21692505920028693,0.31390071871340997,0.9063183947742725,-0.17214209227009292,2025-12-13 12:58:54
هاتف,0.3343444841473141,0.43970114952223527,-0.04986068627014506,0.4222539886004114,0.0295934730554247,-0.12715053502731366,0.1676992562541143,0.6663471031502985,0.41814266698624203,0.47982005681139595,0.4695678636904206,0.4132013330313603,0.9283332383648164,0.8980119617486295,0.23787814677146002,0.8185977515739448,0.6565571341078646,-0.12502969795775698,0.54053838685361,0.6170487983714671,-0.3192662703499617,0.8323861459722263,0.3757158765603261,-0.00820528556556921,0.7842338667399481,0.40214635830033474,-0.008865902225229982,0.28375063926423316,0.5549075277721348,0.08438253470620594,0.11365085845762946,0.20582728452654497,0.20377779758849168,0.5039895542742605,0.38976859971146816,-0.15044362330795968,0.9329786369948286,0.47801462397385175,0.07594685651405753,0.42619550414212204,0.3580444881557594,-0.055733484157374,0.8989367191236579,0.8104345711420086,0.4763685773217954,0.10192974561049617,0.9694170723725284,0.3517742566139932,0.42762645950917266,0.07956551502239073,0.21433555019165518,0.650152595271658,0.47655743248107096,0.23387061384164232,0.9550452668909463,0.3273678330806288,0.37220600339932486,0.6292140549500571,0.35888582971646954,-0.21005554939838045,0.7205879778231372,0.11945707660792892,0.19763013714276412,2025-12-13 12:58:54
هاتف,0.28779691443340294,0.38102213236037263,-0.1715981118356823,0.6401899992687812,0.4147509370336844,0.11308428238385693,0.7816877090139369,0.5582389545945321,0.47241558175710585,0.6196509778884008,0.39977456268253364,0.19728453786848332,0.39704988823863663,0.8373355753333231,0.03162966490439889,0.27771361315658083,0.7426008988867477,0.18444653423791013,0.5859225060785347,0.3481694138496868,0.35826809567615137,0.42355454382028834,0.17095002284911964,-0.382508791017805,0.6511629443958384,0.6021417549372517,-0.2835249727703665,0.7440766240186134,0.3869744067036913,0.4195850973163876,0.06263678852753296,0.10754204147805524,-0.05104893427782409,0.6041525462084576,0.2301536611644467,0.1506495819170296,0.039088799400077257,0.3463132670439467,-0.11009967740234905,0.42338552191376033,0.5055095208429242,0.2937797582062872,0.45892632574799774,0.3864609175156868,-0.4863217142710665,0.012679528959235076,0.5695168066054584,0.013224181449734806,0.10128516922991104,0.9987370748529234,0.45790703346333594,0.3587713811516442,0.10798283503767858,0.11024029349153519,0.7843774961939654,0.6917234334448307,-0.43522375387976386,0.541953932234994,0.30306715091421776,0.06011918871824917,0.18539724518859635,0.13787029373351067,-0.12868327074576447,2025-12-13 12:58:54
هاتف,0.38258661122204407,0.22517889102238364,-0.17189493407367806,0.0015357919708715029,0.2131287540421103,0.4181410231766579,0.38339917084316144,0.6114282380226215,-0.2532366097914972,0.7252177063751121,0.16382783909673992,-0.2687401176299429,0.39341476036410694,0.2636522421558317,0.4665552747306646,0.32720055573982276,0.8927978537040124,-0.2471512596914961,0.27156452832292954,0.27916037684118844,-0.43257458327127707,0.25295413497425967,0.3812913421863061,-0.4555108326308931,0.8265977276995735,0.5564933266780128,-0.2764775684860056,0.13725219844218428,0.8448044050196237,-0.21452968412083706,0.916453989586562,0.030189503280731222,0.4611786902341235,0.04059988508262269,0.720086264359987,-0.4741109729776759,0.43756548402758766,0.1576021551654213,-0.16021221393742524,0.8962895832403137,0.545453129812096,0.34916939700178373,0.44225050530811494,0.7643591496058147,-0.49050826551670124,0.7295091169135824,0.934038298496695,-0.47299054956568765,0.45388863662632806,0.8096311759659038,-0.026824224079486148,0.03268732339722813,0.69353975564994,-0.4711228612752808,0.6263950109327798,0.8243332478880847,0.26076227611303304,0.5262023647108822,0.8344698809335407,-0.4911789227616594,0.7470033244809755,0.6144573273126444,-0.27887548602705836,2025-12-13 12:58:54
هاتف,0.7510918569524959,0.008780305523985676,-0.21865189014117425,0.9948121203228403,0.5293196281854831,0.13675668978542643,0.10890337742686973,0.6483801294555862,-0.4654173490371114,0.2315425532923514,0.7577006900441208,-0.14009262659280353,0.2191844215847446,0.9629294360137433,0.05970804727502044,0.2652718672702702,0.5801145794495716,0.24389412332272598,0.3618198350849213,0.9087835114708667,0.26039649582492796,0.7794644694179677,0.17862803993697163,-0.4578957027778472,0.048904400218390376,0.36287909728291723,0.27633793728101474,0.6013222227182621,0.4799360520430582,0.4484934476939416,0.05184461786561956,0.5313814444288003,-0.22143260371333662,0.859166617744925,0.7905928401101184,-0.13829348616795323,0.11933509552772703,0.6385435745350869,-0.23991276365075997,0.21523882698952135,0.5275254766795293,-0.379233464336004,0.5478987963009823,0.8243045996333507,-0.28939189487507655,0.7290819072650476,0.7664769628401226,-0.36261402317793523,0.6460505875920215,0.8135220444843063,0.00573945212056981,0.4237958443503639,0.5369194202863612,0.4662776576713924,0.7412028522529125,0.273701694608923,0.19826634115822384,0.14431952736990694,0.2354967908778457,0.36382468897039966,0.8773051915312002,0.23646142679083715,-0.2495956804118501,2025-12-13 12:58:54
هاتف,0.5390490455166641,0.35103361058603566,0.34243005046873554,0.6838820510306522,0.7738369126891824,-0.16310241504904577,0.5549106500376332,0.19662112813139365,-0.482793051275886,0.6919005911169323,0.6504588539194481,-0.202822040257423,0.9840151274173188,0.205397556838666,-0.24249844586213343,0.5947828145218184,0.6768279905104481,0.45900796005158573,0.47802828807288666,0.7677144863333448,-0.3362063203522123,0.6271015591325151,0.8299716822260035,-0.1623736931228844,0.9990737121798514,0.2510972807665647,-0.23838701513847582,0.5536688893509034,0.741082364549862,0.17581586847676567,0.019023884135645708,0.9505875475878155,0.2229049994418546,0.3211784364825493,0.9835678376595034,-0.2017252297294878,0.2903041541980639,0.08070456135783233,0.13969731098468074,0.8869118078962034,0.8836954214175761,0.31808416825100005,0.5569088237291966,0.46432965974669815,0.05412299090893924,0.3741163350868054,0.8981798232843831,0.15297015685808524,0.3970812736264926,0.8408613862717188,0.007610248427139199,0.18214845035095695,0.1953132565070579,-0.15676997392643421,0.10977689564628978,0.5058492348407584,-0.30958477381534233,0.9895785401501522,0.06314949002235937,-0.4589589371865538,0.3663350403657991,0.7512673559498161,0.025698201271942223,2025-12-13 12:58:54
هاتف,0.3645227576705876,0.14623018504951002,0.3966490463646818,0.6444609408574946,0.21795883391725246,0.3637043790008241,0.5985017176669232,0.15832920451593302,0.3353054315030367,0.8685804533009822,0.13233004358638922,-0.1790153201369914,0.9864952309245215,0.40522003339153423,-0.2762652444933268,0.5890804379086924,0.24923658284610883,0.2775972621556543,0.7913504125226345,0.28871883777761786,-0.09213868339858089,0.6963479681422052,0.5946327854471957,0.13489744341541776,0.44331016822439573,0.2789980589597796,-0.4896924754346996,0.14112423660833728,0.9817413298229041,-0.046302744319970834,0.05332291877199291,0.33156206559339574,-0.37835245261503225,0.22928866483715027,0.25833493556613407,0.37724390293289023,0.7496424204275878,0.8983480389257483,-0.2978402926716246,0.06558142040737303,0.3315501985504533,-0.4582542035184637,0.08322427009546196,0.24184560925557863,0.12255471829649323,0.6146629368090888,0.6685958421841399,0.43190679200601645,0.9758323447069516,0.4472561495865963,0.3172554024069666,0.9102290123108118,0.7120741768066707,0.390552817213929,0.045889046747186746,0.8914594249810152,-0.29220650652442604,0.7780002217114933,0.14180245658336743,0.4401017056016926,0.96340021513664,0.3018094868553023,0.06177954604453795,2025-12-13 12:58:54
هاتف,0.0903165577729631,0.02329572374709754,0.18787775215146751,0.8634330352607641,0.559014550167458,0.39651947177592006,0.5879388590444106,0.4749815850533734,0.49144220689662244,0.38228190815288765,0.8114103802208459,0.37462583367582003,0.32973235965195247,0.8282003966353247,0.33152143846655846,0.6079317948244573,0.3586051384156287,0.4950004945172992,0.012618090070368959,0.31638688062348697,-0.11050296153897587,0.12026741563104482,0.06602956406701233,0.48074470894505383,0.30120811194967057,0.9375480801193813,-0.3408588481295022,0.7432907732984169,0.23684959170870445,0.29712322218128406,0.4825441598126945,0.645436751994918,0.29142665964420056,0.35322620237490676,0.41487888156303443,0.45485576643680137,0.46972461649807074,0.4994642880046887,-0.1697583150724825,0.12573367012494363,0.6127986431776433,0.0934704674545741,0.8088590411403795,0.8594109202349791,-0.011103679417682533,0.19065272334306427,0.1623683770105887,-0.2756647598762153,0.8776241386832664,0.19508533506991965,-0.006533419045249289,0.1160793638658284,0.3900755291350726,0.45951095706003764,0.48221015713876647,0.6020693540807486,0.22357908746218014,0.21494076314290844,0.8856815684393635,0.3368300703417879,0.8444933330858897,0.7223436648827243,-0.07437616536454295,2025-12-13 12:58:54
هاتف,0.6253911560043723,0.40553930224884616,0.42437396404638406,0.9763590756299725,0.6599675076480753,-0.45722276709442056,0.07078695409067437,0.9001590712657038,-0.3861016575916908,0.5771753997816368,0.9488354277249406,-0.427700415132406,0.9033730288037762,0.48742937166965705,-0.2933686661824254,0.7010144649652748,0.10868222403439143,0.2210257051607889,0.60547894325261,0.4022508387210313,-0.04583156062739524,0.30480080333765447,0.5184325920746812,0.39496060400647703,0.518660123065296,0.8991182466462865,0.20696818185054888,0.08715622654445376,0.38464971675744,-0.3067101121206417,0.7183633362814843,0.6930710754879744,0.3525917408090249,0.772984130270158,0.13499989787060118,0.314889797630178,0.7134650008836302,0.4066150629673966,0.12317365392149116,0.03273722408764268,0.5730357319635672,-0.053401130043649436,0.5011286295562662,0.0034234000701173217,0.20177490887965188,0.47001168214635947,0.6653852517034086,0.15282017259194025,0.43805935269854557,0.41621622626543675,0.15563914773364496,0.004252604153821782,0.9502016815131309,0.006436025916262023,0.25298368007298766,0.8888292982751367,0.17374760828164537,0.5932616875761596,0.890557784085609,0.18361418262407225,0.6918546269895933,0.14985014426593268,-0.2491816946440435,2025-12-13 12:58:54
هاتف,0.7042303602507435,0.9278915905906183,0.3300914594261205,0.33061250031248823,0.4179088407733713,0.4546863797289068,0.6577949828246142,0.9526986703999101,0.44393282139448653,0.6942743048612993,0.8440516684681596,-0.33328213091705117,0.6510954013996506,0.7187607902016062,-0.4475739805520077,0.19696487437583565,0.787229141822223,0.3156853433954948,0.7494785377298107,0.1269084905332437,-0.39855040375819994,0.9056467350268627,0.4307916389896441,-0.414724706245714,0.8668886228769618,0.6498300017950894,0.30105012748849314,0.5934715045622632,0.11951514517451611,0.34465666898688907,0.11646243354815744,0.7518059040749726,-0.38732990186070426,0.8681454390865109,0.09443436540879868,-0.3017403273501742,0.8834924305871585,0.1482567664257628,-0.3369494969707231,0.18422178097067488,0.4116916955236185,0.2640843863672979,0.9056573866737528,0.6517522072368314,0.4055754589165975,0.0652611335941542,0.2424620535855081,-0.026924421567719015,0.6910598999887683,0.9120592844685699,0.24945419134364244,0.6190816411438398,0.23766316923141284,-0.28878337051760805,0.8775863268624279,0.7459480880168439,-0.2980193161379586,0.3143785679151143,0.27034587943909716,0.25656661618238463,0.43023168649729515,0.881229771601828,-0.4722564687277082,2025-12-13 12:58:54
هاتف,0.9596834242242014,0.5877423808012298,0.031809397341715506,0.8894239679182443,0.3668241916276087,0.07240223645055466,0.4399673304042685,0.9445102531397986,-0.24680832678547415,0.7528654483907525,0.9410203954992757,0.38717194746656325,0.14529663452365793,0.979447633762361,0.4469671132947385,0.27992288730421166,0.5839774337217831,-0.048653331846514214,0.8063263884694128,0.6489936147694491,0.10172882224696655,0.10460818462345733,0.294897725666442,-0.35080591054399524,0.6052114327568042,0.2526532606977898,-0.4186406437866028,0.6361312479633972,0.49259756739868266,0.046564226272220455,0.17235806213183558,0.6494555205610114,-0.3200487735262423,0.767848203074182,0.6612359935168132,0.011661954080763315,0.00781591838050466,0.35014954652902164,0.009545332263129036,0.7649929478832377,0.0030301760298628855,-0.49068179408800006,0.33343581650134346,0.018789294037775295,-0.019777439453143586,0.36906413738447785,0.029299641718565472,-0.001702396365676595,0.9106290230877508,0.17319168279334385,-0.30139172004450854,0.32644781235643416,0.023607663093345166,-0.20451518516541967,0.8321400213444278,0.08843818157257244,-0.4061538982679317,0.41879854069424194,0.06599605785210083,-0.39945992694099786,0.5158042567988699,0.35816811763596645,-0.14678333428253276,2025-12-13 12:58:54
